id,breed
63d1b332f937aa0de02a3d714c31fd8b,border_terrier
c87d7b6aa6ad07a6af1fde957779c1c8,pekinese
364bbe6fb891f50e904613581d6cf3ac,chihuahua
582ebf05aa9ad5448a2cef5fe2e58053,chesapeake_bay_retriever
04a3f5dc6d985601f354ab4434645d83,greater_swiss_mountain_dog
209d8e99fc9bbdefe264bd4c71200b4b,chihuahua
92c2c86dc5ef0824884d25c81077da5c,soft-coated_wheaten_terrier
59e3b551d67480c6e59493b5f66ce9f9,samoyed
731ae3872320fb542555565038ae573f,redbone
792fa603050f93605bb6329092a07db9,rhodesian_ridgeback
a95e44d25232d5584356a86b894049f1,standard_schnauzer
205d07a4d180e8fad81b27f02436571c,french_bulldog
3af26e391f207a075751b2465ef2f09c,soft-coated_wheaten_terrier
8101b90ffae96e4a152ff3cbbe55a23b,norwich_terrier
7d8583aec106f3b016f07453772da998,norfolk_terrier
d6fb643ed203d7d01db9a4744526f2ea,boston_bull
f343a8b0d587a5f79c7da06732fcb347,labrador_retriever
e9d31fe3a42451dc01c6d2e15ba6ef8d,toy_terrier
556daede719158bd83c4b775844d9bcb,toy_terrier
150a95102a32d2f099b02a445442310b,keeshond
65250c4f093b0a82d682b11cb7c4bc1a,black-and-tan_coonhound
11a7275abdc2e78ff72c59e59189d1eb,blenheim_spaniel
04b5834c3a969c6308ce157c547bb313,basenji
372a1ff10fc425732b742c4f9ae13db4,miniature_pinscher
b4c4ee94372525c264fa01ecefb6d597,greater_swiss_mountain_dog
2d9d74365b727615cd8c026fb5f45010,kelpie
422bda2b195f032680d00e41c06b3e39,chesapeake_bay_retriever
06c47d61293f2bb51a94040bb4b20799,italian_greyhound
16ac25747d1a51db033d6461156ddb0b,kuvasz
a0581987fa74f323e695331abfd4537f,saluki
3c88c3f8bd67f1a274395e845414b4bb,old_english_sheepdog
9584bf3b986648ffcfd08f27b16d3c1f,basset
0169294085e94d1250587b38e4fbb532,kuvasz
648d5aa62cd1d3d2f264133ccd78fed0,blenheim_spaniel
a004e452a808e75b654d898cf776c973,english_setter
815949fad325d5bd758bd46c2bbccfaf,english_setter
f19b045bcf373d6fcf05c80247850d50,boston_bull
9b36711d6b30d9e868622cb2524cd4cf,standard_schnauzer
917c71c8931c03751320006ba9deeada,border_terrier
1d2dd09cd196f0df53134537122bd3ae,leonberg
43337a20c5afaf0cae4b37a7cdf5897e,border_terrier
89b539e909f580be06923c40ec11c477,pug
2c5ceeb88110e5fea161cae699aee8dc,beagle
66cc0caf5507a65f1bf5a339a4e285cb,soft-coated_wheaten_terrier
c8fca164680fb72050b8756b451873df,norwich_terrier
780c591e93d4799c0b53b98198eb14ee,irish_terrier
f831a464cc42602094575fbb18ff1143,kerry_blue_terrier
0484a6cc686a07e1edacd0fb44b1d965,affenpinscher
bbce1f2dcd7160bf39c92d9ace657bb2,japanese_spaniel
e0032d2cfc32a75f448d9f931f6bca19,rhodesian_ridgeback
058d4bfce39c9f1157ca4c1b019bbf1a,scottish_deerhound
2c31c24f9d7afde28a0d7129fd780c67,lhasa
f20709a67b3a33528b56cfbb4ef3237b,west_highland_white_terrier
dd1ec05369df96f7b53cf3a7db056e99,irish_setter
52f9b48b18953ba28b79ce6bfac6dc22,mexican_hairless
39514cb6234af581c66848d85b086cc0,boxer
bb13c838ee59df4d8d7db7e1b62bcfb2,irish_setter
44a449aeb15b049486849397f6d09cc6,scotch_terrier
bc198e31d0c17f265239d4cf515104cf,siberian_husky
8f9b37ee8f502bd3750f0e7573702f13,komondor
80fea72c9bc2a57b24ce7d7da4d959a6,cairn
583ecb9b0612f272a8be2e9960a09424,pug
8a81a9b6ef044de6bb40506e0db1d92e,dingo
d7413008ce8567c15e05cb6894ec49a2,bouvier_des_flandres
83217877553b0d7ba501cf416e4b7b8e,standard_poodle
6a373364046e549a4194f4a4cef1f77b,afghan_hound
99dcd0466a2200c131cd225f4fb60e95,afghan_hound
21ef8a9ce6af47485e7f8ef45d1977d1,miniature_pinscher
0f0effd9b5d25fdab84c2a8ae17d6deb,bouvier_des_flandres
27943110bcfed97bd1daa662a484d870,old_english_sheepdog
fa2a33c1dc8b39ad51738408b289a0de,briard
1b9751b9e60370b5cd02f62a383ec57a,norwegian_elkhound
2ea0a5df97a6dbd3a5cca32bd442dbe9,australian_terrier
fd8bd9ce34326d7fea7b85040510bdbb,bloodhound
a8477825497bebe7ee3fa6c816f6d499,miniature_poodle
7968fee6de08f19f2a783e5b9a8bd46f,scottish_deerhound
87c76585ab973f2ae3e6f20ba061db10,cairn
02b1c50fb7315423a664f3ce68c94e30,dingo
92362bf7e6ef7dffff3b8fd449b528aa,english_foxhound
0ba12512fa4766cc4f8c288cb3b9b95f,border_terrier
4d9bf5e93f2da15e811db580e39de704,brittany_spaniel
bd25f56e9d30f2659f639c8b520053bf,norfolk_terrier
cd00a72c75a1cb3a121a032560b47969,french_bulldog
620ac8fd7f604d91ee5692694dcee6e3,komondor
b106bb7f5c07cfdd55f979ae7a83a41c,malamute
5e8384d94474985bd73e9eefac4aedb9,saint_bernard
5bf21bb033d54f6d0de7380c15a9deb1,entlebucher
66246162973426de2172eabb2dc84f43,english_foxhound
1066d43c5f952120ec355bb56459228a,bouvier_des_flandres
1428026a4472cda58ad13233bb9ad64d,greater_swiss_mountain_dog
59e6c1bb2387ff5f32e6f86bcca02b64,basenji
a379cc5509118133fc0c40ad495e95cb,collie
3ec592f90014587b1c7730210a0b0658,malamute
4656d270f9b179fc428a8d10f63e61e4,pembroke
22ffe5b63e2afd0cb914079f09fdfdd7,basenji
880379ffeea97e48cf12349753838a54,border_terrier
103e4b4c0ebb0e8dabe6d47970fb546b,greater_swiss_mountain_dog
ede38d1fbd47fcc1c408fbd7f0084fef,golden_retriever
a4b52955a828aa7ecb06081718ad89f5,irish_wolfhound
fabd0085e9b6b9c83b9fb419e0a2b5b7,bedlington_terrier
509028dcbf11208ca85e439b8a5063f6,irish_wolfhound
6305b890b2eaa191700137b7f14e6fee,lakeland_terrier
65c0f97251e14cfddda723b209114f80,boston_bull
aac57b0a7685289a66eb1fac7ec2ed2d,walker_hound
6b5bc8cfaa94a5e025210255b099034c,leonberg
6a2ae9099330f8784283b7f16b014ee9,briard
e073b458a33cbfe9b733764a1246f52e,saluki
dad80a5e51ac5266dda64b922118e6b4,komondor
8c1f3220d32d79207534a062bd04fd85,kerry_blue_terrier
4e0eb4b31ed8711963c04e9ffcd2cdbe,whippet
69b282f3d9e81dba018b130b9eb2f3f2,great_pyrenees
482508d37564687d57393b42cccc8c4f,bouvier_des_flandres
c5b6d08c694425175f1c85be059a98ea,lakeland_terrier
1158819241bb6eee2c1ff790a885ecf3,miniature_schnauzer
bbb300ef4fd6a59dbf8bd3a041547ced,whippet
8c36d92a7e002977441fbaa2dbfc32bd,cairn
367f56ff7a3beb336ce41cbca60e4eb7,kuvasz
1cf4f0cb127327c2c84073efab3ce1ef,cardigan
6be3fa489b757dc733bfcaf6675b0577,entlebucher
eb921996f4cc09c35970d0c18a415a2f,bloodhound
b71ba77f52b28c5171c20415a25dd6b9,papillon
e7af8f590b4fbdca0779f5e606ef91a1,german_shepherd
c9fcc35552d72c6141aaf637a3fe394a,schipperke
936dad2f17cd6e7a47bc4a25ec0e0bb7,italian_greyhound
b1e5e40a1122d30cf96febd2fa974938,dingo
58d58b7ce35bfe51429fa6b18fb2d479,dhole
7e588e10f731d4f76f896e017dcdce69,borzoi
eb62cd1de3f75c74bac9941e7f6e8a19,miniature_pinscher
aeb846fd220051321d1295eb7388fe23,giant_schnauzer
bc72a2f3d71b51dc3e8adaca9dcd0dbf,french_bulldog
cf853fd31d054b54395a43469d1f49a8,italian_greyhound
c4fad81571f6010bcf6948738346ad16,papillon
a32faea2f67d4949761454e07437f9ac,miniature_poodle
5f13f3f69105c0e2852a061901bae0d7,english_setter
0ad3d66ba7b2d5d6d608da088abca7c0,welsh_springer_spaniel
48cc848583416c0bd4019a11b041f2f8,beagle
a8adb0bda1b90f78bc23eb9a320ac8a3,lakeland_terrier
38d6bc0651588a0a04480b918934a8f6,keeshond
f320c79c2f0df7a61cdfcf689f8dc91b,malamute
c66eb3e1eb11ce2482beb25b2a4095c5,great_dane
bef015f8b2a3225aa0ab4009bf3fd6bc,standard_schnauzer
79a7fb5f7c40be0c75331a0a8558191d,entlebucher
782669e06eddddfd3430858040ee6bab,french_bulldog
09037f0995111a413fd8e976f3680f09,redbone
6436d3e3d1473b9a30eaf81c11a20622,sealyham_terrier
e88140754690d2544c2684475cd4c6f7,schipperke
5558e25c7f89a21ea4f6d6e7659edc36,chihuahua
528d068161b1b1ad2109cfb90755e91c,appenzeller
4505c9f9ead58992ff0ded371e401ca7,miniature_pinscher
b3bf158af5af1610595320d4c78441c9,staffordshire_bullterrier
f89bc5490cbc1b17dc0be9c5bdd4f224,african_hunting_dog
3988b5461aeef5f941ec5fb16efdba5c,standard_poodle
a3396e27b0b6999be8bfff4d094392a8,papillon
ff8e3fa7e04faca99af85195507ee54d,sealyham_terrier
cd53fc1890f5979b0ed9d2c8b69a93a6,rottweiler
2c49f0018041256a35e4c81a94fa1f92,rhodesian_ridgeback
926f9499d8e4f113d2e9bc788c564f54,wire-haired_fox_terrier
6740ace5dc56388198108e179c8758c9,bull_mastiff
356af0796a079ee87656eb7b25fbf293,chow
5b9320d5a1445277ec2733f047f437c1,norfolk_terrier
0021f9ceb3235effd7fcde7f7538ed62,golden_retriever
dde1f99c744c9c5f3bd471bd390314d6,komondor
e297c765ac7e6c1d7c4657c7e72b1544,american_staffordshire_terrier
ca9cc76eca157a803c3459b34e722351,miniature_poodle
9a48d6dbf65a53d46b9e0b4557d7f193,staffordshire_bullterrier
51e0b77bbfaca4ae85cd3c5ed8190b19,ibizan_hound
4b9a8f1b3bef4e98e2bfdf0a073bebfa,german_short-haired_pointer
793c3e6ddbee03b56b350aeb3910682c,lakeland_terrier
5c676f6c9c3d01498c48980f1e6f2627,cairn
dcec7c0803824f23b3faa75257d0daa4,weimaraner
96d2d27cf5fe8af265e35e0cf2179fd8,dingo
a18a913cb80fdd9aec49672d08a297ea,border_terrier
aa61fa4ceb51d5c6d954237f4cedad7d,norwegian_elkhound
6dd7c63137940ed552e43f4b8c13d667,american_staffordshire_terrier
9513287b371865067bc3448ab4da646e,whippet
36549cf287a833afff09821e55a923d8,boston_bull
eb14b97d9dc86f30f3e12d8c6da185d7,standard_poodle
784874c8509f23230c93f1c6909e8945,bull_mastiff
e681969d4b5b730e9c93ce5e9d9ec9ff,miniature_pinscher
60f0b8502d8a96844061d2984ecff6db,collie
a5b4a427b06d56a3d3aeebda27b5639b,pekinese
1e6f959d5a68ca5564ece4301b9a59c1,schipperke
52e7f48e18a9a55da9846d56821d5f69,cardigan
4af4279fe2e7d81da962577848bce804,schipperke
8e43f265452b2ff6c99e69c27f590614,pug
5d990bcb3c5ff74857c8f0bb374067b8,rhodesian_ridgeback
ef68f5e897135b01ea02853efd8e8344,lakeland_terrier
2ff404cb6bdf5a20351b3db40a4584ff,basenji
8a0717f2adf56db70bf360f6464f29b6,bloodhound
90d3bc63d8ac5e4cd614b35459b469ea,shetland_sheepdog
f8df586a37584e859e252778a221391b,black-and-tan_coonhound
1d6a3bd059b637ffcb32b4b7bc4067cb,basenji
098c50d7ba4f07d9aba8c6162aa70b50,shetland_sheepdog
d58d8ea5531a3326f4467cb47bb05b35,briard
860f7e954b6e0a7dfbb39ac1d6d1cfb9,ibizan_hound
e4a4cb1f4ab166d24cc5215abeb327b9,airedale
1c0eec60d22d5e50a057f261d54523d1,shih-tzu
209fae9c9a2ec63321399a9b14ae28ec,briard
c648c75a66ac06d71242e46e628ad3cc,basenji
dcd8ee5311136967d14a2b4592963da1,afghan_hound
73dc86a3c003b9397060d38842aa91f8,lakeland_terrier
43e91c421c83be23a3156865e244edf7,miniature_schnauzer
92d61143bceb0f64e4630eec688bebc9,australian_terrier
887c620f29ed39bc5d8702cae6d47dd3,cairn
cbdc00279f7aa7424d7034ed5463ec79,newfoundland
a27b81688b013e16d73dd1cf7539d063,weimaraner
ed154eec8a5e855fabc7c6e37edbac1c,west_highland_white_terrier
6d7af0b8075fd13d63be35074d4af91d,komondor
68a753297dea58dedd5b1af1dcfd1f46,ibizan_hound
53cb3ed2547cdaf15ec7983d8325f007,redbone
11722136645ee54db58a0df76eae2179,yorkshire_terrier
80fc19d0a8dd3ef1cfabf0525efc3414,norwegian_elkhound
95b04ef45b853922685ba6d257fc2f0c,japanese_spaniel
a8a8c1484c0dbf38493dcc941907984a,pembroke
6cc02e5764a242a9d2b6469ef02eccd4,saint_bernard
d5a99328bc26378c55e4bf77fcaea3b1,lhasa
385dfd666f34212de5fee77893fad23c,standard_poodle
c43f8987dc2992971f4316cecc4cad73,norwich_terrier
bd58517f201e88d3726593341f2482e4,english_setter
2b42884366cd108df865e465d4b65e7c,rhodesian_ridgeback
80946c19de6a1bb636cf04f2b2e821ee,malinois
8d8cc902a0f1277b78d1a8b376083999,sealyham_terrier
fbf3162c4df3f1a527cb0b26ef062704,australian_terrier
a2d67239a3ca734a0d30fecf7047e649,german_short-haired_pointer
f7f73ba72679f35d552ef1af03c63bf5,lakeland_terrier
a0e4125ece19a96d65f26615219bdab8,kelpie
5b7966fe64cee9045f75fe4226924465,airedale
8f8ea6a2db06234fcd7368112be96c47,bloodhound
91e2c8d330465c87720a92984675dc4a,brittany_spaniel
7fcefdba3fd6402705bdf39258177d42,scottish_deerhound
40209815012be281287091336c9d6223,saint_bernard
02f3d5fd1eea0a2e6f4742bc54b51ba9,american_staffordshire_terrier
bab0b97cc5b817c669e10fe2c3a5a457,miniature_pinscher
980657a2afaf0fdd549e166fa899407e,dingo
cece87e72f771598e2c4d401d41a63e9,brabancon_griffon
b851f6cbfd20d707f7427a0278913045,malinois
78bd37be99859b01540f48a5fd327c0a,pembroke
88f1fbdc15e7da1c28dfaa6b8cc01ac7,dhole
729ed4ed4ad5e2599ce8a769b84a4c08,brittany_spaniel
1e157be5512667b3f4476253f0acf333,appenzeller
24968d279159784894314e7679c934b1,silky_terrier
e3b8f3589a7286ebe017300bf780c279,rhodesian_ridgeback
6221f876c6b1ced504ae63f761a21061,kuvasz
8a2fb8dc69a446d004d113ad8bbd0366,sussex_spaniel
70d08414060825704b78d7001ce4efe3,irish_wolfhound
4ba13e246563b8393a4adf62ac8667ae,cairn
730ae835633470f2c55eee0a61179a15,doberman
0ba0f44a7f83539a71e4d74f549c8be6,bernese_mountain_dog
2eb4b684bb0708cabcbc15eae72a539b,newfoundland
685b0a223c6ec08677df6800250d8cfd,tibetan_mastiff
153f0c739e9049612a62f111b9519429,norwegian_elkhound
23e80188aa0226b27e32dde1c819ee4b,leonberg
474a63cd6bd1e670841655cf3fa78d43,basenji
84b612a8e43c6debbc9951cb24ec9ba0,old_english_sheepdog
73116e462f2e1c41ca2ced3ef35741a9,collie
8d4b28ae56c225f870139cdfeff5131c,scottish_deerhound
51bd1f3f5bc7fd640c6302e3188346d0,lakeland_terrier
3417f5bff1abe1f89a98a22d8fec04d8,welsh_springer_spaniel
245b83dbae3358970d81604b98871d55,border_terrier
9f7d5eb41b3bfb57db764b6d6049da3f,appenzeller
c7b614f768b8f540ee3b77964f13852b,schipperke
3e42bccc11b30acce650a703caa33c98,english_springer
7035172c071b6774e427e923078549cb,golden_retriever
b66b6ff2ff16c6e746af3ef624e471f1,bluetick
d99530d6a2f522178e3dd6acfcfe1e75,welsh_springer_spaniel
e450c72e96ce47b6c327c671ea8e85c0,west_highland_white_terrier
f7564622d2ebbcebdb2eb1f150dbaa95,greater_swiss_mountain_dog
1392df2ceab56cdf380813987c7c9ba5,bouvier_des_flandres
174878bb8d33d52381bb3eb36dd1974a,staffordshire_bullterrier
fb73518d7dc9e11b00c978d23115b8c6,bernese_mountain_dog
5fb2dba9804a9b00588e669b287b19f6,maltese_dog
68b359736db9580b8f7a8f0a17d758b6,scottish_deerhound
f922fcb519e1f55ca99e8c3bb9e07619,australian_terrier
6fd91d9b93604a4b156662fb1d763d29,english_springer
1e7a5a361d584ce7bf21bf608483515a,airedale
21a7245032ec610d7cc2e2e2e20617d7,irish_water_spaniel
4bb8d3ce941405a50a75b1a7b3b831d3,beagle
b2260bbc0d9a999d6e886bc271da6733,norfolk_terrier
2b91d80384844026e7c81f40cef49403,old_english_sheepdog
25d44cc514ac6625b1ea11ab91b4ba2f,lhasa
1feb929715c1e47b1cd7f6442ed75e51,sussex_spaniel
5e165d56d2d030a998cab05375f7d5eb,basenji
ae0cf4a8076e52a04632de2b8e9a911b,maltese_dog
f9eedeff3a54f28301468decc50e3def,curly-coated_retriever
481f8e13336be2292ba30c45d14daf55,saluki
597734611eeab7de4c7cc1832f1fdd97,collie
a77bfd1136d119f59fc87eae105874c2,bull_mastiff
4fabfde26c88a99d9cf8c9e4b24317b9,leonberg
5db15139f4f82e42088eef5678f0ab86,malinois
cd7ad93d62286e4d6ecd2c2c61e0bdaa,scotch_terrier
927d59ba35da645ee6b17bb17ac6fe31,miniature_pinscher
f75b457706d15d23fb803e2ad7c66c40,keeshond
1e44a9c130807d1413e7d9ef052fb338,border_collie
53d274d882f91f05c98504891d353b73,entlebucher
f901b7392fff2c1c3991bb8f7b31bfe3,irish_wolfhound
c8819f17b98148a141429f21ff3753c4,norwich_terrier
13b1ca09a561661a8c1a506d49b8dd83,groenendael
48ef9a23f06d758bae5524d57d2592d2,pomeranian
917a2bfef2b7949073a246443592ee50,cocker_spaniel
201c8fbfb1fce7829a37109d787eedaa,standard_poodle
f89759123d85d4135ed4bdce6923ad6a,toy_poodle
d247fcdc9fe99f9d151e32fbd0df6d73,cardigan
9d171901854b046234bde698045b1044,welsh_springer_spaniel
3f16503c0499060c5d31695669fc4e69,border_collie
a10abeea4e3b11aad2b005fdb3aefa79,beagle
d5b91a7590c1510b727e1cf4925687ab,silky_terrier
5b034ef5ad48600e142e106d33cb6591,keeshond
b2c7527d2688dc1eef6c31ff9e6e2395,borzoi
ef71aaad573e1e289ec9ce92d844f96a,french_bulldog
88f31da888f9a8007165cc1830b63fd7,silky_terrier
be5304acd0cf03c1a64f12622b8605b6,shih-tzu
ee92839020f1795e7eab77358e2528f1,sealyham_terrier
f7a5fbcc43b2e0e09fb25cb78a37094f,bouvier_des_flandres
532467c07fa0a246a136bff2614b6ddf,eskimo_dog
7332891f534fdfc75dd133048af1d562,beagle
d5b98aa5af9ecf0987b25921ee09ccaa,french_bulldog
28353e057b0f67d44cb95baa708688d8,collie
933985d766d5a834262127f0d6f5d8fd,english_setter
5d5a293c8ebe209ebebcf0910c695ea6,miniature_schnauzer
24dd4a64041954187c1eb54a20d0f279,entlebucher
83b1020ad3fce7d18c4699dd292a3c93,scottish_deerhound
fc33f90570fc8502e6c3f83a6bf3b982,norfolk_terrier
8935b2cad46c4030aa0801ae1415cb90,malamute
cca773094173965bbd04f829eea6eec7,newfoundland
25d13706449a0e5bc89077b99366b448,yorkshire_terrier
16ca736a6ff68bc4d2d1586e8eec9b28,malamute
538670ae06458f36996434f21a94b6d1,malamute
dc1c430fe26e231d4c8e13d2ee14c5ad,keeshond
bbc6ea23db33da6d67f5b4ad9fcce758,french_bulldog
bf904a3e0ad73be75221a5fc271bece6,boston_bull
5d0804abeb6f079d8e4e8fc8d9891f08,german_short-haired_pointer
45b42a4fb81aba54bb9a36de37bd0724,irish_water_spaniel
79010e9eef804bc1fca107849c04b280,leonberg
e387ac130247a8a48e1a136d9a4e013c,australian_terrier
640f1942cd5d5217e6b54ab52616b964,dhole
ab193bb06012552321a1abb5ef2556e7,chihuahua
6a5ad24ea734580fb07830b44b6a35d9,brabancon_griffon
e19ef13146562537f75ddf4c447d9697,blenheim_spaniel
8a3a39dfc2cf81434f2eec84790ac62e,african_hunting_dog
1bcf108b376eefd24c763497562d272a,irish_wolfhound
a7927966a651971484cadea0dc318de6,bernese_mountain_dog
0b9fc8956444d4f5296ace3a4928541b,welsh_springer_spaniel
d8eee7c7a25bdb29844024d3451cd6ec,japanese_spaniel
edf5a678ccc0861f55342166e3190f1e,afghan_hound
61c63f61e39b32ce3a1be68c1b252006,west_highland_white_terrier
5cdd18e46b1877eabfa82bb4c40af15b,miniature_schnauzer
5f3dcd5e7d15f9d97e52f88563626111,english_springer
32d033e45db00bb90ce1b53589116de4,cairn
e8057e2f1e3bca4e9f4a2af48a9a9c46,standard_schnauzer
7ad1078b00eeeb636899c658c2ffa2eb,west_highland_white_terrier
34f88e2c07dd86d88988c061b7dacd1a,malamute
595222dc2b2a5c31cf281f2491e168ae,rottweiler
047d9a7dc7205c76e5487d6fc5f4a666,ibizan_hound
7b6f7284d435c071707ffb6c956511ef,wire-haired_fox_terrier
cb901f7d812d25844d524bbe2f64f31f,leonberg
85454a97c4e34a1249e0b8830a29c73d,gordon_setter
e57ca37ac086752c46e40a90139f9b26,bull_mastiff
fe7171353417898022361453894adf94,ibizan_hound
c4db7de5ca4286cebbf924a1af21bdd7,bluetick
2da57398c5baadadfc42a16e4905ae96,french_bulldog
3d78ff549552e90b9a01eefb12548283,black-and-tan_coonhound
04e3bb77c15c18fc1ac101d86d612f46,miniature_pinscher
c83eed4ccffa2bee4dc6098ba09a15e7,bouvier_des_flandres
27d675d26f650549558bcb0d2bb250d4,english_springer
65194fb265447aebcd3017705d04136f,entlebucher
f375e6363bc21dcd3cb65637c7855e9c,silky_terrier
c34297e6db453a12e69c2ff3a107125e,cairn
23e73ebc4dd90b6d9269bdf0c499cce1,toy_poodle
a33c68a84afbc249ab37d98425693d0b,italian_greyhound
cc1e070f808bc193b981e3b1b89d7173,dingo
d78b236c7c0016b7e6327e77f3728a42,black-and-tan_coonhound
6b8ab0a9d39a6c4c6ee7fe508f74491c,cardigan
d155359376470f2e707ac73e636eb5b2,keeshond
d59ca43ea02ebe2a0b5e626a12cd3df3,gordon_setter
04d2dc1f2804c748b1aa71954bb45d38,newfoundland
9a109338c196f95c4000a7c1b6478b06,borzoi
b5026720fe5e6ad751c68f3138fc3e7f,cocker_spaniel
8dc51b503e88122ad71dd0c7569fd3bb,toy_poodle
782b15a9d7ff3f9783a910eaefc18bbf,miniature_pinscher
8216bc1a318c351732e8430da8115c47,appenzeller
c9c0e4d197397dc8f210a397a063a42b,irish_water_spaniel
22c44ed27b40a8dc151ae65961c59fe8,pug
3bcfb0bcd983a298aa63e5f30e7d2e65,sussex_spaniel
f2f05d15bf695d5bb45ca909887230f9,wire-haired_fox_terrier
66dbb5569904a4ffe0c4ab8982ff71e7,west_highland_white_terrier
20b9d84a4255af601e26e11eb9f9855a,walker_hound
ff3b935868afb51b2d0b75ddc989d058,english_setter
a57247bc5d572abd95f1aea215b7de77,shih-tzu
b3b149700702da3865004745ef4f6001,doberman
11730ea41395edaaa3a80d757c7dd1c2,silky_terrier
172fcb0b8bbd67401c9e53e5f9bf39bc,boston_bull
e1efa8c07decd2fe9c807cbfe157b8bf,soft-coated_wheaten_terrier
17b6be0ff31a2b1e417f6a03cd3ba32e,cairn
8e06a294fc3138b2db92db326d017967,golden_retriever
a7c46b81fc529182e513f2328b1262b8,american_staffordshire_terrier
d480f8d24f1479f7669c5def4e3af118,irish_water_spaniel
f776961d52ba3a7112506389623c8586,dingo
a912ccb24c2ceb88f29f63a424805a09,brittany_spaniel
d482fb5576279496d6f8d72bf6b93d9f,scottish_deerhound
ff12508818823987d04e8fa4f5907efe,australian_terrier
d2fb39916010a712b342631075981c23,german_short-haired_pointer
c8d9ff63c134fdac4967815868841f55,greater_swiss_mountain_dog
9cce6280e5e2de7c87fc71995dd092c4,otterhound
2e8abb5831a8dbcbe58d4f53c20b1478,curly-coated_retriever
516e9ca19a0fd6c7eb5aa8566b249cb8,bloodhound
c86c7ff482a6f2c10b48695b090519e5,yorkshire_terrier
822a6105495aeaf5e6896d9c33b47428,bedlington_terrier
f6e186742c1885a3c4a66396195d8a18,curly-coated_retriever
4cd97f1b809763416ec831c997dbff1c,dhole
30d066233538aaa0830c0c19d28801f5,collie
cd9755d122a2b1cba1155e1612923986,lhasa
2875eb5e402bdfb3c5ad40f7dacb036d,blenheim_spaniel
d717947b987bf5d60e19ac963c548b74,rhodesian_ridgeback
0a1f8334a9f583cac009dc033c681e47,kerry_blue_terrier
7a5f80c109aa9333fcbd80dd938ceb1a,cairn
bb4a10d3e3a0e0a476d49553be9f9983,great_pyrenees
06d2d84b936225e6c853a0453cb9c878,redbone
1c8d84801448b2a5e352466257197ca1,pembroke
02a3edc1d6aae095185131fe185478e0,saluki
1a4c781b696cf2b51d9869bad308578c,ibizan_hound
77c4f20be5520f5394ad2a1e7181ba51,scottish_deerhound
3c3e2f645fa36df8bd4d2b4b5168cdf1,maltese_dog
776efe98bbf0cb040ec6c2d6515b7bc5,saint_bernard
7309638ce928e5cfb1585395b9c0da79,bloodhound
78264c18912a9f0236458ff853aa985c,otterhound
e9c694db39c5b8c904bf36c385fb171b,pomeranian
3c056788f5b2e4ecc500a5ee17256a0b,english_springer
bd3dfb3eef2ca1708cd9120a217f72ed,border_collie
5bb138bb504f4b36e2a21d1171508264,basenji
13863e32053e9735b55ba975ecd58cfd,malamute
3c0da3fd19060310581ecdebc356402f,welsh_springer_spaniel
66b1a3eb90d750b8739cbd6e74db13cf,gordon_setter
82ea6b590bffc55643a267a8f835a984,yorkshire_terrier
61abe4213b98bd50ec0e6439d34bb724,kuvasz
d76542b37390263a18c2c328e9d35125,great_dane
1369c16ecf370cee5e4a306eebe5656e,border_terrier
20d7b779380e37618be8a4e608f160e3,blenheim_spaniel
05719b998e57a11b863a322ecc7652a5,scottish_deerhound
f78e0f62a1b5aad9da3a769c59121ed7,old_english_sheepdog
b6bc2e417e8a8144c5de1822b5fef901,irish_wolfhound
0326344e0d5181130c28d25edd5627e4,clumber
726cb4a436dec4b66c87f1e78c4315e1,papillon
79ebb7ccc1a5d29593f913210c36118f,tibetan_terrier
baa740b07dfb86b187041dd39a2eef1b,boston_bull
114524d11fe49af5be43897233a4f65e,miniature_poodle
1f71ad688af967118708c855ca975594,norfolk_terrier
78db7499ee42192c475ba71c59d7a05b,entlebucher
8a1c01869f6354dc1e4f237db70ef7be,wire-haired_fox_terrier
9150cd31b05a8a2be35dc642ed08d889,french_bulldog
3c00e7b9995f27cc4c578f9c6a6a0a02,siberian_husky
11c3b389906a9302def1e873c9f9b6c9,flat-coated_retriever
288e71dd1a3d2fffda7647a7dc94d71f,bull_mastiff
d286e40e002940218197b5251d47e96f,irish_terrier
4eb323c2a00db7220c1dbfb77e490ed8,pembroke
bfd5b637965b0594c9b115d4ad3426d6,kelpie
70d64638456cc0f241a45fea9ffa050b,black-and-tan_coonhound
fb4dbb9921a74bb2bab11c10a123971b,komondor
9dfc8ee9665e1f2645eb7752db110ba6,beagle
e77a27e8f24034facbfae4b2dffd476b,labrador_retriever
09477e5059ebb15cad5f37fb3b9b1889,border_collie
6dfc0497284fd5b57c1c1916b18a6130,miniature_pinscher
7224552d70b69007559e6bc19f412769,labrador_retriever
5a77c52d7a56a0c397ac6a357c4df915,airedale
87a2b416edf49358251c500097885887,irish_wolfhound
f1a94cfd3e3c67736b961587e1795a1a,miniature_poodle
e86a88391d017cc3807cc9653a4a7290,basenji
6bab1784b0b33075e6d6f26714c1164f,toy_poodle
37cc1bed158bbb562c22682492d2673a,maltese_dog
197ec7eddccac0c672141018bd63ae59,dhole
2815f2b94d41c24a9bc192e2d95f5215,norfolk_terrier
b23d0aef01e57245cdcd4af901a04ae9,border_terrier
9cce979c602d678cb93a97f8e69a6070,maltese_dog
12c222ec2e7808183056af545a4bc046,west_highland_white_terrier
98dbdc1a5152948522cace80b264b3fd,miniature_pinscher
db19763a49f08e0e887b874be8c88e99,entlebucher
c228896e03be709a8950d9d839fbba31,entlebucher
4a33114753b197780079f7a074220e40,mexican_hairless
1bd64e555efe17f93bb21cbcd47bca02,walker_hound
98ca3754dedce74f75155973f1018a93,norwegian_elkhound
c8e967a80849bedc46693fa1b10d3aa2,basset
f8e53f2c3cdcdd5e42e7337d5b5156b4,redbone
31f6d961f3cd23bed7eb41149d2d95f4,scotch_terrier
1574f04538521f284218dfbf2c8678ee,yorkshire_terrier
ac1e8ca8dcdcf845060365dc00631aaf,blenheim_spaniel
2161472479ce09cedbe99ba0dd698428,pekinese
68c5aa08f27f2884e75820a39652cad5,saint_bernard
50c50de3f2fa733d729309d09ba2398c,pomeranian
0270276158566af50ef48b1284c998d6,wire-haired_fox_terrier
e08af1f586d3150e4cecb3c42668b0e0,curly-coated_retriever
b7f69b255149ea94edf291e0b6bf1bc8,staffordshire_bullterrier
b85bf8ae41f4d46370b3bada2b7d1acd,african_hunting_dog
0d2dc4f72cc5d6d26055989b217a2450,pekinese
394a34d5fa5e571ce435958562a90b88,blenheim_spaniel
015b363b062f602e7ec04ce28e640d05,walker_hound
9527fc067fec743019a444465358c23e,pug
60430a2ee9f4ed460fd54148904d8006,black-and-tan_coonhound
0a5958a7f6836cbe349a4cedfe7178a6,basset
a1a164808a61bbf0dd05ad49d6ff90d8,soft-coated_wheaten_terrier
a7478e4233a1b25de97d72c9b48f0c0b,border_terrier
2a21a6ca07560ad9cbda9d17cf975b1a,blenheim_spaniel
8ddbcd3564fa5bc83c0054c2d15ad30a,australian_terrier
e4a669bdb348065f7760d43fa3efa731,bluetick
91a5e8db15bccfb6cfa2df5e8b95ec03,affenpinscher
4edfc93408cef61336881d3016df6e6d,scottish_deerhound
6e69c90e42b91a4d1c32900ed1cfb96f,norwegian_elkhound
93a4a72783af7b60f3a00bb32fc6443f,french_bulldog
499174e0769fdd49fdcb69e235927bef,maltese_dog
20835ebd92c1401aca05f86e22799305,curly-coated_retriever
cf6e0ec97666cf8ddc3de90f1273ff4d,affenpinscher
d953e41d5f3e8ff39a48a48db4d146a3,basenji
4a5d7198332eb69e4414aa803126a7ef,afghan_hound
7b527da769b3609402f77c00e55aa83d,chihuahua
351f02bbaa4f24bad17cc1e83c39a0fc,siberian_husky
05a5e6f6b575688dc304ae72635db7b6,italian_greyhound
92cd9b84d46f409747f172060b45200d,scottish_deerhound
276b9b3db7dd30593834c7927d551733,basenji
168e2da635938b82819b8a45bbd3dd0d,collie
889623dfc6b119e79a931d34a1ec081b,standard_poodle
08149eb72785553570f74a6effea8d7e,american_staffordshire_terrier
74dd198053974e291bf436a0ba156ce6,west_highland_white_terrier
9347a734a6475b2cd88c24700260881f,dandie_dinmont
966552158b2bd4831994618a1b8aca0e,border_terrier
58a604f4ec2a831e0b6281bafc404ec1,papillon
fff43b07992508bc822f33d8ffd902ae,chesapeake_bay_retriever
c37f52e1a8288a9bf678b19f1e4f9bfb,irish_water_spaniel
276de3bdc93f4220e5b7492dc601cf5c,giant_schnauzer
ddcf9049e60ad86952d8298ee6ab7f58,golden_retriever
80c9bfd32bdc32998a926edc1b186d9d,schipperke
092c2cdbf133b201d7d56969bfbcc8f6,miniature_schnauzer
53dfe7838d43d0855f41cf2178b94dd0,kuvasz
27391c4f1f9b1e96e15629a4cae370a5,borzoi
fa6e79b065e3f95cf98430ed54700301,keeshond
6a835aa56954b3dee4730a9ab08cfda1,west_highland_white_terrier
361ee0c99407378068cda808e3bed19a,japanese_spaniel
ccced0593b697192b5e5b7f9ded1edfa,keeshond
2f812a0cb6977bbad1a167e1ef4ae2ac,gordon_setter
ee64bb93cf0e12fc0549b89083f9347b,irish_water_spaniel
3efc5f61379eb3003dfd0a8c88ee5afa,entlebucher
a4dcc34cf079e1d7312b8375c715bdd4,border_collie
4ec829615f7cc33a25c62e8f111db50d,english_setter
ed38d69eab73e9a66526ee16231f687a,japanese_spaniel
2c5c6ed3fac9666d5ef89ab3931f6785,australian_terrier
576697bcf5b920ffc43bacc427043e59,pomeranian
ae4431c09466aee8c31a707b6aac0666,siberian_husky
139b8328a97a600cceb73b0875f80a98,toy_terrier
b69a73af56dec1a60e4251b1f000b414,cocker_spaniel
67c04deaaca089fe1127faa09fdc0f9e,kelpie
a877b4bdeeb0b02ef99eb24f3faf6213,saluki
03e1d2ee5fd90aef036c90a9e7f81177,bernese_mountain_dog
ed9c22ad21413691f548f5d72e7a76d9,standard_poodle
36df2789dc1b014cc00a978e72c65f4b,keeshond
b7a1bcb92b15f5bbb11bd81d41115b3d,groenendael
a7b2a87a394fd17c848d2bf21cb7fe59,affenpinscher
0df3cd4042fa7c2a6e008a3a849a23d1,bedlington_terrier
48a9dcc2e0c6269b089d6b24a66c0143,siberian_husky
59dac5de103da223230e02ba4bb1395b,airedale
ebeb2198b1392407fc54e13a9aa7cd0c,schipperke
562d9af1014258c1e02c19910290b8bf,mexican_hairless
5bc7c08812c69fe00c069baea21d926f,schipperke
402cbbd8529a88b7d360a4b3803446a7,keeshond
af27e830588a16b0a0ae74d1170c2a30,brittany_spaniel
21e6981e660e8d7674cd820809505a16,whippet
122abc906f3215996cbcccf63c8fc89c,redbone
0964e161b379740955fa95d8d4c8697e,sussex_spaniel
d4a4869618c541244f4018aaac00a0b6,great_dane
1f80a26289896fac1169e49e02dcff1b,malinois
8bba6c2e3b2994c4e313d2c489e29880,golden_retriever
a93f96fb5fe9d5f0242a98656465c261,papillon
f20c9c183552b734bc3c5904bfa32d09,walker_hound
ad111fe98c5802b0e61e23cd857ce509,basset
f988f65f2b26404fa16698ed835ac08a,whippet
2379e29942819dcae1f1ea97446aaaf6,bernese_mountain_dog
bbcc126ee5c5105308e461de70709905,maltese_dog
420070fd60e17b1fb86ff3d9fa561c2e,whippet
f4520fd1cb3d76b7d36acdb63dd964ca,tibetan_terrier
ebe9a419fc7d2c67a934411960b88913,maltese_dog
bce16a980008e997450eb48c3cdc7581,whippet
7ff4b2ca80d0de43727ddf4c907980f0,tibetan_mastiff
d327e8ca5085a224a03dfcf4a6e984d7,bluetick
fa537c93c484404490f0bdd71c79ab6c,toy_terrier
6e3aef07adb1b8d08392e42fb1ad773b,dhole
3eda7915db371a5908b29137704004ee,samoyed
5c55a366f09d44461185c746f85993d9,walker_hound
8ad3b583aae6f2cd17f89e6384bba799,clumber
eb1f87344865dfe1e89717a7e82ae18b,basenji
3e9cb687d1ebbbce28360824586a0e0f,chesapeake_bay_retriever
6df1b9c450f3823c91131fec8b658ff7,rottweiler
7a98dcbc73145a80967e0d3471706cba,blenheim_spaniel
0685bcc6cdaa954771379d95d339baf6,pekinese
ba1b7aa01e1c871c5e3acd08b65516e7,brittany_spaniel
a5153e32a00c1461d9a2f778cb590ef4,dhole
4b5e166a87fb01064c330b50c8678995,silky_terrier
9e0da33733ad5b0272ac43663a8b0672,basset
1a8aaa3e469d8a07ad9f3d7667f7ca52,bernese_mountain_dog
be8c5599351bfc3946cd302da9496d99,australian_terrier
51fe643d54ba34463190e5a626e29250,whippet
06448bf4366760660b6a7611d93d7533,bernese_mountain_dog
ebb21cae1e6090f99253d83ea5fbbdc9,mexican_hairless
5335f60de809010c1e01de557d8b19f8,chihuahua
9f402226e7a3cc98cd08d1e508826cc2,wire-haired_fox_terrier
d96559602badf0d764001d19336a27b0,shih-tzu
b02fdd22c35b59fc509d27e1f5d02373,black-and-tan_coonhound
025d903b457b865fd29424916e42fbc2,rhodesian_ridgeback
83609f659965b2aa5d8c74fbc2bec49e,siberian_husky
65a3a8d1011f95e937d77e3a79700dad,standard_schnauzer
0a65ba3ab9b29c66e15cec76f34eca6f,mexican_hairless
e7518def797fd4193bebc97d52ecd66f,bernese_mountain_dog
911c794b5c4cde06d8eefa654c246351,doberman
b2ecb9fc9cfb36041e60d03f44fc181d,affenpinscher
f33b851311543ba4197c7bcb0ea5757c,newfoundland
5a8ee3c94272915b1595766ed3ac1fe6,borzoi
0f91c68e2088b8d45950cdde991f37d1,chihuahua
6f626925348bf731ed990937a98bf8d6,appenzeller
b2873c30dc20a77365b071d7dc6dec79,blenheim_spaniel
39fe853bee715a664a4e8c359ce1f070,rhodesian_ridgeback
dd27b4e1da87a6db84d1aa08f908c95d,staffordshire_bullterrier
69300253d18c98e9a1913e0ad978b885,walker_hound
ec34bb628f628ac8f0c5cd9cef6dc391,english_foxhound
52dc6c3f4dd61e96385498497612472d,soft-coated_wheaten_terrier
819f97c27a2f46f36a88d1e1cecd8e0a,basset
203a82da35da69a6517e0dce4d072071,golden_retriever
ad9678a1da7b9a05266ee1b0d7316711,scotch_terrier
6c2127a71adb12126a3900f00261de41,keeshond
8fc79f8c31da438d2ace564999e943e9,bouvier_des_flandres
08e5e75d29184a82a9dada752c9c4afb,chow
1b866ad9190f2c7a2615f9ccbbf8f278,afghan_hound
09d497888fd1e6745f67a78269139620,malamute
d1676f45ee40b1c585ddc56b2a63c402,lakeland_terrier
f5feb8aae47a107bc2e8ca4075286ae5,soft-coated_wheaten_terrier
fae43d1ff21d5a8847887f7c7695afa5,cairn
dec0bb81afcfc4c35c7c6790975e5633,pomeranian
b54c71c47f3d46a3bf72fbd9301de6fa,komondor
8e94ccf10370e5d5d49972353ade1f2f,border_terrier
3e576e8abce27bbe27195e5d832a7614,cairn
1006967db8c3d015cb0d272c4ae623a5,vizsla
2434d734f7ca85eb4733884ba23b7c68,old_english_sheepdog
1852241f20c06eb5d999cd43cc92bbeb,cairn
06538c8ad646eb2ebbbbdda1c8174899,afghan_hound
c615fd2e426968372fa662c94dd868a7,shih-tzu
1ca564d94dd35571de3b90d24c6f80ec,shih-tzu
66913fe7aaeedbaf22317d06d7a1d0b8,welsh_springer_spaniel
e4a159a9611f2025cecf53bf8e09699b,toy_poodle
f84d455704632ab197b47cfe4061da36,saint_bernard
3d673c2e756e8c6b1ed4f10acce17f91,bloodhound
8c1c53f05c07eb4f67c809855bc44ac9,sealyham_terrier
65930bb65a10377f2242987a59b911dc,ibizan_hound
6da4c7ee12790d8047e82c7750884780,doberman
68cea63f446fe8213395d3e4e3b8ee2c,clumber
1ad70c17e5e38db454ec75b711ce73ad,lakeland_terrier
13ee74fa50b3e32356047fde4fd993ab,keeshond
f9561a534df6add1af1806bfa1558fde,cocker_spaniel
4913dfba39360e1d1489388e1a7554b8,english_foxhound
5d8e8e1db789cf9a3d3b700fba76df38,soft-coated_wheaten_terrier
e550eb60eb9f908f253a79bb75c3b82e,labrador_retriever
120e665f7fa566a429d27ad920fc34da,basenji
486ae1ca61f84a930a58ece5d8c8d95e,scottish_deerhound
fb119fab818c9c46445105a0e05a1fbf,basset
eeeb378e507ec043c3a35ddeb05c8536,lakeland_terrier
c805222ea9c389d5223c08e30cfefc6b,whippet
93660caa9d048421c2ce42040b1b3e7d,redbone
7d5b1ca7a941ed0e9c0f1955c87fb774,wire-haired_fox_terrier
269fffc6762062ee4ce466204bac4d9b,chow
a6827689ba680fa5d3ce835f62ed1b04,irish_wolfhound
2a7b71cc59c791ce50e30fcc77909b61,cairn
1928d59eba4b9470a8fb79eb56041c42,silky_terrier
929558678c0d624ae801d9935b469ff1,english_setter
5addce54efc9422a4ccff0ec183a4dbb,irish_wolfhound
811f30b369697d11646fb5558589e9ae,doberman
203581bbee6e5dc08c511d236aae6ec4,black-and-tan_coonhound
2183b53d9b477c283cc4d90f37442053,shetland_sheepdog
aa9482ec3a28d952eac962c174e45024,leonberg
fbbae3a9f939903eb81b3d86ca4a8786,chesapeake_bay_retriever
40cfb9a23a2d77fe180dffc6da966de0,standard_poodle
0c9bac77cd53f1c6756c7581e9b0bd00,chesapeake_bay_retriever
eb5635af7d2f315b0f256aee4f41524e,cardigan
3a3813792b87e0288d4ecf70be27bcd5,borzoi
290d1794bc8b2df4911aa5cab3f7a776,scotch_terrier
43859e03ccae47c4c8016ff6a851db86,labrador_retriever
fef9c3ab585ad3f778c549fda42c1856,miniature_schnauzer
b8b7240e9e1872e04ed62c7182b88f4c,german_shepherd
90ba51fd14179ef0f16d537cba990103,australian_terrier
1dbdfe0bd41b5d1fcceada10ccc8c20d,curly-coated_retriever
beed8b7605a53ea93ca1fa8acfd13112,chihuahua
35ae06a64b2c3efdb34349fef73bc726,papillon
4c3308c8fc9b24bd7ed816b8cb0c4436,wire-haired_fox_terrier
ce35256ac863f1a40f62b52dfc107a20,kerry_blue_terrier
bc9ead907720f9b02024a23283c1c9c3,afghan_hound
5532877c0fefc8ee8767134b81481c22,german_short-haired_pointer
f3f01549c30b4d1ae3e6701b729ab080,entlebucher
a02a029a33acd0278e134b0176d54a84,cardigan
04f59d1b6887cf10e6fd897514623cf3,chesapeake_bay_retriever
8bd9f03c437e44fc390e90d05b1af1bf,bluetick
62b183c7911013ede0b56a4f9184e32e,mexican_hairless
befc8bac9dc5e6e64635a50602aec2fb,newfoundland
a228f3f366b74618daec68dcbf0d6ec4,whippet
0c9fc0f58a6724ca680c76785a452bba,siberian_husky
20c98bf7b5842a48b2d491e591736afb,bernese_mountain_dog
f33c92eca07a03a242b4a9986fc66d9b,standard_poodle
983d4d40106bbaee0404d242221acb6e,afghan_hound
8e709d582d2c6e443ea7237848a3a083,great_pyrenees
2d26717f0bbfb03273d996b3281bfe76,irish_setter
3b266adc845e74ee438f2a67e57938d1,japanese_spaniel
58a6a34a91059b13bfda501c64a7356c,greater_swiss_mountain_dog
4eaab0b882ea39c56caa2f4a0671ea47,giant_schnauzer
be7ae0578e96cd21c69b54b5252c1443,groenendael
102b81ed975bfa49e496526720e9b671,tibetan_terrier
3031dcb1d296c3904655ad0e2c6ab9f9,pomeranian
59ccf4682b2015587aed297f91f8ddb2,norfolk_terrier
0dff1edc6643df0d8ea6e0c5ca63b133,staffordshire_bullterrier
9cd270ddb9ada1f6457938f6844baed1,cairn
caf609b8bda665e04c40c7bdd706a4d3,leonberg
c9ae288957522206168096ca00048f64,afghan_hound
edcf20f5ebcab09f0db88d0358b3ab56,australian_terrier
d61a270df934b36a3d04fa329ffedc89,cairn
74869ebe0ee87a2b2addb1818c0eb152,samoyed
809b278f52ffd25f92740121ab913c3c,standard_schnauzer
965ab0fa7629ecac86f1ebc2623fbedd,shih-tzu
9ec8d364e910ec64201b6e7e9ff534b1,tibetan_terrier
58138a5b78f543290c0c5c59073b8aed,kerry_blue_terrier
63dd3e15f7fe4b3b3e9a69530e8d36b3,basset
b7210485096e88407ad8bd62d1969e02,japanese_spaniel
a229cee8b4845e9ed1597bdc524eeeaa,toy_terrier
9c010ac92006c01fd68602e4a896ba28,golden_retriever
5c13dbaacc10a48ef2bb9e4443a061e2,curly-coated_retriever
b9480efcc378fcc84c6e939dbfa59414,clumber
1db6673169b83ed310c140a7ecea695d,pug
1278143f78dc063c1e29970bf3eb32a2,afghan_hound
aef587933252b2077f53be2227bcf9c7,bloodhound
0f378abee01a23bc9e651753300a9a36,welsh_springer_spaniel
620b205a4bd7187bb21eb58c8be588f1,shetland_sheepdog
6c7968dc0549fb4f9586222fb3f487be,silky_terrier
05e93a5604440b065143c81be16cd395,whippet
2766a5143b7ace4f624d8e067e2f5b11,english_foxhound
6b5f2be519c56191ac128d2bbf201ed9,irish_water_spaniel
423ecc301b5f40d1fc897749b42ffb5e,african_hunting_dog
97c18e836c38efdcdaf33648c17b2d78,english_setter
944776650f21c3fc9cc1410ad6054989,maltese_dog
2d3effc3e9eff34775fbcde166dc9981,boxer
4bfc45379617c56d55585c701f34ba6d,shetland_sheepdog
4475dfcfe9911f20877bf1946a3bd113,briard
d4673be6357164335165192fab6d97e7,curly-coated_retriever
ec8ae6ea9408c47092ca95031ebc6acd,gordon_setter
62996847d0675dced50ffb5fbe0e86d8,pekinese
1548eb783093ac6bdf011d07f3370a36,yorkshire_terrier
3dadf4639b5bd63795aeceeddf9a649b,basenji
5caec584711f18a8bfd66576195b38df,redbone
e0c78ec8516f29e1b0a94ba500bcefbc,great_pyrenees
2f9dd5a6497e3dff263298855976a031,papillon
7da62bd4e93168dd46fe3e137b77dca5,sussex_spaniel
1089c1e5058ffff12e1cca2e85205ed8,bedlington_terrier
e7ab74acdc860dfb93271901da085ffd,gordon_setter
c7b6194c7f653f9c38ce8dddbecc2e38,kelpie
73c968083038eee6c108a172a3fb015a,saluki
45b36423b3c098468ba95af931e471fe,great_pyrenees
f7d18ca76e6b4e359a27955726e9a656,kelpie
f9900b44f49e5075c5b3fb589d1aae4b,pembroke
35e3f1032d5ae454fc835538f58ba6fd,papillon
eeca7236c506c6c3e4405c959944f3c1,groenendael
179bdadf902bf8447e9eebbe63553d24,golden_retriever
7d5a490927526a7d468a6724d43b3b07,collie
613d398180856d914f6be0b341b8cc98,miniature_schnauzer
c1b1a26065c28ee43c7bfdc1ec7dfdeb,siberian_husky
ea1c23bc0a6d8c057a12d2a68b44c7c2,japanese_spaniel
1257cafca085d403a583378d525953d5,papillon
ea42de31f9b6e2c8f44a48ab53bc5fd4,maltese_dog
17f15b80ab3238f1fbe5961286db0eba,whippet
9ea6c71d8497241ae9bc892e9aa2d36d,leonberg
13e608df9c88b1465ebf98bc84d0a832,bedlington_terrier
ac1f0dae1f65f34824afb54cc6d658b8,boxer
372d0f4720ff972d9331b6caf1abf5eb,border_terrier
957e390e19baa6d163079835a28155b9,basset
65a2bbf2b9b80591733f1bd001bf9ff6,clumber
7bfb770e356f25a6e6d044fca4a2b66a,chesapeake_bay_retriever
a8e7f8791dcfa0211fb001860aa35179,dhole
846d6384787fff8dc17d488e6b86c209,lhasa
50491fd7701e6d9b45d3199613f0d9ea,papillon
8e29cf48d5da70aca6548d8b51526dd7,ibizan_hound
e2e10aeca2bcd6e9d9d91cd64efc13a8,yorkshire_terrier
79c4b258a57fb46c58b749d093bb22ed,saint_bernard
21532bd1c6dcc80e98eedbbc6cd059a7,standard_poodle
7f98bb8d798eee9f2204b10aa52a153a,saluki
8e3b7695d93b91002370bdc9d01bfcfb,bluetick
5905162e3cfda5fade70e3a40989320f,saluki
431cb17e184d5f26395c539758191048,cairn
12b880c67ff773988a16cee76be47c54,norfolk_terrier
deeffdd5ee6aac9f7fa2f31a89e07498,bull_mastiff
403dc79fe2e7b3128ab675ef6762754a,labrador_retriever
1cd45fce1051908a08205b7dfc644efc,german_short-haired_pointer
b2b05fba50969ecd8ae5a8351dc273b6,english_foxhound
febcab8eb2da444bf83336cffec7eb92,golden_retriever
a5883bb0395e9a69929a7d9585e406be,doberman
c77266278126119fe02a3550dd0c3c1c,norfolk_terrier
76fd190c3cba9f9fcee27b206a0ab886,great_pyrenees
044d904b00ce11cec6e493226c39a4e2,staffordshire_bullterrier
c54c1132c4f2322347fe7e0ae3062c86,malamute
4e32a5fa1caef230942654915a76a703,leonberg
71ca3cd2e957a3b37abbbcda4b4b665d,appenzeller
31af3732eda329b4d34c91d5a4fc69bf,dhole
f06d9112ed14edb4038daa54f1b1abd5,tibetan_terrier
05beb3230462b740e5c56230eb27a7a4,kerry_blue_terrier
0e7712450813da57f7df73fc45a183b4,entlebucher
b0ee2f2ae56110de3409f31e26a8704a,australian_terrier
f8972355cef9e75502f9a79a26ba9798,english_springer
a1e14ddc9300d0cad934c3db77f37f62,irish_setter
05cab78114abb08afcda78ee70222edd,english_foxhound
bd6927dadc87d3e7c5beb8009ecac5e2,afghan_hound
1716fe350f1339e19906eb2889960c9e,german_short-haired_pointer
6549f5401c8c9888f9e6d812dc238aa2,newfoundland
70d9a1b887dd3b7a1b7955e6938095d1,lhasa
bedcd4451681407aca58ea40c6ac1af3,keeshond
d0c3c1622518b8d9d26b4c71a43b3a85,norwich_terrier
a319f3dc68e86ef3d4fb40dcbcc4de99,saint_bernard
2a59a96ffbdd6c8ba70465e3a7e10a3c,afghan_hound
680eced19fc2d429ec4390ce78fd292f,border_collie
21853ddf37407e3bbf6915627c76178c,standard_poodle
e50655050c46e29c5d61527f391475b4,bloodhound
72747719b03c5ff7124878156e8004e7,labrador_retriever
2b3d3ebf255bd72989161cc517e348a9,bloodhound
c7f915c8e4ced5a955be4679b389b83a,bedlington_terrier
99e6015fa51cce6a285648fe9ae75cea,malamute
3e5bc7af672a6894d32ebcce6cea53b4,saluki
adeb01e891e95b347ea3132451fab8ec,african_hunting_dog
dee8384897c606a6301be26f1af90d67,ibizan_hound
f09536e93c84e70c1a6e144452ed98fb,brittany_spaniel
8a31a73b980d8f8350f1990c9391c60f,lhasa
9a2bee2420ddad2275d50ece888ee34b,boston_bull
a4bb3277153f52493ccda42857eeefc7,french_bulldog
b897b5c77e688a12adc103d5d3a85c2a,miniature_schnauzer
e644ef9e5c4240f7d1d87305fef7aff4,lakeland_terrier
087b211f15ad8095ba90c0be54c1c30d,great_dane
5735400befda6e7ffcff67bee4241530,irish_terrier
9691721b06aaa21c4caa8e0cfd3aced0,german_short-haired_pointer
cbe74cdfb13fdd3748c52629e38b1588,collie
bfe8e8b7d66e75c0af82b6e0d136a7a5,collie
c5e50854bf07fc3014c42c6a94a6af51,old_english_sheepdog
a569d8cd0ef1095b9712c07995bad65e,blenheim_spaniel
7f63e3a6abc3ec3e0fd937ee99897f19,rhodesian_ridgeback
29975437f5b41ee4e061d83253f12d74,dandie_dinmont
47fac4532022386b1db133b01c0c0b75,afghan_hound
39669e1abaa9c72b3fea8ff81d115db9,dandie_dinmont
a3d66583008cf1e8eff924620f6e982c,cocker_spaniel
42b506781e169821e0f5155127076e7c,italian_greyhound
6972c90ba01fc7b846c70912b5e65a9e,rhodesian_ridgeback
ae321243a4dfba310868a20dfaba514b,scotch_terrier
f59d3ddb3652e870bea7cb3b15894708,appenzeller
c3b19b9e1ce0c005511fa14e2d9a89ec,cocker_spaniel
8fc54285359ddda909d9059cfa13ff27,malamute
b9cdf1e7b56c671e985c6910ee5a4ce0,great_pyrenees
5ce9a96f31a1031874148616f22b5fe0,kerry_blue_terrier
0eb6e0f872b393654bea530bfc2cac1d,cocker_spaniel
4b7957fb0c72b7e7bd5607b581609310,boxer
9606853b9f54adf4537c061d7c9023ad,miniature_poodle
54f2ff40e1d8fda54fe65fef6d1b7046,yorkshire_terrier
a4c75ababee1602560c6783244a06274,staffordshire_bullterrier
dc144b931fbfbd2cefa8718b9a2cd5f2,miniature_pinscher
b5ef2df715af6077ea126ac35855670c,american_staffordshire_terrier
0b5604e1cdfcb595ceb36424126a3e09,irish_wolfhound
53fc7ac7521c719e0efd5f509ca5e928,norwegian_elkhound
80f4dffc8fb76140bd1e74b74a2e68d4,english_foxhound
78c79639390eca2e6e34d11278af4190,gordon_setter
3dcc5ead3d3ba4568c74c0858b8ba818,dhole
1ee3b516f4a905b04ef9c409056fcfd4,english_foxhound
9e7db8711f479dfa968b2297bee33104,shih-tzu
bb7004e9b1710030c71ea14df7c79598,norwegian_elkhound
31e601f31083c351652f0d96c5fb7dac,airedale
ef50a04a3363a88a9ab1c8e5f2bfd687,bloodhound
31df75e2a1d79312fd7bb51b15992c36,border_terrier
b7a588fd384c51e3cc07b16caa84239d,shih-tzu
e20e32bf114141e20a1af854ca4d0ecc,tibetan_mastiff
14a24af1ce8c796dc96bb45dea1fb8dc,whippet
3e1fffba73d112515dbee0369419a668,basenji
42ebd5007b5327b55f696ada900e3641,chow
c38369fbdcdd27f1cc723181df8b6330,german_shepherd
056b535b441278e83839984f1b1da0a6,scottish_deerhound
e37cf6ff2d694f48defa422d6a6a7ef8,whippet
40d98d3d4d4cf67811f57b60f49fd301,border_terrier
7e78e5d12f74ad605ef5e63459b72132,lakeland_terrier
84de398dd5408d91b133e2e95628120a,airedale
ae829def01226daffb29306308a2f2a0,ibizan_hound
45a71277ce6c512356b8968ea6bc2d5d,blenheim_spaniel
4d0aaeb97332aebac90f0ca42a9ff1eb,schipperke
2693c580e81824ee89e03ed46343a496,borzoi
8687dd4fbc2b4ec87aef79775c177c27,beagle
2b76c878c08197a6702271f5bb7c32b5,saluki
f39409a147cf719a7e34712034b41625,blenheim_spaniel
53473e80b84c98e1f6e29f1227001a07,collie
0a9322a30aff755dac328022266e3740,australian_terrier
3976ced5b536c12b5f9fead049089575,pomeranian
b73df1ea118d708edd2dc6dd2bfa6b8d,shih-tzu
96f83ed9c2c64f469c85edd8a808f398,papillon
b8c56a7e9f658d94c6d07b8496fc6411,yorkshire_terrier
79a48334e53e8c42cb533363b40a9288,komondor
f8009b210e1fca906bbfd55a17fcb224,english_setter
a68e6419efb8c5675fead034aadae947,gordon_setter
b8241dace56c5a7ead41326a6417ab65,chihuahua
993d2f8fb3e675c362d4f502899cb260,borzoi
48ea23cbc46b493feed92c291fd8fdbb,dandie_dinmont
3ba3e52876f1eaf0cf3f011945a6bf72,english_foxhound
1e3f997fe2ab336614540a721a0052e8,vizsla
e996402cf7fa66f23a8415c9007e06db,greater_swiss_mountain_dog
76bc03407f010ea8872204dfd4fb3c0c,chesapeake_bay_retriever
625ff10f472290f567bc57641c8409dc,old_english_sheepdog
5e71ba03916e20fe5de552dece9a089b,chihuahua
d96c7a1efc7455d533bb2beb4da27896,tibetan_mastiff
d44a665b4936c6de124c864feb339f53,shih-tzu
204306ee0a351c894017995a256749f2,kerry_blue_terrier
447dea156cef7c52eac33fce0d01f373,afghan_hound
58121984d6a2a42a9326efa2c10c6595,pembroke
c46e2bc23aa32ce2fed1fe08beba88c6,entlebucher
2bf7c97c5bc83872492b744b46e39a9a,french_bulldog
1fd4bacf9772bec1dc3c0d41ebd49d1a,komondor
b5d64452ea01f52960c0a7d0966fa736,leonberg
26503dfaa1761b0c9b0375ebc76c888c,basenji
93ca132582022982cc79d99dd77a3953,chesapeake_bay_retriever
52839f9f5a08d9084b6fdba5120ba7dd,giant_schnauzer
9478b7532067872cbdfaa180484c3064,blenheim_spaniel
8fd5567056096a09aad51d3518b95b49,cardigan
2f7261c1e0c61ae426287c0795740889,schipperke
16d21426a864e73050afda40bf1fddc6,irish_wolfhound
cba32ddfd44f83ed34d88326b2416937,saint_bernard
e189ef4583d4b2187abaa63f9a4fbd81,eskimo_dog
2adbb94f7a0d880fb7db6442b24ee06f,walker_hound
810204f42e3659e0f314a937c460947c,samoyed
db39d09f070ad4584c599dbf76909dcd,tibetan_terrier
9316df7ef6098a60baf4223290765df2,malinois
ca5157b5031f9f164fb35284c7fbfca4,leonberg
80f9cfe8b09e0ce109139271d4d964dd,miniature_pinscher
ad8ef2b2772064312bda4a188b7b5fd8,afghan_hound
fbbe0a41f7fa5cd4b69f25d8693e55f9,scotch_terrier
4b30249d3baaf6a00a0345ac07f01d30,german_shepherd
e0c2b69fc53eeb74dfbf31a1ce54b11a,chow
66f6e3a4b64ac81b57542428617d42fc,irish_wolfhound
70f42c332a3a4f38c138e098b0eb45e9,giant_schnauzer
7d5183128424436fe727fe48b0117030,japanese_spaniel
6d2fe2807157cb6abb909806b4a73e93,affenpinscher
8e36fbb03c79117c3c7ff2962d255c91,mexican_hairless
df2b16112524fe0c873530ac2357368c,maltese_dog
e68b9b319d716e7c3d927a823c99f6db,beagle
a1eb2b04c498844ec38bf5ac5b6184e7,australian_terrier
7f999db69fa9af1b8bd9e15fa686ae2c,cocker_spaniel
617a97ed0fd13dc98209c2d9db544d8b,sealyham_terrier
ca1bd57de0d5d1e08786b44ec7806e19,italian_greyhound
d7621d1161f69c95b4c527618db4f234,beagle
4fef9750e23af6d42c41dde441abb116,cairn
3aeb1ff6b2f28b0ee81569932a89a5b5,chesapeake_bay_retriever
0ef07f4a6706a04af9ff354e263a28b3,beagle
506c2c6964094bd4b53d29dea968080c,english_setter
8c061cc94ba2801a2c5f85af5653ee58,beagle
df464ebe3f311744241cb3d9258a5000,flat-coated_retriever
85bb4a7d4ace6c2464e7969b99403b0c,boxer
9aa1487dc5bbb2c34758d1a608f09bef,west_highland_white_terrier
d630a84482a95f1f4789b816c268ab1a,pug
8fea7f05411053a85da10c447c1691bb,kelpie
40e19b8d649cd395b0cdb27f432841bb,yorkshire_terrier
eada9c7e7e1d9fde5df22b28e0ca9341,samoyed
f3b47556eea0151354f1ee1b40762fce,vizsla
0a688b0783f472c84bbfe1c56efea1c6,mexican_hairless
d99cc713b1bfe4b3786e462884c303aa,gordon_setter
316804f6ff4ba2b896ace6d522bab030,weimaraner
f069ed4df76d788ff43403f1ba4fa4a8,collie
61fab186c726e3f0ac1965c0e38d4a0f,blenheim_spaniel
f5d05878affab9747f86aa1f13c52bd2,papillon
182c436dd1fbec1c5f4979077ce74659,pembroke
8dfc43ad52aae79f3a05d46fce633692,miniature_schnauzer
a59959c6df2a2b9903d5c7bcfaa8f1e7,papillon
fb2d408bfd49f5a720c3192f7a1cc519,flat-coated_retriever
7df374a44e16734af61b3c1a156a0f63,pembroke
ccc49b7d2c895b6d6c9ce27845faf622,bull_mastiff
785332dcfbe904ed9f7e9f96e32cce13,basenji
635f88581f8c90937e983ab98708430f,dingo
8e4a535a93b830de0cf9a2ed46bcd010,basenji
f8d48f89aaa55962d4beb853a128eac7,silky_terrier
85be6409c3f25aad1a2df99407e80278,great_pyrenees
cbc467503ed345317daf97f6f5536195,maltese_dog
50dedc60ff5e0129b060fed8737c5e9a,old_english_sheepdog
bbfb5af237211ef355c277d696f6db8c,wire-haired_fox_terrier
36ceaba7a4368d3801d874f2e7dca3ad,great_dane
4b5f9ef76af8a149b65e2ad2f875b7ab,soft-coated_wheaten_terrier
d5ac49bf70fd512c9a38270fbe768177,afghan_hound
1351c4f7cec88e8ba56ada4c772d84f5,bernese_mountain_dog
616ad943c7574a20b90e93fa0a61a21e,toy_terrier
e9aaa8964f450f990a7a3c4228bb844d,bluetick
1dd2a2f01deb67aa5319c6ef41eb5d3c,giant_schnauzer
c1a5f4fb96ec93193d7d105bcf62fd45,airedale
62fafcfb15356f723cdf6de553e83efd,german_shepherd
8534a47edb618437a4ceb0047f83cc7d,tibetan_terrier
cc99de39a169a9aebaf34d4a514e266b,papillon
2f432283bf8a77033fedf0cd4ef52244,italian_greyhound
c60eb85ec2a2e4e90c8e6a0d7fc36436,standard_schnauzer
25526168121fe509d4b323dcb6e23a7b,blenheim_spaniel
d2fa72633103a5c503b4365563bfd3a9,pug
146fcb253fd7b73b2c9f20d91a49f400,chihuahua
ee307ebe9e98bac8b8a47be0d4803ba1,walker_hound
f28efce22982ed7867a67df7d0762c58,english_springer
2eb1bf4abd7d1b7868afbf0328597108,leonberg
5e2d989ab3b1526aadff69bd52350cf1,groenendael
d1e3d07958a55a2818cffbd52bc090ca,american_staffordshire_terrier
3df415bc01f498cc5e09b59df9ad2fbf,bedlington_terrier
01b6c2bd3053535a58d8de763cf06aa0,miniature_schnauzer
71eef902b127b08c8c01be9a81a81a21,appenzeller
d9051c00e8c0436e6055f77d845b64a9,norfolk_terrier
b1eb6462f0c3801b72d5b0246e9b748e,papillon
9b650543f76bcbdbdfe14118fcc4bc33,irish_setter
30cc04c702cd9f7134e98ce1ba9e6aa5,sealyham_terrier
29f5f80f17ffc3a4662468b13057bf08,walker_hound
b65a39808830bf4c7ac7a2144f17161c,border_terrier
ea1a1b02e734d1130c80e45880c106d3,wire-haired_fox_terrier
b851f508d91b68fefb42bb8ab57535bd,malamute
a2d1737311988806e991f908de9fb088,afghan_hound
bfa0490063b75ca9fa1b022dc711d88e,entlebucher
b0a63d52383934ed0caec038dbbe7d92,rottweiler
9fddcca650e796157ab90ccebcfe36a4,doberman
8b3bd046cdd3d7562396aa63d0185628,otterhound
4cd78fdde0927e0bbbf2f5c019636b4a,kerry_blue_terrier
f23dffefcd4ae2dee8a5dbf67e41b699,yorkshire_terrier
458e3d94b7a0e21c8da7796139f065d0,japanese_spaniel
b19813c11f94f561e45242347d8da73a,siberian_husky
f921b60576b1055884307f1f6d42997f,scottish_deerhound
4df69a0a5650b8879a3279cb2991a44f,irish_terrier
7d30dfde3dc6bc3111c1bfd93f947fad,papillon
c97a4453b7247d68bb2f12c30dac1676,collie
fa72d780b780d1a8fda59852ab62738f,sealyham_terrier
2b20b95a67ae06fff91adadd666b79c6,keeshond
8d871e0d1106088b8cdb9f62bd7de91b,papillon
97d24551ed20f55b7323e37e85adb4b6,clumber
b106df46d6b5fa931d0913dce8a46362,irish_water_spaniel
dfd42ce694fd4af24a71392b94176b56,leonberg
85f08de63891d73f87e76f2763ab771e,bluetick
1690522901e3d41a84c3dc91b1520902,maltese_dog
419a994803b6436b2ff3220b192b883d,pekinese
bba2a170e2f2cf3c0ff4eef378fdfed5,malinois
ae1d6243e4bc8dcc48cca2aea2367b94,italian_greyhound
d459a1fe285bc112bfe00615390e2632,scotch_terrier
4240aa05faa5a88b85103ec5fccbafad,german_short-haired_pointer
22cbd4b42526ca9d884b3ab4011db65a,labrador_retriever
b901180f89399824b9bd0dc8a2eb3a30,ibizan_hound
6dc71162eb51b2347811e9beb934fa17,miniature_schnauzer
4fc628e8fbd164b2e35f616af5cc8f41,collie
ffa6a8d29ce57eb760d0f182abada4bf,english_foxhound
c81778e436da96e7a89d9ef84b367525,pomeranian
493cafda8f5871aa73c815ad6bdcfda9,bernese_mountain_dog
e994ab08b7d68114beb65a3784c08be6,african_hunting_dog
bf25cf910748150b47bbf727a0dd6ef7,airedale
79bf450241ac44efcb4b41220275fbc9,flat-coated_retriever
19fd98408baa882087628bdf39d9d98c,malamute
07d7cfbdbd3682cae50902b53c798028,boston_bull
00cc68a50b2d016a6b29af628ea4e04b,labrador_retriever
66f49d2109bb16c9e787f2475bde0899,australian_terrier
20d5be5f67426f91121c082af2b98b37,shetland_sheepdog
c04bf0ad26971adb6613737f4b557e5b,mexican_hairless
e0af99a3fd26fa2f9c601d782c5e7b6c,cairn
390c0430ed5d9f8a4e1ad583ad4425e1,english_setter
1b85a40f3c79e9d94e975216792ef52d,dingo
48e96993f29d3cea4a33c1a6fadf2bc1,dingo
34dd240b3f30afd9d5342169de17f833,standard_schnauzer
36436176c0b88c0bdf1c91c5b642d2ff,malinois
91892e88b37536ba2356b582eb2cdff5,old_english_sheepdog
ebb32c71dd92a3ad87d16006507fe779,leonberg
85a7359fd3bb01982912a73603acd2db,cocker_spaniel
de8095b35aec0e2a0d07ed11feb11a28,walker_hound
10c9288e30af850676d34c18fb7c1632,scotch_terrier
6b8520585a1539a9192d073ff044cf53,lakeland_terrier
a6fbcb0ef8c766183f56fb005bda285d,saint_bernard
72368f3e9b7974dc29e284b7d80edb42,scottish_deerhound
4b4edddba0a1dbc78d5f98ddacd8e3ab,chow
aef0d510ecb238da32b77e26da8ff327,otterhound
559af5ede8a8178793ec0ff948ce7b0b,bouvier_des_flandres
778e8a6cc368c6c5fce51d55ae57d6c6,irish_water_spaniel
9b390d74110d57d254eb6d2683d5b000,greater_swiss_mountain_dog
84605f5fc5ad89a66b9b277e1223e962,borzoi
2585d3d8b52a90296e9b9917a9bfc81c,black-and-tan_coonhound
4193da9e92c9a34fbf6554cf42e4d4b6,norwegian_elkhound
e78ff6b0a2d3a58234760d45e984eccf,boxer
760dd9cebbf15001a231965bab703524,irish_terrier
338fd0db2adb32cc652a19f6a5c4bd14,saluki
fdca49e41439a428f8f727115e2610a9,malinois
6a6f872fcb352f7d011b654e879778a2,old_english_sheepdog
164533d27e5827842f28f100196bfe7d,dhole
e58621674644d3729585675ecf09c091,ibizan_hound
a169ca16d659e93c93bb68a34183f0de,curly-coated_retriever
fe03d2d88e9a68aeeac63f33a920557d,french_bulldog
c23585d9731052eb35ccf6308aba585b,collie
289c74acec698535a1ba05330797289f,lakeland_terrier
143b9484273e57668d03bfc26755810a,miniature_schnauzer
b15f22df40ec97250147e9daadba50ab,weimaraner
d00a08d162750e970a53c096f0e5c63a,tibetan_mastiff
d26ebabd606703ea526163568193fb4d,soft-coated_wheaten_terrier
a47b26a9e5be27130dbaff2ab901e5c0,newfoundland
66cdad5e53ed47f780de00dac40dcf4f,basenji
a6c988709c96bc166247eabb115c2d24,malinois
9ebb8fa8327664b97a42a36e153a79d9,shih-tzu
5bff7dcc6792d252a75d6db6076cde3d,african_hunting_dog
c5d73c1cd8adf2c822cb79b61ed9c9c3,tibetan_terrier
e2bba60478d1600a8b85b768196e7965,shih-tzu
5dc38d4225a477ef05a40cd1737721b2,irish_setter
f95ac23ee909194006c538c4fc6e6750,bluetick
0255a5bca3b9d91d4fdba8d7419b5e69,lakeland_terrier
d19bfb2a55eaa24aa45dafe1d04b7eb1,ibizan_hound
a65b55ba1e520c585f53ce1b8fb90303,whippet
ed432c00b3109a6ce7abce09d98be1e2,lhasa
a2f617b60a5bd5b459f43a76a5bc3961,english_foxhound
996d48c6dae4e17bc8e08f6f451f59d8,appenzeller
899f284bbdd762992629dc31a20a7d49,bull_mastiff
3d40d6d1f7a3549066ccc34240099ff7,appenzeller
bf2a9b332d6d6ab0ab0b3e1a2d31e51a,tibetan_terrier
74326631740d53d3bcdb0e9a9c54fb78,soft-coated_wheaten_terrier
785dd3642bde85cc406c55c262f2cf87,bedlington_terrier
2b366c121d11beea15d42bd86853462a,maltese_dog
1639ccef237eec9fc4eb1aa0916201c3,siberian_husky
7ff9004706a91d585b8ec5c70ed661f9,giant_schnauzer
ffe2ca6c940cddfee68fa3cc6c63213f,airedale
1b928ff14f47ec7d6bd5a2222191bd4c,saluki
4a14488c54f9d66c16dabc3e6419a3bb,maltese_dog
a1d50b778141d7a13c07a7f366524f1b,giant_schnauzer
c44756c419398a3f3a06e814ac73a3bc,curly-coated_retriever
c9ea2b424b0074a33ec7a879b1cb25ca,rottweiler
ed46eed049a4fc710697517359b5a95c,pomeranian
62ac0e5178cfec454dfe0b804b42c420,lhasa
8dbade75e5d93537341de6a378beecbb,tibetan_terrier
18d5e4ee8ba34fbe28fc7ba530b77014,flat-coated_retriever
3eaedbc5f02f78673b57ef47d9f1115d,lakeland_terrier
e0764f7b42ad2336c96d414b419af335,sussex_spaniel
8e7d364f77c61d6721e1f574edc0d4e5,eskimo_dog
403cd77c18683a4cfac76fc7ac4632bb,siberian_husky
18b4e732c105272f40956c2f85813bcb,affenpinscher
6eeed1da5bc3fb8327fd1c801cec40eb,chihuahua
dd6482115d974cab92c9428c9a6fe29f,afghan_hound
76772fb434731181bdd7c979f6f29bd3,cardigan
6960dd002d6479615fbfa5c70d3bbe30,pembroke
c7fc05c790e7edf1b37df9f1356698c9,malinois
7a0cfd6eb2495b5b25d6efed110b737c,mexican_hairless
0e6f7b1083d38cfef96ccdf3171608d3,doberman
0a4116a80e753f7b0adf4149f551a3a7,kelpie
90e5311b4bc74fd9b668b1c728ec1bca,borzoi
ebe9487f88c13d27fec7db2592adf044,african_hunting_dog
365020fbc3a02a725b3a682ef6899673,great_dane
e748f61d39da506904f531c7732df512,silky_terrier
a4297f62afc356fe42979cb11a8b0ba9,australian_terrier
089bce55f74e34940b3782e11c1bd2b5,borzoi
1a1539a4f40e4417dd88ffee4a255175,lakeland_terrier
1aa98488ce65f9b57b468ccde4f1cad8,affenpinscher
505420c321e1e6c77bcaa3e3bb7ad7b7,great_pyrenees
51719bfab3c1ce51b015ba3976446071,wire-haired_fox_terrier
b27ccad9788e1868e258a96f8538830a,tibetan_mastiff
03eb844e1d5aa5addaab20298b1b70c3,greater_swiss_mountain_dog
c38e77ac6a0ee0c8ff5fdcd1df42f6f0,samoyed
ad33e4e1f411d0730d962a6a87ee9154,cairn
6192909376bd28cd7b82ced40acf3330,norfolk_terrier
8452a26d7243a299ea782a7ba4036f1f,samoyed
039bdddd8546f0fafdf984b810d1138b,saint_bernard
970206514684e8482b46c6f1ee6c4b43,english_springer
ca8478ac3e05a4374e0e02a2e89ac599,great_pyrenees
4e4173a3a2e7d49f43ddfe3f167ea397,pekinese
3e0acf21aed098d76ea82f554a2f992e,chesapeake_bay_retriever
278efbcb4eb5c6a22cfa1031cce6136a,weimaraner
62625be96962131cea22c09624d4bb87,malinois
c04178bd174b64611ad72477b8126921,blenheim_spaniel
19fb6b46c01c27f8cdc3b8245875707f,sussex_spaniel
78af4bf2226313d0a098d8889620c19e,standard_schnauzer
e76687c549303fb57aae9866739f44b8,mexican_hairless
f7266a5b52cf22b11274b5fe66a52979,brittany_spaniel
425f6665a1616c4819d20580d09d5e8b,miniature_pinscher
a92a34eb1cd3fd3197ff0f2147251606,malinois
1c6e8c8d8c8a03b36c82393107afd53a,chow
507b8994a0e469a0a585241ec4d3ea1d,miniature_pinscher
c25b1b2e1919a58239ac16ee53bdd44f,tibetan_terrier
eb5feb2ca80e43548e0cc0d0b4232bd8,boxer
fa35207eea3c0d9939c1df7c86222853,kelpie
6718d0b68e2ec8d701facf67464134b1,wire-haired_fox_terrier
a914a6e12f40b6ff0945f84ae4b3d662,african_hunting_dog
c696ef33b6a562d11f581867cf19042e,wire-haired_fox_terrier
9a0bd02ffe451fc028e8e9a4ecef22d4,boston_bull
01b35a06b00e4a832b935cf8d51303c1,bloodhound
cf8c9065ce9fe68a218371634529babc,chesapeake_bay_retriever
35e495b1de348a81e9c64f929de8beff,standard_poodle
16a760e466fd2b2fe0ef8879b5b2245d,groenendael
9f3dcc950c8457c87b0176db2ffe00c3,rottweiler
19205fceb3eb41ba27f1b0b946934789,scottish_deerhound
a0f32a4e0fcb8bcb6a38d41782fa8f13,brabancon_griffon
14b27fd74697cf699143ade2d4f801fc,malamute
7e98023325645a4e05d6001527635ca7,italian_greyhound
447a24e3766cde62204d42d571212389,scottish_deerhound
d468a3e96a0a7249a32e614ab7a4d8fa,wire-haired_fox_terrier
2c484faaaaa5f622200897bb068e3a96,malamute
f573d2958310513ce7113099598c7707,chihuahua
e75f2316c5dd47b87a22bbe95cf8b8da,tibetan_mastiff
ab004601229c51044696419bf3e682fe,greater_swiss_mountain_dog
18aa1cff5dc0615c75dec0fcc135be3c,irish_wolfhound
c928acdd369336b14d87c2846770cac1,keeshond
e5fb57e9d1239cd72c7855be2947b0c9,vizsla
d654df8cbee8ba4336355a692a3b8468,malamute
d71e26c0af558afe29efb7f41ec33900,bedlington_terrier
1dc49198d8a33372c106640a387dbefc,tibetan_mastiff
ad26c36ca5249ded86644ef1f01edd91,lhasa
881c91c19ebe23fca49d78e887be9efd,standard_schnauzer
799a738f04ac3d03f5da7672353ad879,soft-coated_wheaten_terrier
448d0800b65c3d3688284172bac5366f,doberman
4d1b34626edc7dffb8680d8981f0c9d0,norwegian_elkhound
421c361f6c00771321442a149efc8d62,doberman
dedbc436c840a97feb7b2f3fa1175fa5,borzoi
9e18f1df8e71e373a30a04036c4c8f9c,norwegian_elkhound
571778b4ab5037907c5fe7d6f3d56b52,afghan_hound
0c71338af3f3a8c068ec28b5f6b8f8ae,dhole
19299f2fae5ea3f66ee61b38d97167d0,english_springer
c4ffb7da3faa4c07dc7fe120f6b00127,welsh_springer_spaniel
1d6c30ffca8a109fa3ad47ec485d21d7,italian_greyhound
296ae87cea58f6f1203c9a9625bde4ae,miniature_schnauzer
4c8fce7407df845d94483d89a4fe06f7,malinois
19477984aa7b1543928557a7dcce685c,staffordshire_bullterrier
5575b889e08a47aefa3e787931c6cc19,staffordshire_bullterrier
2f7537cddd67e8464b394a765a05302d,beagle
0ef80d6c4d739faaae8d3cc08c696c54,beagle
cb0716607f4e66bc5bba7532bedf293b,english_foxhound
facdc30ff148a0154121f1e17cac86d7,samoyed
fdcedfa9f9ae621a4889e844b9e2940d,irish_water_spaniel
e9efc5edbe14eb6375a64b37db8b36df,dhole
153bbd70025d2738418176e6ab7fedd0,flat-coated_retriever
9787f0345521092b6921a518609bc5d3,bull_mastiff
86e6525561e78e1b20494bd750f6ab0c,great_dane
eeb4aa1fdbefcc783845be89b94bdab9,beagle
f259fce0c617f40d26b75947f71f489c,old_english_sheepdog
2483ddc95004ffd44b14a486d94ac91b,gordon_setter
cce1d5b417e2aa8afade8664a84d4576,collie
b4d673a70a77504b16d2f975a941dbbf,samoyed
99b31cac1b20997c30d49cd6a2d9cde4,norwegian_elkhound
4839a68fb33643c9d50a606292b9213d,tibetan_mastiff
ab23707f7d469c51b198ef69e75c990e,blenheim_spaniel
576b566b73d9cae4190e17d891d51e16,briard
b99f4f25c568301b36e3746070012f15,bloodhound
ae588184cfac8fb06f9ba96b44b63e4d,boston_bull
6d09f84b6e08b4fb8c53489a06b71da5,miniature_pinscher
ca3394ca53c450c10e688cdf985567ad,dandie_dinmont
0ca382d7309e346ac802a202d0fa8c67,chesapeake_bay_retriever
fab62c77c1af3606f359f987ed9b844e,giant_schnauzer
7043f88b39377d1f4bdf5f4e4dc3f651,bull_mastiff
24c70e236822e958236adf329d348f4d,afghan_hound
8d19a2d1a7027646ed367ec35bfe6b8c,irish_wolfhound
9468380b65de0c9bcdaa5921305fe362,scottish_deerhound
73cc1a16a623472957ed70141cc48318,bluetick
6113169adcf0d7bff4b6164ed2736d8c,bedlington_terrier
586f6c70898d463676f8e6e1e2b96b1d,mexican_hairless
a13b56a0dbeea4d70e52d48e8e9a7710,rhodesian_ridgeback
95ec164b9719385742168962be4eda40,pembroke
5641d07cac9b01ffd2cd33f75009905c,walker_hound
5a142a7e217009f8d57b8dc5c611c228,bloodhound
acfe87af21ad64e518f9ca6a64d728bd,golden_retriever
7a06c76962e2133762b6e1e10b440d63,whippet
d76a1cf6c6577f55114001bc8fa1d028,cardigan
18de05937a44cb467b229889f8a95bcb,gordon_setter
8b692b59001659cc57f63fa621c1b9b2,chow
0c1d98a09381f4dfffc510fab188f189,irish_setter
fbee719275e23f753f3cd1d9f83db21f,miniature_pinscher
c4979ed313483b6b64f04385ff6453b7,boxer
426142d965a9b12b9d4d82363ebbf3a4,clumber
200a51e8f11ebbb884fc6cf01973586b,borzoi
00a366d4b4a9bbb6c8a63126697b7656,golden_retriever
13c5a0d636619210b5ac003ee82aacf0,whippet
10edc6f98c2423e4e195e09a86b0d292,affenpinscher
f48ebf5f79e746455810091b884e8eb8,collie
f988271af1ca0e21b76b8cb318bcf4b3,border_collie
6573f4cbce4151ff07c30dc7efbf071a,pomeranian
50e9b7412ba4b68a6b44d6b0adeba062,komondor
de2db91c990838b3951a72ad21988e31,otterhound
33f52169d9932726bd9436603b477d86,beagle
23fd69aeafc33f66ff8ecb536096881c,giant_schnauzer
2b3a5612b59af3c353a68ac307d92884,airedale
bbafb16f97edbdeb9225f7eecfa91ae4,lhasa
4445f4b51be92a87e72ecafada3da2ef,german_short-haired_pointer
10ebf7599dd41ded00fd74bdfeada500,whippet
cdb97461991bf6d92b771a0c83076b69,scottish_deerhound
5da9cb489b6d6be58b7ecd643f69c46e,silky_terrier
b4f8d8eff4f0b4d93b8416a87daa3b93,newfoundland
eb24ed36b0bc25db7e64a22763b3d20d,bernese_mountain_dog
34101ff33a2a390ee7f30859d21c75fd,weimaraner
16f37498dbfe77fae6d442465e7356eb,english_foxhound
427c2ab57801ad7ea366098e7bd17b54,walker_hound
daa59e97cb75d22b9691d48bdee59f53,samoyed
2dff4c15cb99effe848ee5e4d977be87,giant_schnauzer
5b9656ed9f494add26b3ffd175cd7bae,german_short-haired_pointer
b905b9008e830033dedadbda5102f409,cocker_spaniel
1d56de1015dbe9ba9d54135a7b33636d,bull_mastiff
0e167bb5c5d4736190d220d081d1de23,siberian_husky
06d80d6a7aba8bc48606a285bbad0697,boxer
76a0a11e369b47cc3072bdff576a4ffd,maltese_dog
39c8a366b73c2fb4e6bf47118d650205,australian_terrier
1a8a76a7bcc83f2ec151c83753945ac0,norwich_terrier
d8fa88133b8415afdf9de6fe1e2fef94,groenendael
573292b4b9989fc10be62a10d8bd7938,brittany_spaniel
94350fdc51b84578d0548f0321ac1149,greater_swiss_mountain_dog
8df66073740f76663abf8b5b13b34eeb,irish_water_spaniel
8c7e23bd90d01d924555b942be79844b,rhodesian_ridgeback
0b345d4f2434903c374ad8b8513a289b,malamute
e5ceecb78014cf7eb9bed9a6ce23dbf0,saluki
412b82b8d22d227bd6938aa7884ac56b,tibetan_mastiff
2428c868173d32dcbbd766fe44c141e4,walker_hound
a69dbc3bb27b3b0dd9b74b7f2da13113,kelpie
be32d9afea6b7ddb96724df1e617873d,standard_poodle
45d4d86af38c934a078fc85417c95735,chihuahua
3286a5d09fe247fee4e99bf1355b1a40,chow
3899b1e797951db6dd2a9050eeb6668b,chesapeake_bay_retriever
023e4e28415506e0deddcbd8f8bdab29,pug
b4ef4f738cb055e2da9dc32281485e44,greater_swiss_mountain_dog
c4015267ca5b03b24e25932d4555d5bd,kuvasz
c24811c315db62982a49b87b1e95d6e4,otterhound
680d8b5d4b8a23f912359a5588083a13,toy_terrier
6a2699254f32598077fecc9d92a6b490,bouvier_des_flandres
d4d90d481dbbff9729349b3e270a1d37,samoyed
94f64671fa5c87ded83a0b1915f82d71,silky_terrier
8b757446986fba8aa687d6106f339831,lhasa
eb83b7e5d8515928cc6990d019cfdac7,blenheim_spaniel
9a27688062adf7750b4e8a71cdd240b7,irish_wolfhound
a8c5dfc993593fe2b14489d5fd38bde3,appenzeller
55a7ce77469d65943f728154cc89f07b,groenendael
0afc7d87053cb44a529c78c0fac99886,tibetan_terrier
6773b64b0ab1d133b2a68bf73195ce9a,irish_water_spaniel
5c1ac175525a7b7f7acfbc6c59f9b47c,border_collie
8e007c1c798c69de28267843b9894539,chesapeake_bay_retriever
ad7d271bedbe576ccbf5c646e4ddcbc2,siberian_husky
7507d13266e30850f4ae269fb41fc59c,irish_terrier
e89f2129dc5830c7ba5114c7c79ee459,toy_terrier
b51b8b30da4501c9907d100df382b87c,mexican_hairless
11a508588bc3dec81bd4ce4913f963cd,american_staffordshire_terrier
75fe24028284a2ba927e6fd111510aa3,pembroke
56ce3088d386c1cf97635b3abad74dab,gordon_setter
db57320475dd90d5e070882d0804a629,english_springer
29f4fbc88dbe90a21ceffa17cd167be0,toy_poodle
cd0587a34594afd8b79387cf137c66e7,german_short-haired_pointer
7a65d50cef0daeea553fe8bab9099d1a,irish_wolfhound
0543510e763cbf8fc771a097ffda9984,bedlington_terrier
97130695095c34cf19887e986923979a,cardigan
d23b5a08ba6eee9c78379bbe7ed4d64e,kerry_blue_terrier
a7b0055c47417e89c9769f28b668b04f,dandie_dinmont
1d20f72a1d4152be4f98e78d499c4e74,lhasa
5a73316d885b4b6e4d9845100f762e4c,boxer
af750c18726a7dd02f0880a9bf662e31,wire-haired_fox_terrier
de48dcd04693d44183fcd50cd329d2e5,rottweiler
daf771230632470aa69c9da7deb92a57,gordon_setter
5cbc1c6e10458a596cba3dad5de44c53,black-and-tan_coonhound
0755a940eac9a9b8cf0328b4be062096,boston_bull
dcf879aab841a13c41194ec90bc0fd7c,shih-tzu
263a1b1fa0cafa212f6c34c7bf693b57,affenpinscher
4a9ab263dc76b8ba374724a830b1bbc2,wire-haired_fox_terrier
015d86b2fcb36f0fdfbe94a66c0e3400,wire-haired_fox_terrier
d28daf5f2461b81183cfd3dc489e0524,dhole
e97344d98c999f4f9bfa5dc33ca09ecb,papillon
94ba4bdcf98c9ff1a7f7be7c02786874,irish_setter
e220d27b48b78c1b4445273ecd03c0cc,airedale
76f3c8cb1a8cc07aa8e54064d8594a6c,schipperke
0490b67cb414d527d6c21052b1e3b5dd,welsh_springer_spaniel
a4263bf0c3841ddd5ed4b0c40cbd6cf9,norwegian_elkhound
43351563862e3954bff12de51166594a,cocker_spaniel
3f99c5eac70d57d0231f5165621f2046,schipperke
d424c291a9c749ad09769d4f721bb54b,standard_poodle
d8b93a3e7f2635d7487dd2749c194e22,dandie_dinmont
c18aff6cabebcd673aadc864781f31c8,french_bulldog
1ea791cf25489ef0469b4d61ff7eeb38,schipperke
f1e4f7a6a490bd1bb2bfcb5586902e9e,west_highland_white_terrier
65cf08a7274c6134296140e09ea261c5,standard_poodle
ea6f0fba4d83f7225c539d44cf28392d,miniature_schnauzer
18b631157527e14b007e570175c921a3,samoyed
ccbf2d7da8e85a3b60eb0ff8a87af58f,airedale
ac6445debf13b337a2ae5c26cc63f1e5,blenheim_spaniel
ad3f5c4c67bf388eaf1eb180e46fccf6,irish_setter
a1a5779dd322d8c2ba98670331686837,toy_terrier
3aca4fd016f837639d9bef30571fac2a,komondor
a1c1bcf72785306063ae603cb70fc500,bernese_mountain_dog
1f7cf21f817c33782188d57fb12a4628,whippet
062131c6c38a1e485091c8c3329d9638,shih-tzu
cbe63371eb2c2c9fb234a64f8bc149a4,tibetan_terrier
f1e82eac53a1fc3f2e3e4b151537c5ed,chesapeake_bay_retriever
19093c74765bbc1531962c46c2bc6197,lhasa
c13ba8b85ba2f68af5b6104e18b22994,tibetan_terrier
4b0143ca10bd6e90a6edce372a2e0f64,irish_setter
7f843fbf3204af533f9295eb6426dbf0,appenzeller
1d7e21514b5bba48a16928a3d3129fe5,dandie_dinmont
5107853068a2197aacf9313d63cd905f,brabancon_griffon
fa27c3d52a9c8a3c6f6801e92297963f,kerry_blue_terrier
0dcb8150908bbb7b7fff1b9d41a358ba,bluetick
7c2428a8407e0adf6614c588d2cf063c,border_terrier
8bd89fdacf4254cbb1739c541b654351,old_english_sheepdog
dc5ae45eebbefb3cb9dc42550487aaeb,shetland_sheepdog
b737fc5d09de76ab8b5778cc5cc77dcc,norfolk_terrier
94e9f738b011bc5258d0593fbd9d4bb6,brabancon_griffon
0fbacbbdb4ad588598757b6d4bd111f1,standard_schnauzer
c6f47117753a8f83c93ad62369c7266b,appenzeller
e93aa36e6a6951470a703ffb9020e9c4,shetland_sheepdog
109bfcf2de8f0b7eb5f7768a51ebd565,labrador_retriever
47d189e84639fc3f7f2937deb7b5eacd,irish_setter
7a1235e58df9cb1759647c149b4a27c2,entlebucher
00ba244566e36e0af3d979320fd3017f,black-and-tan_coonhound
7cd55fe61c967313bfca8ead6bb94580,bull_mastiff
2c88496b29e8f71e5d4c039e24673dda,irish_water_spaniel
24380b2177bb5243112b3c64008e2176,german_short-haired_pointer
601b370aee66f05584ed3d375c3ff21b,gordon_setter
4479833db2e178449985cacc2aee9596,norwegian_elkhound
9e9573c91725e4399224b623dc48beaf,pomeranian
1312009d41a9488bf5dc0af0289b0657,german_short-haired_pointer
87028ba151a48e01ea87c063e420798b,scottish_deerhound
41ba155b8a13753a17764d73e7e5d6ae,whippet
e3a8e45ac0004fb87d2ac40bad70114e,pug
ea28a7ca3ddea1be196b48623e1ecd4e,affenpinscher
377c941b6884717dfb825cfe1a11856a,border_collie
156e74a393c76b215752d692eccd9135,irish_terrier
70723f841076e19dfb1cfe98bcef84ff,great_pyrenees
d40d6d4e0f03bf31449179b106ac009d,norwegian_elkhound
f2039c11f872cbd5e01c2bbb959f7d45,irish_terrier
2cbde3740c0b20a8324a150aa966a3ef,dingo
c6a38c57908b41c162bff2889280896d,lhasa
688b70ee890696dbb745347a8b682ac3,american_staffordshire_terrier
a8dcd9886518ec9c154e3a1bee625f9a,komondor
5260608983283e195add912bb885bf2b,samoyed
f079fbbb8684c81747227bef5303c56a,beagle
94af603ff6f83dbc8079a1d315981f5a,old_english_sheepdog
d9ab74f0d0afc57158e44c6956883a2d,bedlington_terrier
c577c620fc1c49c52706683485f9d147,giant_schnauzer
f3784274b0248ee82c3eba0ef02f5191,newfoundland
ca824e6b9c055e2d42c33b8c62db93d9,border_terrier
9653df0f5da50d6d0c1f71f356ada7f3,labrador_retriever
8486e8159f169e8c3d4697e5c859760f,english_setter
78c7b5a2dd1c9612ae14bf9e326090e6,miniature_schnauzer
fe624532170510bd80627c0500bafc97,tibetan_mastiff
6680c9c925076285d51b5676d9e13b9f,german_short-haired_pointer
34fea915be06e32d18061ee820c4a306,leonberg
c3cda65cbca60fd5c82f4a4914260560,greater_swiss_mountain_dog
0943d1d4677ab876b52468096baaa2ce,english_foxhound
a7db31e112e983e61b6d7c880abbef7f,silky_terrier
b228a8cc82df53d3725566931a9f2f82,brittany_spaniel
f3f295d33149977b1d67b8a3b6484ea7,mexican_hairless
47ca0986843b9f3d3702e21ab5d2446d,walker_hound
ad6b4e69f343d5b08ecc8f983bf2ce86,english_springer
a9cc695bcbdf1b0ae3784149fcffd8ff,saluki
8ec7f3cb80b55638e2054032cef8374c,mexican_hairless
8d940744e1e8a9cc5c5bdd11333b261c,weimaraner
f36a3d05e27b5e206ac89b4a7e133e57,bull_mastiff
c3ffe489a6dd65d192c0d839ded36e94,airedale
73ec0cb4913739425e88255f57e49589,scottish_deerhound
6503f802e8faf7823db3f36554bc107e,greater_swiss_mountain_dog
1472fb85b5c76d50009137da3dbde052,miniature_schnauzer
0434ddceef3eea9c757c8e9557a2d698,english_setter
084f941981c326f26ea77158fb449c57,pekinese
78cb1dbdd48e40691132cba7a39282bd,standard_schnauzer
4e1e84c7514afacacbc170867924f6f7,miniature_poodle
ef0baf24724a1e0f87543909d5c7dafb,vizsla
f41a4709ea45d334e7fd4f61f4ca01c0,airedale
54ece8d1cb7a77b9968d714fba342c36,clumber
85d6ace4a0c1ffdbaf80479b9368ecdf,scottish_deerhound
833f34f8c542d816fa5c9c010c604680,border_collie
1a98c368ffb2822653ff93475c73deb7,collie
24e2e6d195b532bf0d2fa249f55afa18,basset
7890a3c00d0be71a36e61c59c033c540,border_terrier
37b5d37070d1d054d1879e923775a1a9,bedlington_terrier
cd17e777cdce3939575a66479ccdc790,french_bulldog
6d6ea5617e4a3b34ad409f79f9a2c255,american_staffordshire_terrier
7b1d68beccf7a2974a786bd20621563f,german_shepherd
46e9af7814e561a5171e1405f77e1131,clumber
eed0a81e48da6883e1f3f248b3d398f2,rhodesian_ridgeback
1de5f24f4c532d111be28b0904d5fe2e,great_pyrenees
417efae72babc6847bc551654d339ecd,tibetan_mastiff
c3a0166a2d77b608de86c14739d84ba6,miniature_pinscher
8bbdac6dc170956cbf2e73c55b611a12,pomeranian
33bfdc291f229759f2f93edd86125157,whippet
99fbeea51938834952e2bd18d3244dff,boston_bull
4e0ffeab743baa4d6061e3d35fa4c49e,boxer
da879ae0affd9dc7ffa761df0a16a2b6,australian_terrier
03f2301867ca4d744773c4c06aa61d3c,borzoi
8fb070664c0597ae883da9195c281a66,beagle
0b6239db9b1649fe2f513357c82931aa,gordon_setter
b43ec84e89e07bd43395777a5dcc0bc1,kuvasz
858e7823ed319c10e78d9df1f456ff7a,dhole
8059290af9f126949d82235d5c01e1cf,rhodesian_ridgeback
746fcae0bd84652032ea716b9fbe4400,kelpie
3218df2f90a507530be3f1c2a5b5d899,giant_schnauzer
e3a5ce3bc399b7b6c68a29a9cc5600d4,irish_water_spaniel
7b72f5d09004711ea55bf3269cca5b16,lakeland_terrier
7ead8c2a3bea0889992c529f512dc52d,german_shepherd
0097c6242c6f3071762d9f85c3ef1b2f,bedlington_terrier
e06564ae7d0a60d41052c61076014a95,kuvasz
f8accfdc2c24ee99bca4433e33e2a975,curly-coated_retriever
02e7b5a86cec57f5935374946d4f5dc1,irish_terrier
fe081bb43a6b0902d7ae9cb560053bc1,leonberg
fe7ea4eb63ab5fddea120555790f9187,newfoundland
ee6bc7f8018f819ec1a458ea10be820e,keeshond
523e33a074b167f843c42ceb1dc2f2b3,staffordshire_bullterrier
f55d584110183b570d7b9d03e355a403,dandie_dinmont
de1da53a478bd391889a98ee9063c2d7,silky_terrier
1ec644acf1ed5209697c163919207d3e,golden_retriever
547d9b623cccf3a262db4b35f0c28e2c,norfolk_terrier
ebdf65f440e3f572374c3fd8a0e6ad08,cardigan
43650f09b040cc687b485800a0abdecd,yorkshire_terrier
c2f9dfaab06ef5f7c1a0336d01250854,malinois
7c5cd40bf824a41704fa53c8fab5774f,black-and-tan_coonhound
396a132b48c846194d4ae2e2f2f3f1dd,blenheim_spaniel
9e59cf6d7e916083b3178522091e5318,miniature_poodle
4c178d8d592f1c9e8a7271946399236d,lhasa
af2a164d245c2b4e92e073e2227dfc39,tibetan_terrier
5ecf7ce9b3f1e12d3303c5b2bd40010e,golden_retriever
daf1dde58cb4cb4d55bf4e4874e76153,shetland_sheepdog
3b8e713bd77cac3c4c0bfa228d784266,kelpie
f008c04f6d72140e1c40b8cf6bfa21d1,mexican_hairless
a4a6b8038f571b8399e916a1b08c41fc,black-and-tan_coonhound
d89a7d0ac27039b8dbadc1cafe221079,ibizan_hound
07f95d08b40f1402abdab79b1f834e4c,old_english_sheepdog
20a139198997995cf225389a269a02a1,clumber
1d2ec10745124186e6e09c70cbe7a0fc,dhole
abbbd390647afb9e206005d01ab92316,samoyed
20898ac13cbf93d1c4465a32ab96bfb3,malamute
3c1d462488d6c09476308492899debc9,german_shepherd
c474bbdf3334f107a1d6ca5c9af86df8,west_highland_white_terrier
c86661fc69fdc300f6bfb5f4e9e4fde3,rottweiler
cdb32ac86d0475b5d32667582acaf267,shih-tzu
44c17109d8c8b908d5c96a6fd8ab23c5,maltese_dog
888631e6931830b648622873fc5f6339,groenendael
2350636fa621328d21bd36798942b051,french_bulldog
44a6b112d716947a321d091195da0404,norwich_terrier
c382eb18b911729652590dd12628dc24,boxer
f80541bbc3592999ccc617bdcbd9fde9,basenji
ffd3f636f7f379c51ba3648a9ff8254f,dandie_dinmont
ddcaf8e4f88b5c86a622cd62cfadfd5f,german_shepherd
1381df385b4c5da43539ab48633bd9b5,shih-tzu
db953c4fb2ef6767dd6c817574b4e447,norwegian_elkhound
69c5d6ddfb492128c05de0829659a35a,chihuahua
d4282be98a29612cbe5b01173e99f704,giant_schnauzer
e7f6ec634384c07f7a0f5659e4f77867,brabancon_griffon
ea607b36bd3391a5b4fe4c547f5dd7c7,irish_wolfhound
387ae4422add8a82e27f14da3b778a5f,saint_bernard
9fadb3a7aa97e0c652a99c7939d92875,japanese_spaniel
b51e9d68eb9a95484d2e64ac7a606384,kelpie
4e2cda005cba7245c2be8a5966fd863a,miniature_poodle
1fcf6fabe24334c14041f51b7ed02f3a,scotch_terrier
3c65aeb053bec900d1a923a201c1f99d,irish_setter
424c3990e83cdb18b5d0fe48a5cf7327,maltese_dog
c04d5d982202a31296b7da98b6ec06b2,komondor
59b81c54d38a204dcb1f65d14cd0bae0,gordon_setter
113c17f9199d16d1a9a1b16e3740ef78,staffordshire_bullterrier
319d31cd075dbfb583d1d9a804b8bbfd,rhodesian_ridgeback
6342835fdefefa74d102b4716a151c88,weimaraner
a7fb820b4ca5f9dc6ba8e1a3823cb882,afghan_hound
c14d79e9e4e88583fcb603aad4ca2493,affenpinscher
56d807f7742fff836b4d6ac6386ce117,miniature_schnauzer
373cc94717c239adb17c67421fa6d73a,german_short-haired_pointer
6b68b4c754b4d9bcf1793446f79b898b,italian_greyhound
0a438069d5a8a8a079ac131d74c3a366,dingo
74ffb8a7f908911c5b39808feab0a582,schipperke
2b59fa5e6e555a4f1b82cb088dbb04e4,bedlington_terrier
30b62336313d7ba5eee9a0a00f25d976,weimaraner
e8d09f74216aeede7e77829e177de7c0,rottweiler
d4345a369e8853520659f0dfca8b92d3,miniature_schnauzer
4038f45a6b0aa398b80c5aad23f9132c,english_setter
cb2355a42af96267976f7f0ecf0f0de7,basset
85d3972b2b9a373993bb17e8767b3dd4,dingo
693210c500bb7b78b5ec2900aaaa943f,irish_wolfhound
c040498df5ee68644331b9049c55a320,west_highland_white_terrier
8d64b701b234458957a62af9b81944dd,australian_terrier
4ff7c7600598db4da0bcd5844a4a7ba5,italian_greyhound
0825e8471e3c9a14dc341bdd8630f05e,golden_retriever
b0b7aaaa673295ace0ae4d9f248b71f1,siberian_husky
b37bd77fd4cf8db40bfe52340ffbe969,bernese_mountain_dog
1312d2ca6f4bfd594624f7161be73ee7,eskimo_dog
8ff0a26e39535edfde6fb02bdd83e9ad,borzoi
2e6f6bb5d474cbb03319df125832e1eb,bedlington_terrier
3fe86d55e854c8bdc80e02c3a9c96843,scotch_terrier
0c8fe33bd89646b678f6b2891df8a1c6,schipperke
e36b6d896092fa3f2b3298ce7adb2d97,brabancon_griffon
7e09628892ea2cdb5abddd8b345caf4c,afghan_hound
77b3b214f0a852524906fba0f3f97f0d,samoyed
ce125f9866c84532e94bfc1fb7998df8,airedale
299c6788d1b91d1553a54a3fa9de2959,clumber
166d9a55197d0c21068273cca67fe2aa,japanese_spaniel
5c9f44926bd503111e97b4e3ee5cc0cc,shih-tzu
d82b5016c8001998b9b9a1cf22806350,borzoi
7dea1389409efaf7aa32b03d01c6ab52,saluki
bbe48b3332c05b09c649869e4e024275,vizsla
f28df9c49c705281298bc288ffab24b2,boxer
efeeefcc693ae837060c1c103195c4a6,silky_terrier
b1f80a20da3b0bc83d6e5d526592ef92,boston_bull
8e68f99a0188facb43e8d767d3918c81,australian_terrier
16d2d5edf52892450e38aa4f766c2eea,toy_poodle
c8edd4f20e6fee048cd1a61067a1a4a3,great_dane
cc08970afdec42e3c35ecdcb82b88343,miniature_poodle
730b9daa84e26a4083a99f93a3d94dff,lhasa
3f6b8a9edc0c43f2de4e0f609c06d54e,curly-coated_retriever
34f1d01a191a52a73834dad434481a8b,whippet
499e40bbba7949d34154a08c751eac97,keeshond
3c3ba994aa80bb46767cc331fb11b96b,lakeland_terrier
0b6da522f27c115716285a4f7187969e,basenji
ae6c48de2e67185c62fd8bfb1311bc9d,toy_terrier
ed894588cade79d0253082f96f2a6310,siberian_husky
256b9947f9be5c60b21fa969fa51fe2e,bernese_mountain_dog
e92c996c9454434af5a9e702076338dc,vizsla
17193d29b9833d783133f4b13f12f513,english_foxhound
eee79170e91e4fc80e2faa8b0d4321ee,afghan_hound
51d504a80d631dfbaec14eca2b04089f,greater_swiss_mountain_dog
e139e3a836bd9c57af5355847b8eb805,yorkshire_terrier
2e8df776be90cef2e363474dccd92cbb,welsh_springer_spaniel
b663fe4bee1907aac5c11313307f328c,weimaraner
d3a8cdfa1c884e4a2557ca711bcfcfe2,flat-coated_retriever
16fdb4a145a7f5695a264ba980e23bc3,norwich_terrier
64e8d146615645ec07587b6cd8f03f32,english_setter
607af117d6e596b71476157ffde6ed8c,chow
4a1f37977be233024903705cc53a621b,malamute
8434b6c3cee87e28395197d6fc7d3489,chesapeake_bay_retriever
504627eeec47b4a2aa84245b1c783b07,bluetick
17d2ef6638b31a9be935774b2b873499,mexican_hairless
40e9358c1fba746471370cc4d920cc8f,rottweiler
ee1ce2280494dc07f516970abee34d55,airedale
153697b802875722cb25421a661a4526,yorkshire_terrier
5e138789715a8ed28c7cc93c0df6f7a0,saluki
0512c1a59449a9c8c83c95722028ac90,basset
a9ddd222a196bfdf07f52b227b27bf1d,walker_hound
4821f9545ed5fbf1d92faade11bd5648,mexican_hairless
712430f180d67dcf181c267c63e2d2db,dhole
34a2e0cf51238ef0227dd59e03b05987,saint_bernard
3c2c857fb2934a90c07dc94217503dc2,japanese_spaniel
1c04490a72706a3e0cf860cdf71f7c44,greater_swiss_mountain_dog
b51261d75a427148d502ecd9108312db,doberman
41b303da4d541ba4b8d9162881f706fc,bernese_mountain_dog
a45fbf6af618701f6dc93eba5729689a,keeshond
3446be33d82896c0f17a2fe163ec287e,welsh_springer_spaniel
e42d24760fcb9e6273a29e2f083ba9b6,basenji
421c63f9911a67eb38401c4c51c9b294,blenheim_spaniel
34cbb550d54848f97181e3c041761211,brittany_spaniel
6f3f29c37500a418da5f974dd9563006,kelpie
4868e6dd023cf0d31412362db3b84de8,yorkshire_terrier
b9703b559578d34c832cab8b43887289,japanese_spaniel
f411d5b28c9174da6ec9c0a85837fbfb,siberian_husky
a7911b0e539a90bf79a9352161a37e68,soft-coated_wheaten_terrier
3cc8881795884439670f3b6722ad1482,african_hunting_dog
65d34cb4b50c30b759f43372d8f04416,lhasa
633f5c9024dc628fb603e42dcc796000,pembroke
204b3f0122be057881d4cc6794bf48a6,redbone
492d16aab0e9c7b6e68093202ec1cb61,lakeland_terrier
5c4a15179b8b243d0ebcdd4025d0b6d1,irish_setter
4137b32e97452182bf21a4c5accf8daa,kelpie
857a4db72e722ecd29b900da9cee6036,doberman
1a1276cf82c2a5dbc9c8d732a795caeb,black-and-tan_coonhound
c2c0f72ae94cdf9bddb23b3708568f61,tibetan_mastiff
fa4387315a7d0a81f033dc647546220a,basenji
204f7f0385120edfc182c04dc47cb295,sealyham_terrier
26d012ce945eff58576c47e6e84140b6,afghan_hound
33f3cb6da6396ec8861e877dc30b5b5c,collie
e4b586f1a120bba42545d866d45d0602,blenheim_spaniel
20c283ef7832a436eb919800f2be1718,great_pyrenees
4b2f8a39135f080e4830c0de981890da,saluki
4b9ce080f420698deda6df4fd82240f4,staffordshire_bullterrier
5acd76effdf001f210d781caf0b3518e,standard_poodle
483a6d59747312ff93e58774e251eeb2,american_staffordshire_terrier
e90868c5948296e603f26b2d2696f9c7,soft-coated_wheaten_terrier
7a3c94859e26ad31c92fb520306ca793,dhole
4a6de99a84c6dc1cf517bb43cc9fd80d,basenji
2d407c6de2a33920413e55599a07f171,standard_poodle
2504c258bacb5fb0fd35c0f46330d6da,irish_terrier
9b50462f24fad5970b2dd973e69b1d87,greater_swiss_mountain_dog
dcda81d6b22e37e4c0fc36a383a61e73,toy_poodle
93363408e03721a55c0e179e9540d048,lakeland_terrier
84f5f076b0b951d68f88c8b795b7135e,irish_terrier
ae4c32628d35d498c9fadc9b56137d52,standard_poodle
6fdfa3dad723189d42b506f366573e84,australian_terrier
54fc3e6172a6202d1c66ccc9ac3d4aff,affenpinscher
fa7c0ebcade9a63facc59f32f96a5c17,english_setter
dbea4a468416494d088a8854218b099c,scotch_terrier
5b93fe30e02f555ff6c3ae5e050dd752,staffordshire_bullterrier
d8618518fa937be5f5754a6941398edf,eskimo_dog
fb6bca9a75ead518333fd3c98aa4dc40,kuvasz
6727cd17680b105d9b305ec843e945b8,maltese_dog
23ddca9977a7c6547e2502b26cec80fc,chow
5d8fb985ef8a66bfe4f40b48bce9794b,norwich_terrier
8e2a385becd796ab5997a171f5cbfecd,chow
60502fbc352b32d376bc768439c9b67c,eskimo_dog
ce823aba64bddcca96b7c3c7f8862f36,lakeland_terrier
bbb4831f4cddf33b5ca25152dba1963f,yorkshire_terrier
bd2a4492ae1a0fd8b77dab961de0f71f,beagle
441ed2d94ca1a9c041aa6bbc3709719e,english_springer
e62e94130670395491f57ca19cc540e3,pomeranian
483f8ff157253685d2af257f458cca4b,leonberg
d971e8cc02852ea0576cf9ecb295c782,siberian_husky
5117df3fb07a466715b39c7d50be2267,bedlington_terrier
dc58e98a94ff4d49ff7242b5b860f167,newfoundland
c78deaa29212d7866ae0b619fce37f53,collie
bc1e529af6d62fca70f79f9f498f8d26,newfoundland
9305df8ac8d5c0744b124ae260d55099,norfolk_terrier
b768b02deecca8391d2b4034cebf527c,tibetan_terrier
f3973f4c9756bbad4b3b6d9ea459a15d,soft-coated_wheaten_terrier
e97b337794ab4b95db5e2622156de547,giant_schnauzer
a224f59b846b137d254f6a5ad0d79039,flat-coated_retriever
16da5fc3f2c4273902da11aafc13456e,toy_terrier
8c547b5df1aff986fa67f9efc97459b9,leonberg
d93bed54dcc81a02081dc07acaddfe0f,irish_wolfhound
a2231ba7d07b51253f5c443540896d16,pembroke
49186fb43178b462d273cc98e330e26a,afghan_hound
661bfcaf851383a9279d82316c5effcc,norfolk_terrier
26651353258a387aa573b7e0d0d8b17c,appenzeller
45f35f209231efc1baebf0729ba4e01f,beagle
94c4d59a7e93326c11db4bb1d0ca8a23,papillon
6c03dd2dca954146bc5efaee3f10697b,italian_greyhound
2f7cd312a36c63d9e041c4b1ff173ba6,sussex_spaniel
c72d3f068d6fa7929104de1c6f308c1c,basset
d5c742090f2d1bd616784d96a59bf941,yorkshire_terrier
3d07ed5c96d067aeb9dd2ebbc785aaa5,gordon_setter
19338a74e8e5a84e1c4bdd59309507a5,norwegian_elkhound
cc93915e06bc55626a02af95006a48c2,irish_setter
cb6089de7b0550c129c6366272b90b03,old_english_sheepdog
f4c3afa01a61b3471656b42f8d5cb1e1,maltese_dog
b13299a4da33368f9d14b3ff6ac0eb02,bouvier_des_flandres
fd03162f0a586bbeac13c33e74d24e73,otterhound
d49881b37b1528c52dc418d03d81823f,norwich_terrier
995b2eea7f725108196ad726553ceb41,pomeranian
0e0e44349e6955bea9fea91de26a6980,briard
ee8ed8bcfdf48a835e39bb8deca77249,irish_setter
c099b358d9f75595c1de41b5b27bfd36,maltese_dog
db357e6642c684e75ee8dbf7305c9f47,flat-coated_retriever
a22e9ba8ca7760673290efe27bea6dea,gordon_setter
7062866964c8894fa9aa0c91ced60474,keeshond
7383453b537d0359450a2ff628eef75b,welsh_springer_spaniel
985bbacc9509d794dde32e0619b3264e,old_english_sheepdog
0eafdcc7628b2c74983819f40c763c2f,tibetan_terrier
ed119bc36eb02fbc0ed75e4d04440e0a,briard
215fb2b75397fe9010c35fe84f2a07b2,saint_bernard
923ae97ae8d714eaa8a566c8a0370f22,malinois
7aafb1cd5aba33e4097e41ea4166ece2,scottish_deerhound
906dce11c81ed107495bbbf1e96891b7,walker_hound
bdf2a1c73fa4fe7fd2a26356a30cb25c,basenji
30fd3e37a841d7aaa4a61e145226354e,brittany_spaniel
deee559315624c49a59358335660ce37,border_terrier
c0f1af3542270b1e4f1be3403d17ec35,dandie_dinmont
bbe814c589a59d64da00fc4939ee09ba,leonberg
14cd98829e4e99e950af3cbf94ad1734,saluki
e270622b5ffec8294d7e7628c4ff6c1e,brittany_spaniel
e866558cded733e2788c68b170752f59,kerry_blue_terrier
5db5f37543049738ba92fbb41a51351a,papillon
5d65d1e510fe5a0ca5df404ce3db48c4,siberian_husky
b3040f625c658c5e5e41716a837941b9,sealyham_terrier
68169c9827bd02d335fbccdfcf26bb04,ibizan_hound
411f2ae9ea70299b09ec03af2bcc8c04,maltese_dog
dc893fffb650488d1d9afa5fa70a7b73,border_collie
37e02d7e4421b6db765d08e4a4775406,shetland_sheepdog
44e59225be92c4cecb96acc669962242,boston_bull
31fd242125511aecb44e810378c889c7,west_highland_white_terrier
f84472e35734f1c9eb3be0372ba522aa,great_dane
71b41c7ee1ed59ae1dbc8f4fa9da3bef,cocker_spaniel
78892d355550946552b770d51a2cd67c,wire-haired_fox_terrier
3b3dc6881003ac59ecc5321adbaa9350,scottish_deerhound
302787e28465a9b52f421de708046251,kerry_blue_terrier
a048795ed9051cdcf322e407293ef855,toy_terrier
131d708a270a3ebca285978bf53df62e,tibetan_terrier
0dd1914e122292dfbb25e35537b511f6,cairn
489bc4360c9c9eaf34201ed5373afad7,lakeland_terrier
59cd819324bb979fe89e1386aaa79b6a,leonberg
e67eb5ac576a272a62033127bf4e6570,papillon
a290e911f2c3fe117944ef7e0b42cb03,french_bulldog
d58b5b82b7d9ee79e4206e2be1c49528,dandie_dinmont
9708b549ad1a33a5635220927e200fe5,weimaraner
174c68c77ca368337e9fc35112d7b842,dandie_dinmont
db431821761a83efec50967b2a04e289,lhasa
6ed008f02d1914e33f46b42f27dd5ad0,old_english_sheepdog
ee5eb948999e9f9de1ee4497faa0ffff,bernese_mountain_dog
680a84b9565cf178d95cc02b6f66969e,malinois
ef761ccf005b7bb9bd6a094df7e07df5,norwegian_elkhound
e0ba27b6d9250ab716da71da96b3bca0,curly-coated_retriever
0e532335572b91360975154c90381689,miniature_poodle
2890d759f0c2da8c2942cb9e5707a41c,doberman
ab1b5ed3e3894eb6caa70609add09443,ibizan_hound
1e06d7f87fc2c11ac1c7ae10c10d5e63,silky_terrier
93806df837d1bf71567f511c6cb19a52,maltese_dog
2ae9f5755f70cf91904ee19f7759b065,cardigan
58907ef2bd01d75acf0a6a6ef9b60e58,standard_poodle
6366e33e378df764b143dbae6809b756,beagle
cf0b75d1f10ab79d91069820c99dc4fa,appenzeller
3c4a342c6aca01e2a31c03b072916fbe,boston_bull
ecec3a80a97ce33d7c6a25c96421a26d,english_setter
783d78ba59079ffb9c3c0bf8252a72a9,irish_setter
5c4e40f3302df35ba2ca23d0d7e195c4,bouvier_des_flandres
f8387071cbb4e77a274ab6035c3bb687,pomeranian
70eddf2b2ac3dd2cf35cac5b64b3de8b,schipperke
70f9f88c25bfdaab568342b7163171e4,norwegian_elkhound
8215b9c75eb7c7d503de426b7175ea36,bloodhound
340c5a6ff260c7896682730385a8d337,standard_poodle
d48a8aa150e8ec0f97868af26bcc0a93,scottish_deerhound
07a0214fa84969b5256bf7d20f1b3a9b,siberian_husky
e153e4725d7323d1833817d7cc1c9b01,shetland_sheepdog
a2e01339b8f644a81cf73c0506193d25,pomeranian
5d880ca5cd6f4410a4b793f3761ae64f,australian_terrier
c6ca92fae93fe8522b240a663c9065d8,samoyed
a5e8b55e8a408c9e63bd2986b56b9911,irish_terrier
d804a278c01fff883a53104d1aabe307,shih-tzu
3abf32c83667f356c2f38994e0477a2b,briard
db2d64f588c6c0b2394dde9db440daae,miniature_poodle
26cff375af0d80056c8932750f904bdd,dandie_dinmont
b281302557af3f809a2beda37bd5a73b,groenendael
77d33d7560ca0fdfef1a342bd70ac80c,newfoundland
11e572c36d23d362ff987d7f8828dd45,scotch_terrier
7f6ca83eb56cde5c9669515c555d9440,redbone
c08217328f5635e74fc0c0886bac26e6,border_terrier
ed8bd115216fc760fd0ae45471791f7f,leonberg
2271373cc892e5a5b04f9c08adf250bb,blenheim_spaniel
fe54e87e65fe0c68670c0dd1a923f1f0,bouvier_des_flandres
ea9ae902f4ca9241c1187992c51db9bb,weimaraner
ab46c386186878210a528e7b5f7d822f,newfoundland
9f134ebe862c8fcd77bf283f89510fda,basset
be1eb6914aded0282c88d6218ca94769,whippet
f5d4b4e4770d3922b6b26dc46bdc57af,chow
1d92a0059bd7c969d0ad0e00c3c6d7ba,great_dane
25b02d997fb29784ffa5d767cb0481d5,blenheim_spaniel
0974b614b86b829821067bd0b1808b8c,ibizan_hound
41397398c9a57e8a11dc9c1d898bdf8a,maltese_dog
54970402b5794186bf9809aa2175b0c6,rottweiler
0d693ab130c18e15f923f59eb102def9,scotch_terrier
42bbe88b83049f89c22f08f824b04aad,old_english_sheepdog
5f600d2a1dbdcb0249183fd98b81ef23,english_setter
18fa3a34649877d88173d1e3c05c12ff,whippet
9ac83c1117b6e08b1da506bece346e4c,shih-tzu
f4f070765892e18ce99343779e9058cb,black-and-tan_coonhound
7357e516c31c862461b63e21e52213d1,pomeranian
a2c5cd0d85ebbd6679bd8320d90ecfba,pekinese
503695039f80f78a60d6684d553a303f,saluki
5b990c5fa64a8d2d795017dfd443284c,shetland_sheepdog
4a82acf2c9012deceb171d16e7cafe95,toy_terrier
b7341d35618784cf8f9844796df7f249,bluetick
ca8e824e2e6fd1321271321ea5034fe7,tibetan_mastiff
a730da7fcd2f9699ba71745e8b5256e5,cairn
a85648ed4bd628838f5294085495293c,border_collie
3b9b24bb3c03a85c0926bfd26dfd6d8f,weimaraner
8f049f42311282d60ce3599d34a47a04,bernese_mountain_dog
fd4816b0b1bf94c4868d16da9ee87e10,staffordshire_bullterrier
9b68e62359ae82765612cc902d7a83d3,maltese_dog
37a141d901fa49c2786efd49be9f85a5,sussex_spaniel
aa76a766aad6753f32298c00a0cb92df,scotch_terrier
f6f4398177ec0db196ab4ae92d79c6ea,clumber
e59ba8576716c823f7731385d802fd49,scotch_terrier
7ada1dc3cc4d05c678833061e16fcd06,japanese_spaniel
b141d970534f603326c0d3bf1a60765b,eskimo_dog
0acfee91dd38e53a20dd1488a17e9af9,keeshond
9b29a9cfec9981e81d0aba83dc0be40a,malinois
37abbc0cb6080df35225379caaca5bd5,tibetan_terrier
9f89f0711c1781582859ff9aa3b12906,sealyham_terrier
3ea91cbb825208d186e94a0bb633ee75,miniature_pinscher
c579b9716e6d0e777010642d40757752,ibizan_hound
c8e3dc121315607f4460e92f8ca6da03,japanese_spaniel
d2e61a4e7c51fc88d45245f096df1745,brittany_spaniel
43e3340fa80085111df39627ac4b3f77,great_pyrenees
e0629e36f6f2f4708db4b4d68bf1a75e,sussex_spaniel
37dc6b7f49b757855bcbf64d7f203b5d,basenji
c87fa55ed185f89542a7ab8d9e92b52f,eskimo_dog
f7c22e91e22c5a97abb2b7d9bab98809,african_hunting_dog
842e3c6e44fda4102fe83d07dac72b3e,newfoundland
166da5b561393f0dda932f562c39bc6b,scottish_deerhound
496ff6d8b62644b35c39b735e95887f5,bernese_mountain_dog
0428e1ae313156ec06dc42096cf1372c,norwegian_elkhound
2767bc100841ba96c5292f8c94086574,papillon
2b0beabe94af30c51d3d3149c4832c38,bloodhound
9ba6ef3e015eb8637565361a6218c65a,ibizan_hound
4b1d4e5e91b58eb73861a3841fe1ed02,papillon
efd5885fbb8243c327c98eb9505742bd,german_short-haired_pointer
d4a4c720a052e2004879b0177473d53a,basenji
faf615fd8d21d9906b8ab5091e4f5b82,scotch_terrier
33e6e9778f204b714e7f205b6830da7d,pomeranian
e66b165e767d45ac2ef046873a27ed29,wire-haired_fox_terrier
498d544cd0857984fa7d10edd80cfd98,dingo
e3728ac64318af2803ea1774459b2df0,ibizan_hound
5cadfec7e208c688354844dba4befb92,soft-coated_wheaten_terrier
8693c4778a1689333d01a5e505fa7993,keeshond
62ed7b73d7cbc37d2e4415e22c43180f,leonberg
5da9f0c7bbe0cbe6bc523d1749673557,afghan_hound
5088e57bef07cbec29bf98ae9df57f22,tibetan_terrier
73c97669f41b2e3be246b24c6aa556f5,african_hunting_dog
4919e7bd16a949f15bbd2bd00953595d,shih-tzu
44d762c4a75afd582afa98fcd15d1ba5,borzoi
352a38f2e08a6e001ecccc15a826c147,cardigan
4d182297da4054905b1de22d440b50da,pug
40fc221655af1f9ea340c3105a5a250b,english_foxhound
e5064451d5ce1b406452427679281bbc,saluki
b0209bfa37c3a298bc2c660740e970a4,brabancon_griffon
f07d7513b336f4cf1ac5be3b46eecd66,basenji
ea5be84db93c42752547df879813ce47,japanese_spaniel
e12986379661597e7c287008c89f4ea6,schipperke
a7cb736f47dfad51eaea833d6bd45e85,pomeranian
312e131f7bd0a24c7c5766adf4932d97,boxer
813474ce7dc7e430cdc4d6d4b3b7093f,brabancon_griffon
617de2873f3813fea2a288d88de7f818,bouvier_des_flandres
fe13d46f5920f0944e6c30e54ac0e2a5,komondor
e3d9ae0a1ff03eeb37b6ca4bce7bad97,beagle
70d6066bcc9796967003a09cfd60e76a,beagle
f09b337e8e9424b208854b361f28e39e,beagle
7662c0c55bbc3130972f9477891db973,norwich_terrier
fd7eeee1c55efbb222223c2fc0b1bbbd,blenheim_spaniel
674a772d6200cb572545dd038faefbb1,samoyed
89380eddb8ec8802ec7e19f5dc65a74a,pekinese
93afc2044e1f3e9ab0134f569a1c11b7,lhasa
937e122b29817a9aad7786d14b713cf3,cardigan
915bef1332462fb6e5c60f2ef93371d5,japanese_spaniel
6e2c2e1c624df79088b4362afd615ef9,english_setter
62a5a90155e6358b980d951612a79e45,chow
e79578de293a0b46e92448ce8f8bb69f,shetland_sheepdog
45c8871a88b0779b7e7377668ebecf0e,german_short-haired_pointer
406a27b27638b63f4459fd153815fce7,weimaraner
243c8cae6ff9dbc1d40651bd2af23ac4,pug
7ea53b5b77b4c5020bd5b94401d9cc2c,blenheim_spaniel
f019e943f7b7267ecd2665eeea73a4ce,english_setter
9525457649263d9043bf96495394eceb,cairn
47d4f98c92dbdee91d4e47dab737cfef,irish_terrier
d612ce8febeb6a1d74add4669a002530,afghan_hound
14cffe576239620f1733dfe487dbaa6f,tibetan_mastiff
910571cb39d0ea06634d05a2b22e6334,chow
77f1a9085d57f10fcf733e45f565b287,staffordshire_bullterrier
19a845cb10c06885ee147501491a65c9,norfolk_terrier
551d6596c290fc3f4032e6e2d6675f5d,miniature_poodle
4dce65a2f4238d6cc4d291a7c8c92c90,miniature_pinscher
2d2bc64f5ffaeae46af748c7f6c2afc9,newfoundland
f4d535251be4d6195c3fc5d6a2c31e03,american_staffordshire_terrier
dd826e6990638acaff24142f0d4b0b4b,cairn
7bc7194efa91bfff549675b6d7a61bc1,soft-coated_wheaten_terrier
d7cee5c0a1a30d94c7bb60b47c699d90,gordon_setter
eadb3e22a37eb409670a69c6ad4de19a,australian_terrier
67b76b1910b9557c2381a807913a14be,entlebucher
35f63ed3f8103464956787f28cd8e74a,kelpie
0ebfd68f64bd750fca790f0b40d69481,giant_schnauzer
1a013375fe1ee7dcf4b2189b3b68c43a,eskimo_dog
f97da1d8c57873986183092ec4d5fc13,japanese_spaniel
054f069e01a809b23a9da31dd8f4841e,chesapeake_bay_retriever
0d8d386390ba269dd4e475c20b91e8f9,pembroke
233e7b6febe7608844276bb9c04a53f1,komondor
fcecf02b9cc36ab7c4db440058f331c0,chesapeake_bay_retriever
a83eb7262a110f944bdf2281b55ec374,norwich_terrier
ef80922725c7fb9865005222ef30714e,schipperke
5f4bb04cfbde2a1d7c8ab8489dd60929,bull_mastiff
c351c6388350e97f13e22a482b91c6d2,chow
279b0cdad8d881d5c8a90f1a09c73561,komondor
1d1584d7fb1d92bae311a7e436829e08,maltese_dog
a157149eee9f9262b497534d5f05742a,blenheim_spaniel
c621e63e70cf610d0998508443e613e7,greater_swiss_mountain_dog
50b1e50c12cdbbd74a1a25ce5c572055,soft-coated_wheaten_terrier
bc32a77ad912e807ae82846de95bbc9c,cairn
3f486f9e50d701e19bc85e4447989fb5,irish_terrier
d019f029b4480dfcd04b0fb07249a9aa,toy_terrier
618e1ed235d990ecd84757ab3e8ec149,irish_water_spaniel
d265584fd8255cf0ffb477cdfddd32f9,standard_poodle
7253af79b249400ca425291d9ee8ab8d,black-and-tan_coonhound
37e0ff557ee62b1866140fce49c51fd5,malinois
0a6c192b96e55e2ca37318919b1ffae6,collie
6093b245f9b85f0f39f9824cc0279029,old_english_sheepdog
2caf050afc8dad52c1e250eaec964bf5,clumber
f3b343a1d0a394e5d29a74f31f9922c8,appenzeller
d4327728d89413c88bcea2b1b5efb706,bouvier_des_flandres
7e5300a4c551a23c3e27b4ca3b77fd62,airedale
6e50ea79d77639d08264d15d8e9012e2,vizsla
445263c4349c957b9d2a87f5646699c1,tibetan_terrier
df49b6b0d9d61736047884253bffbf46,great_dane
de93e2daa7d4993c8e531eb71110ce46,bernese_mountain_dog
a63484a418084bbfd3158505b0bf6f9e,miniature_schnauzer
d9e02a65ba3b640f29e3e0bbf9a70ecc,samoyed
09d7cc03f9e9730bda53b4a590351838,papillon
f3c2b2523885755ccfad67ff51308c98,cardigan
2a8bdeaa403b876927c3e4efa4b74d7d,flat-coated_retriever
a33b2afe121439623baa051f2c396c01,tibetan_terrier
38561c8b2f9f72d03c960e9831f9663d,standard_schnauzer
ad15d290cc87d4c3afbe21061c71e465,scottish_deerhound
ce293768d21d78ee39f43642af69a674,leonberg
21733ecef08819821f584f27cfc961d9,irish_wolfhound
533a20015e498027817bfc0e32c03bee,afghan_hound
af6fb94b286f01effa542e8ea69c1322,kelpie
da06e7e70ec6a779f1faff2e40bae448,pomeranian
eeef7ff1d9b702cc5eb3befca986f723,great_dane
77da61ad8cbc01b9396b05eba6b08dc7,norwich_terrier
6608429a87b9395181c7f500f2ead9ee,shetland_sheepdog
1a791138acb17fa1d719b4870a61dad9,english_springer
ed563a008568fe9ca11f9dc662826c0c,norwich_terrier
31a7e1dd52e2fdef50778e8569788d1d,papillon
8d2eba220c4199ebd37db6bceabf4969,miniature_poodle
66eacf3655c96e50d637489f47f09215,staffordshire_bullterrier
3aa370b64d9212e2c8f46ab17ee0857a,siberian_husky
be9c349a5a1ebba4ac4653f6316cfb9c,labrador_retriever
0f8e8464cfa3bacc074d6e0289d6657f,irish_wolfhound
00693b8bc2470375cc744a6391d397ec,maltese_dog
76d9f6a0b04ea4997e7c58abef533377,bernese_mountain_dog
38da992c0b9fbcac4127a80fc70708fd,italian_greyhound
7da8b8bc4de7303c3142d05059b6c4da,lhasa
a0149e2a9b0584d29be0a68207899b9e,tibetan_terrier
5f0d651fc73680277fde0ca0138681a8,brabancon_griffon
b2c2f184cea6a16eb97267e1eae4bc04,blenheim_spaniel
a2cf649e9d08ee2289ca1dd90e089cc3,miniature_pinscher
8278b608f5c569eaaf3f4afb76c665cf,cocker_spaniel
e996b051ab78dd47c2ca379c70b6f27b,pekinese
4374f725ba2ed881e4ebd32b4cc40393,irish_water_spaniel
b4b94f2b42428a8260e67127bdeb4341,papillon
40b81fc7cb10ff1f08762f3e034e770b,japanese_spaniel
671b62cea40d933941a7fa5d00955d85,cairn
4a07da63c52fd01ce23aa561dd88b9d5,beagle
c37db8384c30b6da21ee2879eb54ffee,australian_terrier
6597afaacc6527e63e4f21a552b74889,bedlington_terrier
8fb2be84faae8faae043077b5508bcfb,sealyham_terrier
82fde5fcaae01023c6625fabe6bf8637,dhole
e12b685cebb695b56fd1168dd4386582,tibetan_mastiff
1674e551b6e45cdc27a3014ffb83f374,flat-coated_retriever
1f825609b43784e073b718ec559ed397,norwegian_elkhound
3d7405de56d708ac880ffb2626b95b45,siberian_husky
21eed327a3a89c7e6d37949c2ab43d27,greater_swiss_mountain_dog
bddd13e14c54a5ca227fddcf968d99c3,german_short-haired_pointer
9ae65ac25eebb9df589c09eaf01ea818,english_springer
814be837610c46b122ff45f71e97133d,standard_schnauzer
b58abe0f8254c308bb3334e5784caf91,pug
de578be532caa0a0cfecd1a553b7e373,old_english_sheepdog
dd19ba0779065dbab0c28842fdf5851f,boston_bull
902f55bfe2b33a66ba183de39a453d5e,brabancon_griffon
055429c6fb404af27ac52a08216e6cda,shih-tzu
439652e1b5e6262917a7e59cf9907171,chesapeake_bay_retriever
f5c21557b2fdf621b48720357ea35df2,scottish_deerhound
df12a66b9b154c8bbe922846944e2ef2,boston_bull
f8169d735ce64c6b8e4c421d61b2d3b5,bouvier_des_flandres
9b370c5ad5420941ed36037665a2ab00,papillon
602c5519f8d7bae2e2950a23471b76f1,border_collie
3c1be3df90b1a242325de9590db32ce2,doberman
520ff370916dba1b34cbc94e07748805,pembroke
f485a9d5afe66b74092e8178f67d34c0,blenheim_spaniel
31ceb3788539e33a6f0b29c5feb194b4,silky_terrier
decaf524b73836c58c7eb371cce2b980,golden_retriever
1ce3cf17de2be8876ade2790d6ee5282,english_springer
30e13c562674d156443f1466a7a219b5,lhasa
a4ec1fa929c97464f92a88d876e1bdb5,pug
db7d4420a51a8928e82bcb1d9a6c4167,dandie_dinmont
c32970356e71b965d203a0617fe1ecde,saluki
eec0067218af5d0cca32a504501b98f1,norwich_terrier
ff84992beff3edd99b72718bec9448d2,bedlington_terrier
8a2a22dd80d59c330c3995f49b74abc5,clumber
afc5597e39a5eb338afde2bf75c6a0b2,shih-tzu
7fd78953120346a62d90e8732adefe72,yorkshire_terrier
3596f16877c795885a6ee68c5f149a58,eskimo_dog
7bdb38da91169debedf3f5b2bffdc014,scottish_deerhound
ef1bdfc864035ed213fd676c24ba14f0,bluetick
0b2d69f59303805f17055bd59615a297,english_springer
e288a162bfb38659a7ca6809546b6dff,cardigan
976c7c90a2ee23ee68322c943d8b8ccf,old_english_sheepdog
a13095bdd2938c8666addc680b84589a,newfoundland
1fbe78c5135f73d021aaa756ca69fe95,gordon_setter
1c2cc24dd7a94cf6ca34b7c9231dd1ce,japanese_spaniel
0310a425f26d797634aadeb66bd63ef1,rhodesian_ridgeback
4ed63c8e6d280d855fc7a15c20eed116,malamute
12815630b892efa2744926fe59382491,brittany_spaniel
ecc1a9dcc73f00726ce6a7e79ef10a1c,borzoi
eb64bbda1cedd44da3a37c65e4eacb9a,chow
fca2032135773108cb9811ab71d7f5c6,irish_setter
94a6b39e3ee0f670929b89a5496ae9fc,wire-haired_fox_terrier
c965e44d0fd6782c734883897d4be493,otterhound
0c0bca6e79cc323669da06bab0013b12,mexican_hairless
482e3f27a3b91f9473abadcd23c41e35,norwegian_elkhound
aac6e8cf0ca09868f9906aa70854dce3,sealyham_terrier
aed2415f3d996819d68ea82acaca4654,japanese_spaniel
cdd98aebbc986af83308c15269c14e66,brabancon_griffon
021b5a49189665c0442c19b5b33e8cf1,entlebucher
a3d4baf88f32073eb9fda83ff629728e,brittany_spaniel
117085659f91228627caf21a574f2bbf,bloodhound
5b1d8663b493e54b6cb6e393abe58546,afghan_hound
904af4de88a7146b714dac3475bf5ca9,dandie_dinmont
c58b4fb8d7666df20038fa6fa106ae33,old_english_sheepdog
cd980b3f39d9ae566444c3ebb9096acf,flat-coated_retriever
41ad1e6c01fa12d530a1122faaeb2917,groenendael
a4a278e6cbadb8c0b65d808d0ba0e3cf,gordon_setter
2adab84cf8072a0c338193cb2f055901,lakeland_terrier
7afac31b992346ce894c3370f6e632d5,lakeland_terrier
9d8e975079a6d0327e22f0fecbdc8bbe,norwegian_elkhound
741cc81bf0fef902db5bde7e936e946a,bouvier_des_flandres
8feac68f15de7bf1965b2de4f821ec14,pomeranian
896ae4eda6310c5fa223131ac7574494,silky_terrier
0a4f1e17d720cdff35814651402b7cf4,afghan_hound
a42494c29d0cd8099e0da27de9cc9373,malamute
f589bf0f5d13407f1729e8ee342834f4,bedlington_terrier
e485830e23ef663878896f45f85751f4,dhole
5a19a893e14e0afe00f7018abdaf9992,doberman
e568fcc1564833b782490800a507099f,entlebucher
c4bf9248192b875822e30f5e2a240c19,doberman
9ac3aa31819e0fbc75bb8323127a2941,bedlington_terrier
ce3366408fc2cad7559b24f14c074655,pug
d9f0ac78472ce66dd48364521d396835,irish_wolfhound
33ad312271f19a8a37a4954327bc88ee,italian_greyhound
9a3b8444244e433a6c28ed49e9f847b2,appenzeller
82052dbdc6378944f3269b8b5507f11d,cocker_spaniel
5c257ee170bdbf504fe3d43d09ab9bec,kuvasz
79390b828803e5f2589c35e1003f28b9,silky_terrier
58b65ec927e0fbc07c006ee3f10cd16c,pomeranian
7e651e77387c1695c7480e7f6c78ae87,groenendael
09839ef1c5a5a5b3acb61c4093cab07f,bloodhound
1083fffa8c174aa1a46627f53e1e50f8,great_dane
1c0d38d23888da863dbb28b5db1cc4af,sealyham_terrier
fc5ea05e270b116e5c033f0b9e3b6082,chow
254dd5e3d5f66a3b5d15c745cc54d065,scotch_terrier
ca2b3c1fd1ff7fb5e8c714359ac512d4,ibizan_hound
5866ab5e2c16f09bc64834cb51386ce5,dhole
9a686becc6719a6539719a0f80dc4c8b,soft-coated_wheaten_terrier
395fb3d2990275545cc6782d9c89b3ba,german_shepherd
9f68d045a396679a778eb54c5ed29038,lakeland_terrier
d8c56d35f5c43e257ca91b64d3d86fb7,american_staffordshire_terrier
a93570762a77a6692af5f770bddd04d8,giant_schnauzer
6f0d4c29c6bd29af6277fdd2afd26187,boston_bull
eb7beb7875b92b0d8861826a420c8844,giant_schnauzer
4525a9d3efa4271d719e66855183b571,bluetick
4e56fb62b529468038b0dc268d89a5af,kelpie
89d2d5852bccf43f7cc15cc1cf7ee5d7,bouvier_des_flandres
ee3ffc332086a4e74209a97b7b1330da,otterhound
3a0524c220627808889a61ad7a9da475,basset
e8b700408541ef85238927b90b33df67,australian_terrier
0c207c7af2d1ef71dc61434f04d00cdf,chow
04fb4d719e9fe2b6ffe32d9ae7be8a22,bernese_mountain_dog
39625c8e9173a6175d31079f8b9b6b62,miniature_poodle
07096719a671e1737b829bd1a88f1dbf,english_foxhound
9f66b4be4892cdec9c0d53f646195b04,bloodhound
650953565013848ff55db2f2dbde0888,yorkshire_terrier
ece92625596397f614310352584d7b74,west_highland_white_terrier
aff4222a0f4fb441d627f7ad396caf3d,irish_water_spaniel
f2fb3f693de68e2564fbff2890f7ad40,komondor
bda8225dd3edf5e413f18e52fdcf5050,whippet
7b16a446f29e0064424c4b8ccb452307,norwegian_elkhound
a90914a01e1ce4788b914b25c1a647a4,scotch_terrier
56045081c05b0c04a57a44fd8f9e6299,bernese_mountain_dog
cd806882f79da1043e04c70888865c7e,italian_greyhound
67fd6f452620bb07abf1d0c171d4c672,boston_bull
7f5b846aa0b90c13e6831a2e37e48719,japanese_spaniel
0ab9cdefc666573f8019356ffefe0c69,sussex_spaniel
8801d91c9e4a26fd20adccecf75291dd,kuvasz
0beb24726c7210a5021f22d6c511cd71,irish_water_spaniel
159d8e089f2ce2a38580a02318fd9ecb,labrador_retriever
817d2fafec8ab5c3205bb0c0ff53fcd7,labrador_retriever
84d2dd9eff021b6095a4b1e2ba3c1c0c,tibetan_terrier
9c692e77df5e3a9dfd38f487624d8053,ibizan_hound
c506d9d6ebc35e17296e5311d7ecc4f3,wire-haired_fox_terrier
e1064093f30092d63747f9674d6b00e7,tibetan_terrier
07bbf36ce2c7407751219804b3d187ec,yorkshire_terrier
0c24a6dac8f0dc55edeb80a7b683af5e,kuvasz
1c5cf83dbdb32e8bedb5e90d42f653b8,papillon
62fded7400b95ead880f6f7ab61be90a,cardigan
420126aac6b2cb9cc91ea89dc9c03e8f,clumber
0b9be33db71b9237002df13d40b7282a,african_hunting_dog
6b8ac349a4550590b06c83996ed714e8,scottish_deerhound
1c8d28b7bb59a685a201e7adbd6d3563,eskimo_dog
f52e47ff39ef157d700d51d62bea79d0,airedale
2cfe1877f1311b07a49c28a101c1ee04,flat-coated_retriever
27290de13a539134e06d9a5af13e23a1,scottish_deerhound
eca90f594e91b6689c0908e365cac5ce,doberman
71a6f4d727536d9188fde88dd63fc516,great_dane
9e31cc4d5a9f9e240ee8dcd15b2b537d,norwegian_elkhound
64595bed80b1d933f241ed3676f99d53,saluki
41113b0069d1ed9cb8ee0f5ca4cc6368,staffordshire_bullterrier
5bb48ea05c33ca00fc2c47a7f9677739,norwegian_elkhound
ca24aa6f316f6b2f28727421f933d3e6,rottweiler
07ddc3c2188164b1e72ae6615a24419a,airedale
83c2d7419b0429b9fe953bc1b6cddbec,scottish_deerhound
1ad9c8713583e136c1c9884a26a8de10,malamute
03f2f64aebc483ef8e5e17aba7311aa6,brabancon_griffon
bca88d42e4fc84b3169b13a615f5fdbf,italian_greyhound
d4f88679b7b7600db5922139d3038d9b,collie
be0dff173da9c8e0b222ddac13b8f2e9,malamute
b556b3f4cfbf4775dc52b0a62aa21e3d,dandie_dinmont
a27fc9c9f35579d2ff1c7f2a2c6fae60,samoyed
8e6c4873efd059a52cc41084b6824878,maltese_dog
09ea184490e5da33eb3d851ee6361941,redbone
ecccfab92b35ee51d1896eb35f5379a7,irish_water_spaniel
c8c1b76b12acf31fbaef3b420099391e,vizsla
670b1a17892480ae3cbc151f3030f14f,soft-coated_wheaten_terrier
6b669a689ed7469a5e237b839039d3a8,japanese_spaniel
71612cb5915916282702e64c9ecfc390,appenzeller
d5729b46847e1ccef0f318395b0975cd,groenendael
170dba137a3990b225bdf19074b97023,scotch_terrier
5fcc5b2ae6a254a1e3fb172d3014134e,african_hunting_dog
a5e12305354299b560665bffbd811f8d,scottish_deerhound
bb2a76124ba043a98b39ee37d033d746,giant_schnauzer
96c63d961030dfeebc8814b1e406fb0a,pembroke
35719cba2214063cd39e9ab59c87aaf6,sussex_spaniel
3776e1790a2645dd958934986e710a36,ibizan_hound
998aa2b3f9d6379b4ef051025443601c,komondor
f9dd329f6a9df4dbad0d100aa2df0fd8,great_dane
ad9104f9ae466e303c1b01c0a356852d,miniature_schnauzer
c0f28a8976414ad02d4d4c256a45711b,gordon_setter
a3d1e3d009024dd7fe66921f90937c6d,kerry_blue_terrier
cf27299362ada8a5e99e4368c9f8de35,cairn
6047c362f38f0cef1fc26ea7ff7df0a1,shih-tzu
9afd17ba252823662440863d6c0e6a5c,yorkshire_terrier
edd3d0f1175568806a1a052ba2051fd7,collie
5203d0c7afc103dc8e4c1cd99ff93e9e,silky_terrier
1f747c2fa6f1984c04bbeebf3b97556a,irish_setter
3b99d6747abe01268dccc31e40b862d6,sealyham_terrier
2974dccc97c0cb25f7873e33a4730f47,shih-tzu
65345daeea5aff756587bbb685466ba6,curly-coated_retriever
259b55fcffdd850aac00d034b090c56c,redbone
e79011daac807552f798aa1effb60ee4,border_terrier
a38a1bd2bbae7dedd6d5f78abaad5e4a,french_bulldog
2e5b4c6f9726836a3f96f507926f329b,cocker_spaniel
bf6cf509b2ee89fcc7f1b627ee1ed7e7,chihuahua
4e7376e2139d80e4802eb25f8ec98c89,mexican_hairless
3ad193d212c34fb9e5c77a1dfc99efe1,curly-coated_retriever
8e78aa56df01e3e6c29a6fa1f0b19575,german_short-haired_pointer
965ec39e068162e6dc15618377e01571,pug
4af283a82eed700f8571046eeeffb52f,collie
0593e37870ee77b0d34508e118bf6670,italian_greyhound
261ee1f32174c1ce20aa3ae952f5604e,airedale
164c3b823c400cea20ad0a3426e1eeea,chihuahua
5c9055942e39e8cf473e234e5b77139a,soft-coated_wheaten_terrier
9484e1dd83e7c87396813004aab18326,blenheim_spaniel
4e86d65293ce9a1f46b605ef745af6dc,chow
162a3de12cc110679a921dc49dd38fc8,black-and-tan_coonhound
f4e8482c69e4e562d86149b45da8565e,wire-haired_fox_terrier
c44069838d7f06552dbbd8dea615d901,airedale
48352a6189e2d6368b794bd7bcbabb0d,shih-tzu
a7f9a20d9d6e79fc41eff2ea61ad8ce8,leonberg
ae1eb096845f419a35c1f3f5396c9ec2,vizsla
506152fbae239e14437811aa1f8dffec,komondor
4731255ed645b22e2cf13c20c9ce7520,pug
87c391fb6e83d6c2c8c6c0028e6726eb,appenzeller
f7de9a7b53f6b0b40a61ea56c55943d9,eskimo_dog
6de485e2843a72c8264e2718c1cde439,welsh_springer_spaniel
993d092d60fbdf285c20183c5dcf1832,otterhound
ad65b6e2e9ab5a215f931155b4ca27f8,walker_hound
aad0ede6b29383e88c475623f13864ba,australian_terrier
b9469cd11471bab7e748e5fa5bf4f157,pembroke
6eb8b8fe12568fb2f241328968f4a67d,irish_wolfhound
adc32f768a2cd01a5fcf01bf49fa024a,cairn
2e8000db9c4faff01a2ff7d834f8b0ff,entlebucher
cae0ea3bdbbccefa728f9322981ed734,leonberg
4d6bd9c5ec39dce290aa89809a222b3b,bernese_mountain_dog
99562538c149ae254d2ba0172c145e66,entlebucher
5a382fdf39c9d5b35cd95c50435b76d1,sealyham_terrier
686096d402dd79581dba8e054df6f2c5,beagle
17f69b6a170c33a8786d566f6dc9b8d5,chihuahua
939a394d7e18424e4412bce67ecb9ced,irish_terrier
3b9feabbfc7d1858fd643ebe98110e9e,curly-coated_retriever
a1f247bf7e85c9b23b5361dab02e253a,pug
b8a954a3139ca98cc9dd5b2f7dee20ad,australian_terrier
c7441fba1f18864b59b1d474936def91,german_short-haired_pointer
38e9c2d8f4f1a26685e80adf8f1b927c,affenpinscher
9c831e62e16d7764fd04178342af0f72,miniature_pinscher
01b09bdac592b0eb9909dd105314ad3a,german_shepherd
b261916c6a46fab4c1b14a7f89e072d1,irish_water_spaniel
6f250f55b870c382323035a038f00d29,bouvier_des_flandres
3d7942e85b2977c6298d3ff41b84e3f1,vizsla
28294e8620e31bf4364d99b2cfda387f,pomeranian
007ff9a78eba2aebb558afea3a51c469,lakeland_terrier
96332d61312a248ebe3a3007090000d5,affenpinscher
85a3169034208ff803238c6eab4e4bd3,irish_setter
a1463d84598b869be8da2b7ff3f59070,clumber
2bc67c00874f3a6ba94acabebcba49be,shih-tzu
1e1650836e5d0dc6b49b2d3c91b36d59,bluetick
6d5eebf6f23457de5bae2fdc966c9818,entlebucher
1e1957207dd882f56c1b0b6e7fb3e147,cairn
8165da6ab285d889a8a6f1980aad5869,dhole
8daabe9ded307c802b5f84492bc14d69,maltese_dog
1ad4c64d20aac8176f0136122754344c,labrador_retriever
1609abf6c6ac2e8df0af837cbe9cee74,mexican_hairless
def4b391140f0633501190070ffd81e5,cardigan
a67241098d832eed2413c37dd4f42624,staffordshire_bullterrier
3f4677ac28ed7d52a781dc9a3c378eaa,miniature_pinscher
8e1863bda935ce99536f77a786e414f8,pekinese
4b27534176a30cba0528d05c26b4c95f,pekinese
2cf16ed82bc025e5a2331adac0b5dff8,dhole
75698e8be83cb8e8cf6e2011d29b07ee,weimaraner
9130e19e00eb59baece5d77695016eb5,eskimo_dog
838f27799a1ed487d9f48d7a49a047b3,scottish_deerhound
b279dd6df6740a08aa98ea68cce2396b,schipperke
ae8693b4868b1744be1fefb328a8a486,boston_bull
e970fc0099be12ed7544a6eee8e3a9db,tibetan_mastiff
c693a2bf26360d8b25e44a9e4fc42cf1,pekinese
18a44f4dc15b555f67e0e9f1b7aa0613,tibetan_mastiff
e13bcf54507eaba884de1faea9af4dd9,bouvier_des_flandres
a9028e14b63eaa3745d34c48e2fa2d21,shih-tzu
c5b95a6c73427b6901110e1f11bc5569,toy_poodle
c59c717f3f699529820090cd02563faa,siberian_husky
3c065e008579b47bb0dc587a423c4233,old_english_sheepdog
5e7b3a1feb461dcd22e3342f58961c67,dandie_dinmont
8dbe0cc0a87f2bdebbe93f9a62a5c6eb,miniature_poodle
165f26ae3d9dfe88e10f7929c031b1c8,siberian_husky
88bdef57f5f510afd04e1452c4495e4a,redbone
0e24a584e10db2c8f827ab00772e29cf,leonberg
e1be68b2576ddfceabb23d33ee9e07ef,pekinese
3c2b54572a0d76921cc45568129274ec,rhodesian_ridgeback
3b6a661284c0a49b1e7994182f532bdd,tibetan_terrier
8befd30dd8d44c30e9346b04a525b410,chesapeake_bay_retriever
fbd70c8820a6fbcd21242284baa8ba27,shetland_sheepdog
12e15979a85e881613f8f2cf49de08be,komondor
4b5c813f99948df4f67b380f23f9d4de,cocker_spaniel
e6817d4d0b53ec2dc5339166bcb167c0,rottweiler
dcf58c0dac2664e94f476fdc56aa7ffc,walker_hound
37b94832dd76b088295aed75eb06a7c3,great_dane
d47fb5b7a8097959d87cffa7affad58c,german_shepherd
0f0f297dca75b5c780316a0f4169a950,leonberg
a77619f67680f34bb77a80d67e6efa70,greater_swiss_mountain_dog
92f9b5279deaab33fe384021a05be7b1,great_dane
9108f7ab07ed5d12dd618f604867ed75,old_english_sheepdog
af45f5f49cc096591d8481706fc1f44d,gordon_setter
41cdc849e6032e410cf32c6a274fe2a2,labrador_retriever
3c979732ec5405de622c3d462ffab746,bouvier_des_flandres
2b30ed72929cb94d91e4f6a5d821b64a,staffordshire_bullterrier
2f811d41fd9d4195785dc0f65c26125a,rhodesian_ridgeback
073b9a44c4761fa0792943b61b9c812c,toy_poodle
0b178813be36410eda8742abe2153ced,chesapeake_bay_retriever
b076ead1c800594f7aad2ff784bc3427,boston_bull
e562d56214836fc2621f01d53f25c44f,saint_bernard
622f0b4067275a67f8471b2e945e21e0,black-and-tan_coonhound
b12779f9c69a049eaa53a01919942d55,entlebucher
1c0f3ab121461b604ec2bbdf648c2bb6,australian_terrier
6d3cb100e08aacd287ef1b44f2f55a25,cocker_spaniel
2cefe40de2cc019c8feaf8409a236c19,groenendael
405e14a091434aeca10fdaaad56dca8d,brittany_spaniel
80210f5344fef1c1ee140e718704923a,malinois
449ebdd75f83f1fe811aebf107775c8f,dingo
32ab65ee3e4b01bce8855669efab8f27,soft-coated_wheaten_terrier
5d494e7905c58780834a65cc92f04470,french_bulldog
776a702e80fc75c7969198ede3ee0aad,boston_bull
6d3fc8ed4a7e7cf155795c7f90ef8aec,toy_poodle
71b9314a8d3d19ce383dba9e5f81da71,kelpie
297c98b5f86ea26e42794edb4885105a,irish_water_spaniel
bb725eb9bf95ceeb3d1fdf12b7b9dfb6,chow
5a091e4cf1e0b63aa0387cb3fb759728,great_pyrenees
c708a817e8bbc05d9287c611d96d061a,otterhound
fcccabf55377e660accd9c8bf984026c,labrador_retriever
23463bc4fef6a1a71d45025e7dde4c58,brabancon_griffon
9fc99626f294cd981ef5bdf6fca91b4a,irish_wolfhound
e1e156d500e30cf73f53970a09af93c9,redbone
1b867fadec45eff791f54f5ac990d212,border_collie
3310899b87958d80ff6b668d77144713,bedlington_terrier
383a4848931aa3c6c8ba315bdb6ed4ea,pomeranian
b902b671e9b94bab23b5f559194b6787,bouvier_des_flandres
cf2ab1c0c1009cceb951ca7d74bf13ca,greater_swiss_mountain_dog
b5adc561d92d4804993d0ad88910f2e8,norwich_terrier
9db59a1ca4943ade583f67c96652fdcf,toy_terrier
9b5c596b85007cc6c4d5d4648bb40bdf,whippet
dc226c922a709fd866d25d7d93b859c9,samoyed
b37a0e859b10171d6e76615454ad7efb,cocker_spaniel
64dc08b62ca43902fd897d4827f43c26,irish_wolfhound
b5109fc2e1a22542a8fe60e56b378b20,english_foxhound
f52a0aaff41a517be216bf41c967a751,cardigan
f83683931d1c95c7501b11a3edb4acbe,bernese_mountain_dog
4001319125d18708cf2d148a43f4e968,dandie_dinmont
7b5292a6c2a1cad3f8266b5ed0598629,saint_bernard
40769dc3fc3727345a2359003df5b677,ibizan_hound
37199743586b00ec5ade96f512f41284,italian_greyhound
1e14173eda9a61af5ebe08fcff82ca1c,whippet
5b1c52945d418bd63bf4285749e713a5,airedale
ebff7c03c37ce6907387b62c68a1c138,bluetick
5a25e01de0b1793ad0872c100bb8d2ca,golden_retriever
37441b5de2663889de466c41a8f87a94,greater_swiss_mountain_dog
0709abee3095717f43db409dd7ce769b,wire-haired_fox_terrier
aa45548a844d26700e149d7692847625,entlebucher
ad54e9a8bcdda2309332009dc4873384,dingo
ab573a84b77fc415c8c37ca9e4413c1d,dandie_dinmont
7b7ea2616f2ee3267718d010b92965cd,entlebucher
c2f628d5ddd930809925bba8492c3d70,chesapeake_bay_retriever
7c58e4aeff32d7ed5e195d6d6c9e4e5d,whippet
73666477b09483e424ce327dbc3fdd11,basset
3059a265274759f6a68a553bb3ed865f,dandie_dinmont
83760a6f87ca62229ac44044d491f22f,lakeland_terrier
7bad676c5495bcb82e5e4caee308789f,toy_terrier
b3e2de0e9d1a5c6c180277b87b85971f,shih-tzu
9af046cbe8971e1105a44271ef91cd00,scotch_terrier
ac85c489cb78fce3b455bfbba0d02094,boxer
b2fd316532f45ac165fba77eb5ce44fa,english_foxhound
b276d7894879af88185c200ac301d8a3,irish_setter
fa747f34cc4dc45dffd28135501c6688,collie
6e42fa34befaffb20813a79c13f80ba3,briard
8907b3f7a888cbc5e6ac21c47922df2b,border_terrier
98e15ae4dc543409d0cb6a573ac306fc,japanese_spaniel
9d33d4af3070c9676140336bf7bdca72,mexican_hairless
902a7fc56a4422af481df08912a4e62f,beagle
c3912710a89f0e88320b8fe07578a972,airedale
f0b08d4f04e66b73526313b7cf0a6b08,beagle
895266d2f46fb569b66268155bf28aa5,papillon
51cf930fcaa72551347eaed4b2e08f1b,toy_poodle
46a6f94389d5b00be3a18bea289fd0ae,mexican_hairless
74b3036c1ccb01a3970cc124df3652bd,black-and-tan_coonhound
8c1304c22e356290cae941c3b29cddff,shih-tzu
872f6452dd5ff6458179fa3ba0a37cbe,chesapeake_bay_retriever
18c6389b08ab61f52298bfd1013e81fa,appenzeller
8a16b61df5b24c926d2e79267a0d62e6,pekinese
a25ddbe69eddafe9bbf2e542dc8cb487,scottish_deerhound
061a378e68e8734682ea9c04a572e2ab,norwich_terrier
becbfec66b1e2d7c5ac05cd9d9682931,pug
1a10e334ddc6c8a2cd20e0e48a9f7ddb,blenheim_spaniel
ff7d9c08091acc3b18b869951feeb013,maltese_dog
924a21b260bedc69e175e60713fe841d,border_terrier
c71b9f1812873e44361051814cf2f3a3,irish_setter
537387b79fd3805d971e8494eb63fabd,miniature_schnauzer
8ced482ceedeccca651a81a15ebe47bd,redbone
92a9243497a51e86ad3a842f829c1270,blenheim_spaniel
08829c00da02dea80eb491122989492f,afghan_hound
52b8c5d99963c5576f28d7ba378bf10e,miniature_poodle
ebc378abeb610e6d4f2a8ad0d731ccfb,english_springer
2f3b3980e2fba1cef5a5ace5dd1c5b52,shih-tzu
955fdc8f29b6b78c8888d0dfdd1c6a8d,mexican_hairless
daf40879d5b5ac9c66bc6cde2983ab43,tibetan_mastiff
af18dee7a5a66fd6c6b454058b57167b,standard_schnauzer
0dc45e3e57bbcfccc550479d57b39951,australian_terrier
4843d11d307af618f100e8a9fbfdb9e6,silky_terrier
917ce8504f2a5347de1686975842b4bf,saint_bernard
4f00d9dac618c7a3fa6737acfedd9f8e,black-and-tan_coonhound
9ad725a03c572df37763c08c9ac0c545,silky_terrier
1ae8f1675d619a2414a2c67f6cceed76,papillon
38882b8de9be438399a511e6bd619268,giant_schnauzer
79c3812790eb28056231448106959e8d,irish_wolfhound
ecffcf50e9df121652758b9371ca3792,bull_mastiff
3598967efffedfa77027eebdd16f4ef0,malamute
3d71b3ae8a69abea0041e32b363053bc,norwich_terrier
b76ab109cca8b7170e7b8983dfc1c9db,schipperke
da51d38f2103b60200efa73c6ec5bdac,dandie_dinmont
dfdb153c5100737c782c5f9578717594,basenji
9e13beffb5b1aeda1aceeec82648b058,shetland_sheepdog
282f23a4decf778f59a15447c4588902,lhasa
6f6165a3bdb6fc37a4f26f858f182336,labrador_retriever
8811d2ca19ec7a6cefbb76097c6f7e4c,shih-tzu
b3211bbd40fb727bdb50fdad2b6c2638,groenendael
7887ba5a0f253ea6b2e35201e5890655,basenji
d47ae5d9f7c17055130be743362f4bfd,irish_water_spaniel
e278e285726d3ec4b737d80cc891d266,chow
c4a70cc9be80f67614e4cb0a756f28a5,clumber
46828dcd8f519d13b320c9ea06a93a47,basset
2c8dbe1eb23a69bbeca2ed49f2476819,bloodhound
b9d7fe12aaa39ae416f1d1bbab67e800,norwegian_elkhound
d27ba79a407c9cf9aeefb026fc965e12,dandie_dinmont
727af41f3b77a02a45ccdf1d040d658b,toy_poodle
14c00ab356d9261ea220ea91fa20a42d,airedale
bf17d4425cc75eff00389103be0edbb9,otterhound
3d180d390b32baf36478bc8599b3d8fc,siberian_husky
d2b547e36b74750fec91ea6e086802eb,miniature_schnauzer
ff0def9dafea6e633d0d7249554fcb2c,dandie_dinmont
b3b5eb135bc850b54a04d2c43b83a237,siberian_husky
ae160437df0d4def173e66c76bb2ab56,greater_swiss_mountain_dog
7f96702ed50c1611ad2b1980a0f9e5af,otterhound
04d4918090b0c2a7b965ff58f13b2ecf,cardigan
c3811d9749d6526bb0c415e3a1476a06,doberman
77f7c791ba91d7e755a7038c3a23cf8b,rhodesian_ridgeback
da438857d2816db182869858f4f3efbc,beagle
dfed11d5d68bd13d8587bd3047ef8e5c,labrador_retriever
2edc0a97b26c976df89f7a3a265bd62f,vizsla
e8cd220184f16fde613b32d157699edf,saint_bernard
328ebf98d9f0bf5dda5923575318ceb3,miniature_schnauzer
833adc79c13a4c2d232c3395ce946ba9,kerry_blue_terrier
d22fd89f9ec70da2f38fc495812e9324,otterhound
3ca6b28ce9d3d1222acb030225ae244c,redbone
5b8e895372f651fff6c9796178252490,labrador_retriever
f9ac470f280837eda01169eafa5f0d23,briard
3f68ce1502f54977644ef99c3b77a96e,tibetan_terrier
5f1c875f82b501810e73814ece9180e1,collie
e8b73dd9f11945ca1de70c3174c724e6,briard
20e43936da54dc63b1d6cd3e64914612,bloodhound
8406d837b2d7fac1c3cd621abb4c4f9e,west_highland_white_terrier
bd44350905957efade85f098ee2e2b33,african_hunting_dog
bbf5b722c6535dbcd4f47e9b938a1f8b,eskimo_dog
33dfdc352ba79dde3df2f4322e5ab964,french_bulldog
c9988677fd4cba56d55d2da439c882a4,weimaraner
d8959181b38109cbbba0da2db235f47b,sussex_spaniel
cd2365170b2191c7a5df0c9531f2af70,entlebucher
93da5672c36d4aa8c89b9a526f4a33fc,welsh_springer_spaniel
f8b5c9e7e0aaa1412dcf01199e64c8d7,cardigan
1c0cf2b1a56d5a25c6db97f9585d7818,miniature_pinscher
8b80780bc559890236d06a312eb7b889,yorkshire_terrier
e8e113dfd19ec90776c74b9105f3c29a,dingo
bcb2c121cbdd74ef9e4959490463eae1,kerry_blue_terrier
6f614bff9db3144e74406fb737fa6d46,dandie_dinmont
131c49315a5bc73880b305a844bf531a,chesapeake_bay_retriever
136b8208ffd0262ea1aa6f8c17265ff7,african_hunting_dog
b08e4205506dc41bdc7ae8546677bb68,golden_retriever
706502a6f7f079d0dd4fe5287a8c3d59,toy_poodle
8fac9aa474ecefc9b60dbd185f6450d8,standard_schnauzer
b2100c289c13d12ffd4161716f2bb646,irish_setter
16cc38641158115b57a4610e40e5f6a9,miniature_poodle
b97b359479d37c9e95a6071d9e5ac59d,blenheim_spaniel
7515d9c6b41d7b8bb0c7fda05278e16d,norfolk_terrier
9c10668d7a4038549c8349f9037bf33d,pekinese
a8b00ee3288f5be5fd11334ce610a7de,cairn
6893d2beda12b477e16a66839ab1cd2c,bedlington_terrier
c441a06c1b1d3969ee1654d4a63b6c22,chesapeake_bay_retriever
13932827f30cb00d0cb4c40443c788f4,blenheim_spaniel
ec0f39cdcc3647246f44ac890a39a7a7,labrador_retriever
79aaf2bb0872d2f14ffd2d65057032f1,pekinese
7bd50779a45bc1daa49a7bb9c418a9df,irish_terrier
e4a43542e9d62fff9a6a95e3ce39942d,borzoi
36532e771dd855b06c25e8f14283daa8,brittany_spaniel
8b3ed0409cab6259bd3f444bdb99bc38,pomeranian
75d34d95ef2351779d46ea91cccc77ea,malamute
254b4eb7218cc3e6f18286b020fb61cd,yorkshire_terrier
d485c0dcb6754606694968b8b8957f59,mexican_hairless
2ea147dd52c8e098ef66317a091fd8a8,tibetan_mastiff
1b288bf18ec66fa70a3eb5d8552bec2b,labrador_retriever
f312a698c57b976f011a6d54607e81b7,greater_swiss_mountain_dog
92a8d330ae081b4514acb5c28fc3c2c2,bull_mastiff
565a2c3d7cb1a69c98630a7a09c529d4,irish_water_spaniel
9fe7b8f0306f2baf466abb878d11576c,redbone
fb9ad84feb0f23f26247056b830f6e36,irish_setter
4692cab8ff2ff0912c912260602ca1c5,toy_terrier
c3236a5718f80fdd3227477bfbf84c40,irish_wolfhound
3a21edf4b9cdc5fd87e15831cd90bf48,norfolk_terrier
c91e77e8bed1a9245dc124408704b3cc,flat-coated_retriever
5434d4b405e947aeeb94c141df21f008,pekinese
61c2aa6e1b99275cdb2281f392dc47a8,ibizan_hound
93a2eb58762c2ace7604975ae4a5c4c6,great_dane
87e198d332493454d0c5645945050f8e,italian_greyhound
321c29eb5ede8bacdd8b3a6eb1ebafc6,miniature_poodle
1026e954ac304be5f049e79ee6a045c0,basenji
b01372ac131079a990d1ba093b9c6311,saint_bernard
68a848cd380f56ec30952f422aa43e67,siberian_husky
81f06bc1c413e918525785bfd84f1786,lhasa
fcac8d16408b0967a416431030a3510c,bouvier_des_flandres
eccc1f78f99e1f5fc1fa618be4ae7f67,basset
d7442f05504d23c1707d059a9aedf36a,weimaraner
cc4e63a104a2466da58a5f81550c37a4,border_collie
01f8540fb1084107a6eb3e528f82c1aa,welsh_springer_spaniel
0365fe4e3e13a885c6b02ebbbf2d9173,cairn
2487df74f182686d037efe8a9f2ad62d,otterhound
ecefbe28f3b43d4394e6052802bcd042,german_short-haired_pointer
8e4d2ac20aa4433988f8a0037fae8c31,italian_greyhound
fb2f2e9ccc7d47d475dcca8666d887f2,basset
8ef8122b39dff2ed803b2c8b5e267612,kelpie
463712a11c3b3f05bc9fb4ef873aec0a,labrador_retriever
d0abd5df53b9a41a506ea217a70a961a,boston_bull
949ab3e56fca7aee2a63d9648f5f9320,clumber
85311c814fa4f4bc4e4eb532dcc53e48,shih-tzu
e949de04a40965ca11bf4bc387cbcaf7,blenheim_spaniel
56af8255b46eb1fa5722f37729525405,affenpinscher
633c2b66550cb435414b8f5a2837b0f5,black-and-tan_coonhound
63696c0486f6ec3eb1395ecb7288bb15,komondor
24b9008c2294a1c2f4c899d2e76e6822,boxer
05934390044791b8fd2dd2ba9c0b4b36,appenzeller
3139e84651b1d63dd6db10cf5a561faa,dingo
9f82e181388d76f44066c05f3bf6c67a,newfoundland
f39fbe4774a9b7662cedca6f9759e023,gordon_setter
9b01ea1c6fd64b0e1b6184904391d3e2,norfolk_terrier
b511a56821ea5208ca924754056298aa,greater_swiss_mountain_dog
a7702c83da79d54e27d2e9b1f01fe64e,pug
3fe88fd71334eea9924c28d2423b844c,cardigan
295cb1a9b5d64689cae62dd2964bc070,airedale
2548fc4c82599c657cde8b0b81ba60c5,greater_swiss_mountain_dog
39c6c625fdbd108321af967a0f56a345,japanese_spaniel
2e9e96fc941177ecb045802c53b8f368,chow
385b3e25cd3148633576070e2c10969f,weimaraner
d6f37091a690b403411cc4066a4a83e3,giant_schnauzer
74be31cddf2a8d3200e0057b2c0cfe73,french_bulldog
fa1e9d2b34ac79ba9b2358b2c0d803f5,bull_mastiff
0440acb104d7346ccc9bba0716603f6a,norwich_terrier
f8e931fdc022ea586f2bcd50ca6de106,kelpie
531d4859fec4f1b7359bd663a9c9b4c7,great_pyrenees
cecc7ef1ebe7682f38c497bbdcf8b391,japanese_spaniel
74ecfd30f73aa1e60e1ddfe71f84bb96,norwich_terrier
4acfbe200ca3a0f7530ec6387b73210b,basset
fe0beca881efd723510e8e859306a3a6,pug
6f85e9e2824f09e392782698fc57090c,silky_terrier
3e5fcbc6617acf3485baa81ecfefbc4c,saluki
38d2daf4881ec2e5860e91fe57d42bf3,bloodhound
1416892831c073f6d3879d8cdf5386dd,dandie_dinmont
e2b39eb9cb8b34303cc3527f8f8df9d6,samoyed
4d072f0e99eded3ab283eee26b5b6248,bouvier_des_flandres
a13585067b7a9149f3dbb2ea87fa9955,collie
57cd14ce8cd3aecdf3134a4ed4b5bae1,soft-coated_wheaten_terrier
b22e3e2987ce4e7b599d109df6ef9d98,newfoundland
dcfe4f0f7d7c091e8488bff8662582be,bernese_mountain_dog
8e39b8c4de4944adf3ab7edcc51357d4,shetland_sheepdog
b1b60ca1c61fef3650e276634cba7e9c,vizsla
83868fecf5f61bdbe6ee8c86fe1de258,pomeranian
394f3a077e3ac73dfc602f9e1f7ce88c,chesapeake_bay_retriever
61a539c83284c4c13be2b0029d2490e2,cocker_spaniel
4e3ff871f2ae2ebd33498a5388a260e4,norwich_terrier
8050fe38de16177e26022a275b943966,samoyed
ae2486ae8082c661055682333874cafd,border_collie
c5f7de37074cbb2b02e5fa4fc3185b83,pomeranian
465dd0798576b77535f697bbe8b49b0c,silky_terrier
205cbf889d8ce64e6f61ae2563fbb9f8,chihuahua
a2974cd29095193d21bad9d4429a0146,scottish_deerhound
f61250c6e9263857befe7f256f9e909a,kelpie
df0b926ab57cef7c005b47cd2dc3f44d,entlebucher
eec7468f173bcd82691172de4f8233d8,greater_swiss_mountain_dog
ee2567e0e8424a216c45b34682a80472,great_pyrenees
c8b321b43e68c11b6f9b9154de7fe1f4,leonberg
d85f51038f76b7ac987b34aeb89e99f3,sealyham_terrier
f4045ccfa988393752a265e086979e6c,brabancon_griffon
f5379f2502e90983e6361d4acdf0a56e,norwegian_elkhound
520669e34a522e1c14cf17dd0eda03be,old_english_sheepdog
14cbd6c6c6550fa1306c8d4f7cf1a840,toy_terrier
0cdd66f35d9b7d8b0a98a4d506396c0d,blenheim_spaniel
6e83d477ab18e964cb7e182fc8cf9625,pomeranian
9357ef3fae73f47e2446f4d39e8af919,italian_greyhound
800fde0b5c467ea8673b237a83cb3d8b,tibetan_terrier
520b060d394dc47785d2eef1b627b895,briard
96a7a15ba427e697067d62c8cef5a23a,irish_water_spaniel
a42071349ea1285dc2de87a8148a3dac,vizsla
c17b1d9d7c5ce38464836cf2e2eb5243,english_setter
2305bb6841f0e2bc0ac9450ec58a121d,german_short-haired_pointer
d3d6ad637b0cc2e5830c435b8cad6f2e,lhasa
cc77de33c6b6f0ed97200803e09e1275,shih-tzu
3f3ffc5a024eaa3afa29a0dc2bee91c8,silky_terrier
69fe720cb23e2ee88ef516961c8977e5,border_terrier
73c7d86c561dce0f82e6dec7266bea79,tibetan_mastiff
a3be5dfa7460f431c01946b9d1f78df1,cairn
26fff4fd8a7265b3906507fc5f245da2,dandie_dinmont
5d098c63f25c9754324e6caa7ee7ce10,redbone
2f946a96b0d3c0f43950cb0792f28548,gordon_setter
41cdeba050724182623609379b6cbcab,bloodhound
e5831fcb399c887cb0ac1e3a3d229f7b,standard_poodle
596febb70890aff8142907584b5c8f6d,chow
62d2ba5285d382f21cae068bdc4b5afa,cardigan
360bda660c0771a91f106602d35cdd8e,dhole
bbdf0182c894bda733805993317a6e3d,komondor
1c19c153884645b9400a3af284d7b2d4,keeshond
44748d61290af0658e499cc4b046b6c9,scottish_deerhound
dd694fe7f5b46a6dd7c545d31004e1f6,siberian_husky
fd21ff6aa4f72aa6c29a589b2d3042fa,american_staffordshire_terrier
c4f33705a88c63dc7c40c64f0c94febb,sussex_spaniel
1f913ada2a4fdb5b237112014087d5dc,standard_poodle
9e98898921d8ac40effaa332fe44257a,shih-tzu
ef29bc9846ee0f3599ee6c3791e5eb30,borzoi
e17462ffe48dffec8ff70325a6047957,bluetick
072aa9d6100187288ef00316c8bcdd66,soft-coated_wheaten_terrier
0c68a578981993b919e89c611f04a97f,lakeland_terrier
699dac12962e0dccc5109ca8203e5feb,bluetick
84421c01900b34e3e1ba42f2424fbd33,bouvier_des_flandres
6ea67885eb6656e5df00e652ef913e6f,lakeland_terrier
2197f4bff731d1de02ee0dfef5f4c860,tibetan_mastiff
b75100433bfac9fe49acb18d3dd934dd,rottweiler
5fd70156597b1a1870b03c1eeacd7960,border_collie
3a5a022ca82563b3a3f558e627936962,flat-coated_retriever
6a0c2945c9872f66ec3b57e7a09676f2,black-and-tan_coonhound
c1ffa2df86776926d86514a0921a9dcc,clumber
1da98c9c285b5a47dac2f31917a24b11,leonberg
330a44b4ddcd32f30fc5213dc8839318,great_dane
1b507c0901420f8aa4e8d1fea74a1372,appenzeller
6b08abd80a3f98b70aaf04cce09b071a,dhole
4ca9f95b45b1f51ccb2ce51f0341798c,chihuahua
93769b0544775870913200306eaecd18,entlebucher
f6082c4fcbaec253ffe964f13aba012d,norwich_terrier
ad2dfa0202d8ea3766fea1e743cd5166,standard_schnauzer
e9b8e25755fcc201168fdf2d299e5350,doberman
60589f1c3265c6d79fe0c6ba12009285,staffordshire_bullterrier
d03cc5012ecadd760e8e119e10ac98e1,brittany_spaniel
8fe632cb1840ea68cb6305578196dc96,dhole
fcec543b7b4dc1fc1e47d66a9305e87a,toy_terrier
645c27a9ac90d16476106d25db5c18ba,vizsla
1a48129bed7d0075f2abba90fa9b7994,west_highland_white_terrier
a2ac195c257b97664fcafbe23b060205,great_pyrenees
de2b37e3a9b09388de6fac2872acfac4,flat-coated_retriever
abbdb3f746a69c747d42b9b13a01c28d,french_bulldog
7408e8f78e6b1e7372010d145c7f7684,old_english_sheepdog
3bb9ed6e36c3a0750b3c4c8957574f61,standard_schnauzer
490c833562a01e699bc8dd9747ba33f4,rhodesian_ridgeback
21aed4cfca90bf4db05c1c7542009ab7,border_collie
31ccbbe1496a6d439fd5a403e04e8329,saluki
71419c1fd0673846c84a445cef0baa9f,japanese_spaniel
a1d611d5b9c3ed31ecfe766edb018892,saluki
ec14673c74fc8c62ee54ab67c9daf010,german_shepherd
c0b53533209ff39a4620a5959a1c5c98,german_short-haired_pointer
3a956aa2225525665b22990bcfc4ad66,tibetan_terrier
ca39d409bccf8034d2d11b7b44d8e0a1,vizsla
9bf204c0add25dd912699fedc1f25aac,entlebucher
8e11ed7d590db5f624fc248051dfa485,standard_poodle
2d96378ec31a98a7875b5fbead2e5762,soft-coated_wheaten_terrier
1435300899e9180c90de6e100643b402,chesapeake_bay_retriever
2fbd0bd840f1b4f80656d90fcc6bcfd5,standard_schnauzer
80b3d6c612875eeb936e3d5784729340,yorkshire_terrier
824ad38b99412399623a46ae6a70fad8,sussex_spaniel
aaa2f6f88d506cc598f33e8f682939de,afghan_hound
6a7159f7a3569d6a007bf903092a7022,cardigan
cd1d661e9023be9095a28ab1d005b502,basenji
3eea07541e806bb8694e7667a1230c0e,bloodhound
536d557d8fe60724a666205de112613e,brabancon_griffon
a755566f4f69456d4a5a192511bfd744,lhasa
fb32a67c8f89942906d08973dbad87b0,sussex_spaniel
73c1e0720accf32b84fe8d1af6aa450c,rhodesian_ridgeback
871d3264aad7e126ad6179f9c8242756,african_hunting_dog
26096ea4a2c7e6100e4b434ffe57ab2c,redbone
3eea6cadbec5977ee593c7e75c9be5c1,ibizan_hound
07a4fcb31d0c6259f5ec21a1f193bc39,irish_terrier
76d9a70ad3f43b73121e3990b515983d,keeshond
a0b56777ca68afe292994d124ffd23b1,sussex_spaniel
c438ce4eba5cce0bc6d11d077ae0e758,japanese_spaniel
42ce977acb6a65196535182062d248d4,basset
fb9c8b7e0b70b201898d930ed71163b6,tibetan_terrier
60e3ba241646a432f7cb58490ee36dbb,pekinese
4787bd73d7c56305db4f23e7dddf7b96,dandie_dinmont
643b53a4ca7b26291c05a265a53153ee,entlebucher
c06db3b81882812395ed0b5babada638,greater_swiss_mountain_dog
a31f36d3aa5d81004b0d454902e40889,border_terrier
2617e4f271598e3e74f7e0f94c862db3,rottweiler
a61c439d669536fe7c93e8df65e06798,doberman
596ecd3ef1cc263c8ea4cad3d5bded51,labrador_retriever
8c6cd1ae33852154187c467495911011,groenendael
1c0e69013f7ff196a1abed88a7e65b5f,gordon_setter
45f263924742d423eb229f49aad24151,black-and-tan_coonhound
5a6bed61433e4cd4e64552e4ee42aac3,tibetan_terrier
b8e73b52fb1d13a6c4b978358c911806,bluetick
8480ad94841309fc4ce874c4b1afc90c,saluki
04f69d645182d799dbb54862c19c0f38,groenendael
2525513f3e10f57549bf6d1bdba1dc03,border_terrier
95cafdd4b2f6be2ba46c472c2dedb98f,wire-haired_fox_terrier
737043540f050ed2fe0790726488387f,german_short-haired_pointer
52d3d97a39a2d38256d4677e6ea38845,samoyed
ae0aa7d59b4d311e57fd7fc47ba65c4b,african_hunting_dog
b4387fb303b18cf2c7e49248f3bc27f8,irish_water_spaniel
3319b9107fe9b74435a3248c8a6ab691,walker_hound
0e33a6b9235d5cbb8712daf0abbd0007,great_pyrenees
fc4afae2a9dcf48ee66253add0709191,bluetick
67876d755ce7081155a4a289559c548c,brittany_spaniel
8ee7ec8ec21f4f1dd3374d496da41989,border_terrier
0a7f8d31c960071d0d4cfba36c0159c7,brittany_spaniel
b84b1bae39abc7937145592fc00ec809,miniature_pinscher
1adf573efd5f90c4b11be12afbf66e3d,chihuahua
14dee67f611c52183fda5fc07db5d5fb,mexican_hairless
b1d69c0d60af2cc45ca95a3136e9cf7c,lakeland_terrier
cd9045d7c082dc4427bfd026d03c0e69,boston_bull
1cb81d1bbaa7d0c550281979b853491c,lhasa
045ea2f41120606e2c5ae1315cebfb46,siberian_husky
43ddb2c0c2afe67a01f5c3705df34f71,rhodesian_ridgeback
0be68a5e7b40e9689c3ef2a9764bfcf6,border_terrier
ae52363c0fbb11eb3b15b067e4b4c4ff,entlebucher
ce1921bbb6d6cbe1ec4750a073bf956e,german_shepherd
b13e4a67a6592e0088b088d1cc2aa9ec,standard_poodle
b7fce1387fe5122ffa26a00b8fa0e3c8,english_setter
7f5e1539c7806a7c9cd92361d4f89f25,bernese_mountain_dog
ef0cecbeaee4a08448d449a7c1e65f17,soft-coated_wheaten_terrier
b3644d932aa482a37603623c0792eb1d,brabancon_griffon
58f7899c5dbbd2dfc0acd6043c972aad,french_bulldog
12078d0ea135483e4bc48e2f13678588,clumber
93e99e11f97f9f31f0a68f91e955fbe1,silky_terrier
0a783538d5f3aaf017b435ddf14cc5c2,french_bulldog
38d35ebad2ded36e23d24b39d9be2297,beagle
42ed3c95c86fcde5875d0da5ba88493c,bouvier_des_flandres
e3eb50726f2104cbf86db02d443e04be,affenpinscher
eccb17b497007b28217bda18db73cce1,french_bulldog
5c64fedd6974afbbd24651f91f3172f8,afghan_hound
5de5c4c802931e60e1428fc0243267eb,scottish_deerhound
e36c116cdff32db5d5b87b3c789ce46c,maltese_dog
29b06acb65e3873dfab2a7b2581d6a35,toy_poodle
97eaf551c872ffc382aacc77fd2766e9,ibizan_hound
f5b9b43b95fbf49626ede41a02f6cf1c,brittany_spaniel
7b1d7a6aa4c68b5ef68a5d16d19f2809,toy_poodle
c3d2f20dbe5f10c1cab69cc01c87cf37,border_terrier
c02d063b4d8dd7dc77d22deac788318c,bernese_mountain_dog
67776971c7ad4fdca0b9acf5b7e3d67d,wire-haired_fox_terrier
693f4cd00978df07e1283d3da4d02e0c,german_shepherd
9064e11f8694a2af667baa8ea997f6b1,shih-tzu
42729b9128f65dc9be8d532c26ded4ef,pembroke
c7741797d824bfc430494923974daa33,tibetan_terrier
73399a235fb910871fb3850dbc6e44af,beagle
3921fb28e2fae3bea5f85db5c84df8aa,black-and-tan_coonhound
b8abefab7031d960bf6a9d5dba34856e,chesapeake_bay_retriever
009509be3ca7cce0ff9e37c8b09b1125,otterhound
720ee45bf7ba0344983a5a7b6ab4cd6c,toy_terrier
a10ad3bc9874ac7defb37abd9aa4826e,flat-coated_retriever
8f0411b4916e9345b4007c3245eff24d,pomeranian
a09920def5c696a562a2dd7ca6feedc5,flat-coated_retriever
b3c04085f4a5d7f8dd5165efea027eb8,shetland_sheepdog
39e60de9434ac684f2b204378ed5126f,samoyed
07f1b6214597af2f04a27c375a602a0c,otterhound
5d1b4ea2e14208ed4523f80bba2f015f,pomeranian
4ad1a52087fb7146fa0af65e95ce5c73,groenendael
78986ec37ba0465c40dd5ce83faa896d,staffordshire_bullterrier
3a3f1ff7d7106cec6a53315743b0da37,kerry_blue_terrier
5028e6d3dd8b92c390d7affe31a0eac1,ibizan_hound
1d9246c677dda341b5da58a0a3af98d6,borzoi
e5fe6ce882c440a45354722376fdb770,siberian_husky
020ecfccf3c900b01ce831abbf20b485,saluki
91849dc79b956a72d9e43e299ca52de5,groenendael
a9091140a1c2246d094da61d00fbd58e,standard_schnauzer
e381b4aaa19c31ef6765ab0d0af205c9,tibetan_terrier
c1fe9cb194aa867a96b1db81ef01bfdf,bernese_mountain_dog
01de1f7b7b4465a6d130a56746af66a6,papillon
d82604c1aa6728c546eaf1c3a85f980d,ibizan_hound
e5d36dcf26d2f478531b1702508b13aa,kuvasz
0fd8e587dd02713551fc1fb0c8841c49,appenzeller
ca2d7e7f3a7e7458cd396e18cf53a08e,gordon_setter
1ae80c7e781d72681bc8e582a703919d,standard_poodle
6b3ec7c2f0c3101082258b67b9966134,weimaraner
1e7385f68662ed9730901fa81455f43c,english_foxhound
68992cf4ee2ae6f1e1ed6e292dc4949e,irish_water_spaniel
988a8a6e3f780ae0da254fad869af84b,weimaraner
c182aec9722d11b6cd64933aa33b932d,japanese_spaniel
53f89cf0e6bc883462dc5a147462fe37,soft-coated_wheaten_terrier
1c20c716aea18bf3ae6240b2ba2e0f90,cardigan
6de1b44c95bb9e1ec1e5892f145c19b3,pomeranian
b9f0ec3a1b55e4e56d7f1b489fe4cac0,lhasa
4afd6edd97e8448bbbdc062311ec8868,silky_terrier
206b7ea4d79d94742ce9731aad96d031,great_pyrenees
f41a7b3079bbeda29028c5919e0d84af,newfoundland
be38310e94a728b390eb5b3e23af74bf,borzoi
c42b9482728498a9e76ba5d1908e5406,pomeranian
6ef0ace1632e68410f65e4af7527821e,italian_greyhound
e73d792517b5e717709ed11782adddf8,italian_greyhound
adf50131b2c975bc32fdf57194fc3cff,samoyed
0773acd6874a703b966367d4d27cac71,kuvasz
e917bb5669e0c273eb16304af1f69e1d,groenendael
d1f9538eeb43a97a6299b56f44dfb503,staffordshire_bullterrier
cfc4f71ed016e4104dca21bac935047d,keeshond
8fd62f7306a0e8260bd2ceec5d46ff82,sussex_spaniel
87b33815ce34f2c2d98b2374c32ce3a5,pomeranian
f220628a83618e6cc13e78361e833361,maltese_dog
249d04652c43e370746078f0aacfbfce,german_shepherd
8c170e9b6122bf2d003e109bef89e42f,norwegian_elkhound
426a409cfbc58be74a242f3f09eadce0,great_dane
e5f1325af86723ad733000ca2adbd226,german_short-haired_pointer
4ff1a1c62acccfbb0bb1a6ecb4f29682,basset
2a76b2b8bdfe494930ea2ea4d1daff57,rhodesian_ridgeback
e5eed37393749b2aabc60aef5cb0cf27,walker_hound
12a2e809d7f15298050f3798c018c395,lhasa
291f8ff3c8a5ad5451f42d6b5119963e,scottish_deerhound
658c83959935618b86a88ad2f86cf03f,malinois
4a61ca8ca626aa50338f6c683ca029c9,great_dane
778a40555323b9c9eb080086c29904f0,english_setter
23e182419007d6293ae31d6fb4b7076d,rottweiler
6693857d0d28517977ee6b00823a4074,welsh_springer_spaniel
b069dbe6b93ea0082792e2e5160d8574,siberian_husky
d91c7e2d76abccec81c24a556dd54435,samoyed
f690468c2bf0020c6e4ee135278cf71c,afghan_hound
ffa0ad682c6670db3defce2575a2587f,english_springer
69d9fb236d6c980ce97cab91f70961a7,irish_water_spaniel
d4602ae68c721a6c7a0839b7f1f69af7,borzoi
45616c291b8ea55e42690811afc2f12c,tibetan_terrier
a7fb600cfa14ef2e1667d34e087befd7,appenzeller
813f7061a301759e6fe78f360ff4cd07,whippet
8c91464904ba9bfee08c4af8091b10e3,newfoundland
a8040246b5632253425a04dbb3cce104,toy_terrier
e57c7aad6b6851575b78e7a692df7ca3,sealyham_terrier
2a290eb7b2cf9dd735935388c5ffa6f1,pembroke
c2ae87dae29b344f92d82983d521d5d5,tibetan_mastiff
88fb448fb7d7fc731a8b2af2884fdbb0,wire-haired_fox_terrier
39c678ffdaee17e856ee93ec7d4644e6,old_english_sheepdog
9a18a07e133f715bee957cfa12ae92c9,english_foxhound
a198692ee75d8466fd1e3b4691dcb6d3,pekinese
ef519fe81769185abaf3bf9615f31b02,black-and-tan_coonhound
2acb0afc8305957a9fcd602aafc222fd,gordon_setter
18195ce24678ab4e2a3c779d7d5e4fac,english_setter
0a13f9596e03a9f87c96aaff6e057048,redbone
8b8d64d47df5dfa4fdd0581e476103be,staffordshire_bullterrier
645b77026d28ed168ce9324c0de9ba78,miniature_pinscher
12b72be0bcd7a96172fee4f7cd5b01fd,great_pyrenees
60e3cce8294a0eb07f089e59faa1d15a,border_terrier
52d0b64b7c178072d50d7217aa5b3b91,toy_terrier
e63a11b5cf02c211a6b92145fa3cca1a,brittany_spaniel
0c329020d6ca0ae5af30f6857ac7e86c,basenji
f4a20b0c57e1fc7214548b4556a467f5,irish_wolfhound
e5955cf16bd1c54a1e80f5a031851482,miniature_pinscher
748040468efb11524759604cf6ffaed7,leonberg
d5a9fac2fa046e3649c845aa9d286e98,toy_poodle
ade0242e0bfe15d202e398c2380efb3c,papillon
c1fb8ad3d13c74f56571af4fbf5ac0b5,toy_terrier
8cd4a3412502ee82680eb4761d68d0dc,dhole
dfc97c3d7a59ad4d89e791e6ab14c49f,boxer
f8c3ce8448eb8b1a4e5cb611595be906,pekinese
1703c4224aace739763ae9f4e4ad7e76,sealyham_terrier
a0112c3175f463aa11e37ac21a6400ed,australian_terrier
32e81ca813ca4a419aa3937203c3791c,giant_schnauzer
0f6d2d6c124fb61ba7c59ef8dbd42c99,labrador_retriever
c4a98c78f34950aa9e0efb1e52d8c826,pembroke
534138ffc11ad19208aa8373ffb6935d,norwich_terrier
623b2fb2677dd95ef450d9cac3995bc4,chow
00e9ed3fab1d2032603d1a90e557976f,english_setter
38951e331273ee506bec2c64f2884c79,miniature_schnauzer
5eaaffc76b998febfb5e6800de615b44,border_collie
bf38a009aaf46963526ce4a35d9535ee,german_shepherd
2fde20eb9c645c02a583ef01ebce6374,boston_bull
0a27d304c96918d440e79e6e9e245c3f,west_highland_white_terrier
da39ac1c77a8bc5ee24f592495e9f885,kuvasz
4c59ee9712092ff8286238d4f494d532,walker_hound
588ab2a7549948662d6adce12919050e,papillon
dcc19db6b4e117d5e4f7d1b00fbe3982,tibetan_mastiff
0a5f744c5077ad8f8d580081ba599ff5,redbone
6c22373b6656afe451bf441018342f67,bernese_mountain_dog
23eafc49b99c85a9cc8b21441b23402f,golden_retriever
785148e9deb47c2888b8859d96681392,bloodhound
94ae24ccc10fbb6a0e9f9102527434db,toy_terrier
3107bca519211656b3c077050e58a3ac,yorkshire_terrier
9a0268daff4ef2ad1f0bf88784ca3882,norwich_terrier
6abd08521a8223f87fbf3057ad3aeeb4,curly-coated_retriever
6a9f93acce8890105a66f3a4b4a13d3d,wire-haired_fox_terrier
49d179db1a0dfe894d9d164704403cd7,english_setter
d3ab6b3d328b2cd91bed99aee99fa6ed,kuvasz
404a7f3fe4c6d7c77a2e1ee19e506aec,german_shepherd
135587061f51e7dabb820bbbd619977a,norwegian_elkhound
f34628fdce6eb2c69ad9c65d0f44f2f7,tibetan_mastiff
4d7e33eab8e3864aa2e901b3f59ba4ef,cocker_spaniel
080073330bb8954505340cf18159fbb8,shetland_sheepdog
720f6fa34b0eb27d998eb879bee468b7,pug
e5da6d29569d6d93ae3e0d04f35ab9b9,bluetick
50fa5ca96395d9bb39774e48d1153b9a,chesapeake_bay_retriever
3992fe6af13ed5db7e478c6bf95f1fbc,clumber
fdf83a2eed71f2c54c3e6f592e84b254,doberman
ba387af6a979f26d1b75b50631567a12,rottweiler
64177936eae266acaa2974bcd9bb654d,rottweiler
0b465156a0844773fd47ce40d0dcc7db,kuvasz
e9ac785eb7c5e7c31dd54be18e40bff2,brittany_spaniel
95debc3253f72a005a8473afdd06e730,pomeranian
595dc68e79c78a7cbd5279b2bb63225d,kerry_blue_terrier
c1535e422539ba3f3b953baf2b527058,saluki
5811c9b5aa472c3596347c4467d9acd6,kelpie
339b364c38154241070ef70a6769fbed,australian_terrier
d82595dca7ce016827454328539a5bb7,rhodesian_ridgeback
c5e2482dd2a845ab95cc77b138c23c36,english_setter
b4b57dfabb7b3c94ee7a081492c9345b,japanese_spaniel
91f9e0ea60dfdc91939efcb892ee7d94,great_dane
22df91a9c602fd14d87ea62784f179d0,pug
9f998d6174571017fdc6e8c0ee14cadc,standard_poodle
be8b04c1ad3228932fb0ebb9d103dbd0,mexican_hairless
dc17875272a541c7c8afa2a8451e801d,west_highland_white_terrier
4de2daf400819ef8ae3f320887e8933a,chesapeake_bay_retriever
db5dfb60b06747b115402c9562959e12,french_bulldog
39b9c151e6d6a50cc7c917e0d8aa99f9,newfoundland
8562aa06d4e739391a4bdcb49a3eebeb,dandie_dinmont
dfe45c3b288b8224eb17dbdaf1706496,irish_terrier
2d45a457498cbd8d41954c389a675ce0,norwich_terrier
4e41c95087bea8d598d64c759016cdf6,bluetick
d2b6a8effca9bffbc4194e752cc37cbb,cocker_spaniel
bd8ce4891d932fa8762fbfc064129b6c,mexican_hairless
36b6be29fc246ceb52d58ab01584773e,pomeranian
f72555509a6ffd85394b1e6417c728df,bedlington_terrier
a923f859ec7b8c0f74439a2058917297,shih-tzu
12eb341a614941c33777c708d43a042f,scottish_deerhound
4449821c82f34273b557859c9b42a47f,lakeland_terrier
be9a01353a44e997ffab49c6d9d3a309,pembroke
5222f7a53b9a9f0c58f7013a7a74d386,cardigan
df780bd081dc94caf4d1b08583fcfb99,chihuahua
2cab6591e1da25b4e6658cebec78f0ff,curly-coated_retriever
c1b6ec8d72008f10ca5bbd928b41ba97,staffordshire_bullterrier
3d5466cf27a4355616e775c2638673e1,irish_water_spaniel
08ed3bf636ad906f5ddea9ebda22ff98,briard
c9bf9e02568ef44c0f8ab9e4b59bf3d4,labrador_retriever
9e7ceb9ae79ad60616a6bdfbbc92c963,irish_water_spaniel
7e73081216e6f2b94fc44db752a349b6,sussex_spaniel
c064f334a8216234c4ffe6566fc9ca8a,tibetan_mastiff
b18a0f00efc8c6e741bf392c4fc34a2b,chihuahua
a43429987cc5877ff55c09b0f3d08a6a,rhodesian_ridgeback
1dd650ee2df0ec8bd9bc8c38f94b2bcf,west_highland_white_terrier
00bee065dcec471f26394855c5c2f3de,cairn
438813d16326e420e5db830a695116c8,irish_wolfhound
b6a6bf17290dcccfb399b78cfeb2524d,samoyed
03cae0a6700c5cc4900e576034361e7a,groenendael
f2caac437e0ad55c130321aac6ba375b,samoyed
68ab5db34e3a3a9af802cde81269794c,australian_terrier
bd80e8056b70b7af3ae012fafe57d7f4,irish_setter
1b8ee1ec76054d61f25db966e3f72717,appenzeller
fbb86c8f93d2a1068520c0363a2079bc,japanese_spaniel
24dba573c683eb299eb3b3a4c5ee353d,english_foxhound
65cfb85a00cf1ad2424c70656e9d3dc6,beagle
39483e8221f9e7455abcc9d0097688e5,mexican_hairless
8b22f7121f8f487e43eca6d7b1e27dc6,maltese_dog
6116e03d6a015ced423695f194cf87c6,collie
bef1e6124f9c413e20e24e40d50276f9,yorkshire_terrier
73fe2b31f6e54846d580e36ecfe54007,entlebucher
df1f2dd6e993e8d1bbc325768806be5a,leonberg
e2d770fe32772edb9dba937c009f3e4d,miniature_poodle
92d23591a857f9adb0024d587683a1cd,toy_poodle
4b6eba05c404c71c8ec52089e8c09f2e,komondor
7a9f629102866bbfc0cb0fcf734172ef,norfolk_terrier
ae7ea3acbc17ea070b3da00d6d52be11,soft-coated_wheaten_terrier
91e21edb68e80e0cee4bf8c11f0026db,kerry_blue_terrier
2b0b8b38b39912cbe671211199a2ecf3,rhodesian_ridgeback
aaefb2067fac2f6714f77de222b13cc7,welsh_springer_spaniel
fc992fdbd5af203a39e7c1868fc69090,greater_swiss_mountain_dog
cf9a778a10670a978a44a7cdfb9dd12a,soft-coated_wheaten_terrier
0ca9280205bd68d201e1d708db3f209d,cairn
4ff306a221c4047958f80788f05342c1,bouvier_des_flandres
1f6ae325f91713701c9ae3d8ea6714fd,rottweiler
85ee2259befe2e52c2200c7ca75f35e1,norwich_terrier
e31fe999723e849139c1931ddd9f82b0,miniature_poodle
a7c84235852fd06e7f3d4ec70b2b65a9,miniature_pinscher
a1fe7ef738fcd920e4d521d5fc4092d4,bluetick
f6e3a909254785d410b2418647034a5a,pug
6b249b82cb69fc3904c8827300a7fb4a,saluki
0815082cf02417e80f4df9dfba17aa13,wire-haired_fox_terrier
b5dfca72919172ea1aba496636537e1a,ibizan_hound
2a8ac4ec28af4aa4bbb7e35dda82c6e0,english_foxhound
9bd6bfe9d0f21fbe059596962a49313f,eskimo_dog
57f3f8f2f462cf337587d0a471dfc73a,german_shepherd
1d75b0cf9ad1bd98e84bb5d0d4d3ac0f,collie
1c80cbd184334b339e5eba8aaa6ae929,samoyed
3fbcf669fce6ecb27c5e9b46e6fdf889,lakeland_terrier
086e8ca78ec3303a8f06df003ecb6612,chow
1081c1b755f05b219275afd0989c6748,newfoundland
f5a88560838b1fa960f2bdf8bcc33621,great_dane
5750bc244cb8b9d13414f9696d6b36d9,pomeranian
8af9cc09eef85c49a23057412b329e1b,schipperke
64b92a6c48582314c9bad5454201c402,australian_terrier
85435798dee261580b06866dcb693210,newfoundland
e49b6c0fb5b8bb8b86fe2a1f48c65746,samoyed
a420274ff9508fa213b15344d19122b0,newfoundland
d9e7afce80b4ae156de2cf76307872db,eskimo_dog
96269bea463a7b189a636ef082c4e324,eskimo_dog
722a585f399b78f21a273937f36e321a,english_foxhound
1d414293940cdc0892721eb94151ddfd,great_pyrenees
c984aa03d799d4235c311e5bd373cf1f,chow
530731b0d4edda8d558559f4f27513fb,maltese_dog
c693ed75220ef6de098208d7361fa5d6,norwich_terrier
88a9c4a74b1663c9b30ab62e3573ee75,saluki
7814fb216248b93e7dcf9b2acb794294,yorkshire_terrier
befd3156c627a87eed0e34c68d89ed5b,malinois
0d37ea8a209eb60e9c03eaedf3fd5384,kerry_blue_terrier
be851757fed72c4ce6d20188962c0b19,dhole
0afb0d170c66aed12805f838041411ce,tibetan_mastiff
f1ca2ebd997146e85932ce3cc6e8f064,scotch_terrier
da5f71e1cf0d1750a0c3929310083a30,beagle
83d405858f0931722ef21e8ac0adee4d,groenendael
3cd5eb48795f7dbe2db2f83d451addca,great_dane
ecaec07d20ed3a12fc32314cf83c9370,german_shepherd
e0d0ab2c3c2a2c157c34889ca09e2dd7,rottweiler
182e24a6ba14bfc0f109687b22589f57,australian_terrier
316e8b4fcdc6937baf6680b4596d7d07,west_highland_white_terrier
20d7905672ab40f8c5e5913e775ba503,walker_hound
1108e48ce3e2d7d7fb527ae6e40ab486,maltese_dog
5a2b52e94c6d0a8e0d733ed6eb7fc0ea,old_english_sheepdog
e36cf92886e752cdd8be2101b3090a2c,briard
5962e49e30984d1c323fd00a0071c2bf,redbone
d51343763fcca542f1bdc24a1faac202,eskimo_dog
5d400c440b6a096c335abcae022d4519,entlebucher
9e57b14c4cda56646341c8c7305a4739,bloodhound
1eaaf8702c8045c22dad605062d17986,cocker_spaniel
f706682a30021cc74cd9416dac25e943,norwich_terrier
69f0ad7b0b8ca686c1636067726a05e2,entlebucher
98e71279e0d96b32ec28498e630aa069,afghan_hound
f5bc69deded716bae5e2134c81d9a606,bernese_mountain_dog
bd29e47b1d4dfb779b5a31df235ffecb,entlebucher
363cfbe14575417ee342c93d1864f727,dhole
21b5e0496a130df8779281813e071bfd,komondor
bf461ad78efdb24bc7d30a062b3d82de,bloodhound
fa289147f856e2525ee70529a6d0ac52,rhodesian_ridgeback
9a549f3e214768132fed22aaf9ce34f8,miniature_pinscher
9eadcc5e6b5c3b8b0f7f191126255089,german_shepherd
b6591fe0f1e14cf4aadc533c97eaf558,soft-coated_wheaten_terrier
b693577aa9e7c6669457395d2aad073a,maltese_dog
9adbe43816a43b4e4510c7ebdf88d1fc,lakeland_terrier
d7667fb74a7d171c5254c531ec53e7ae,african_hunting_dog
f6175a0ef289ef111b225a84240f2e4e,shetland_sheepdog
e9711a024b141baa00e640231bc461a9,welsh_springer_spaniel
46566ca45a91babab7f12b30c39b9acf,kuvasz
99882fbaaa35f4e6864616b9e83b999f,american_staffordshire_terrier
a1d4504294f8435423c56b96c4a76c18,maltese_dog
d744d79f41606dbad323b3880ded77cb,kerry_blue_terrier
d7c8a92ed39f40c397ec8fa7ddb3fbe3,groenendael
dae1b84026d288c5299d28297814045f,standard_poodle
11d669406a273858a123d1d1c87354c9,maltese_dog
7ded64b171d3bab3db45d659027eddce,shetland_sheepdog
8673461ceba52fd3b303f5825f9a0348,greater_swiss_mountain_dog
321ec7b5b262f92282b17618ef48bf49,vizsla
97c1a3631c969b4489ede8ec9c80b4fc,malinois
1dc08faffb5d49f608ebffe5f293e67b,bloodhound
a27f76f364d7e757197d5f6dc4f0b033,lhasa
5e454337753e8b4c560faceb5c1319de,italian_greyhound
08e99ed86b0ce429fef52a8ca33e1551,eskimo_dog
d6b7723ebfd80e90faf4890affb89252,west_highland_white_terrier
d1158535e2b0ee1db603ce2b12411f9f,bouvier_des_flandres
32892307155e3ce2348f6803c7c908de,saluki
4f2b024f7f2e670291cf17affb14cd93,brabancon_griffon
863424a9bef5ed69d17eb337cbc7d92c,papillon
47626b3b6324182b526e28ee88361047,malamute
4c8bb929ad8d021729749ef343251fde,cairn
0718d39d59d9e3b134446440d69b2058,weimaraner
76491d51112372938c485fc961a31dd9,japanese_spaniel
d99e075b2610dd70e27a95c5f16e3b8d,scottish_deerhound
88c2229b86b2fecb775bd4a6b2c863d4,doberman
591dc4d4d83803043574e20ee604821b,cardigan
5501faf6694477c31ea97dede096154c,border_terrier
ee41243497e7715fe3094324b5aceeda,soft-coated_wheaten_terrier
a7961824578e3da96551005ff58fa51b,black-and-tan_coonhound
735ac1d802a4f692d30e7fe40e256103,african_hunting_dog
ecd514c6eefa5bb8e0b1f71724483e05,rottweiler
099db37801090ed56bbc95c13d3799b9,toy_poodle
d5a4beb5576f71087d740d1137e4513f,italian_greyhound
b12ca57dbc800fd7caf1327516b4fa1b,soft-coated_wheaten_terrier
118089e60763cbdba239cac747a54a6e,rottweiler
30ff784cea2bfc2a6df330f58e781b98,boston_bull
d2740bec1cf993472115c0d40ce6c759,standard_schnauzer
a579a1802c57cfbc31b79781f6f37a39,malamute
f19ca47ee303f9e770a298b26c993ec3,bouvier_des_flandres
14a2795a5c3d69a5c18a63aad8718003,lakeland_terrier
941c912029f030c71f748d7affd35fbe,miniature_pinscher
2467c49806dffe9bf0155c9256faf86e,lakeland_terrier
8e17a8cac3752b5341c951fcba07ece9,japanese_spaniel
9b26dfa18347cdb0aaafad0baa5522b4,blenheim_spaniel
0159b6457aac89f43d1c1931cdf7500b,irish_water_spaniel
40fb9c5e1ffbcd7c3d36afaf4e92525a,scotch_terrier
3eb8ea8e80639a6df20fb8a5abe43bfe,cardigan
2c55080777e6a4d52cddbd370611af06,silky_terrier
119c85c592c1a60030abe35a6b49fa57,bloodhound
f41b28e57b9838e049dcaa3e3f11d9c9,chesapeake_bay_retriever
84728e78632c0910a69d33f82e62638c,weimaraner
49cdf9df49fbf1068c791dcecbb2031f,airedale
339c285a763d61930b7c157c58a733f3,dandie_dinmont
480e55326aeeab100f2f505235bded65,weimaraner
141321373d0535ee37171a2d6ca9bcbb,yorkshire_terrier
1c49a72fdc9f22fb3efdc3477ccb9282,west_highland_white_terrier
23ae1bc23a25c10fb1fc70a524e4e33f,cardigan
c3664530805157a7230319d164ceee95,english_setter
65d6cbc1b0631905e36771bf1e0c933a,newfoundland
79e176c35318c7cdb2db59366726de77,west_highland_white_terrier
e517cb6c5a2942b6a1b545e84551372f,english_setter
b3ce89788191e0f62e14820abd176628,norwegian_elkhound
d1d46e8cce0706c19b41bc88b18139ae,kelpie
2598525f7e0470d1424249bbf998dc96,miniature_pinscher
d43cfcfe55d2b37ec37e1ad1e679a059,rhodesian_ridgeback
094b97e52d00895fbf6769724e1b0e7d,miniature_pinscher
be33b4ae29b609b6d3b005e9b7b298a0,scotch_terrier
bede571095680ca06bea8b3f243de826,soft-coated_wheaten_terrier
718f5a28fd007fab12eb20dd5c464682,pekinese
302b9eaf28568bdc9367411b52899b93,gordon_setter
c62ab8bce010c72b8b783472e44fa6a7,walker_hound
7077311c6c566b639eca1386a9ec84e5,schipperke
09c62a1ff26b3e83a2d476c2add054b1,afghan_hound
b1e148a8ac377ba2148d061db9fa35da,boston_bull
834c4d710ee55585b89940b540fd9edb,english_springer
7f8415102a0bcf4f4fbe365baad0018c,doberman
173b54d60d2d75be13416af93098445c,blenheim_spaniel
6349085833463f42eaddbc9a9550fe1c,vizsla
93c8ecbaadb89b66147f239f743cae6a,great_pyrenees
953a85c624c95ff9c6f59d4518533883,great_pyrenees
9e486b33df53bfef19c178ecc95f3e4d,boxer
0d0d0f7c689020c35b83a91e7717624b,clumber
dabf6f388c11227eb5d64b984e6d14b8,english_foxhound
b44d4785a27a7b5a0f793ff15956df20,lhasa
5b32e684bff1181f3cfda3d5809126de,airedale
b5eaed19ce0231fc6157d6e8ac6239a2,american_staffordshire_terrier
3b6e352b98a028684231b26e0b1398f4,irish_terrier
62759db195cd415727d87d344726f5ea,tibetan_mastiff
82ea470ddc6c9fbef9bf41be2cf85d00,komondor
bd5e32eeb9eaf11979d45530818d2f86,yorkshire_terrier
42a289d5526386509d0af83cf23f44c0,irish_wolfhound
a97178b47e90071a3f5cef3f746b665e,sussex_spaniel
2e86169579fd6e8d1b5028dfe4e2b53a,appenzeller
d19c2c775d85c2f50e1519ce67d5a5d7,saluki
8cd7532d405da73d94dedca7e887ff92,scotch_terrier
6083f935fa48fd91a5cf778969006561,collie
609128c7df2f937179d2c6c3e3e33f5d,staffordshire_bullterrier
680d7f247d8303c0cd1c4a1283bb3d25,pomeranian
9e90e30a460f9c139984766dd957e62a,groenendael
3633081b1227b64f76d35d468acdf81d,american_staffordshire_terrier
02ff77af410e966b7b661f6f0789d947,golden_retriever
6c5da8790c14038eb7f83768f4d5ab5a,silky_terrier
f5373dbe567183432408067cb9dc0957,great_dane
d739b294a3652ef517b86d9b79770910,beagle
34117f0c3c594ec76e078a2bf208c10c,saint_bernard
213bed7c726d8445f06640af7cc45d05,welsh_springer_spaniel
494c1b8a01452a4bdd996786aaca52bd,miniature_poodle
fd99c29a3ee91c7e9114e34be1ca0d1e,german_short-haired_pointer
0d82788cd302dba65793ea68f55cc649,flat-coated_retriever
54e13fffdce2fc4807122c9b8861bf94,redbone
001513dfcb2ffafc82cccf4d8bbaba97,dingo
46c078621fd05d3166b393e0a5104fce,toy_poodle
6e44501e366c74ab7431e1ff5256ab79,collie
e87e709987ed707393533e9d2429f585,chow
bbf5a9514379e83803f3c27ffdd8869a,toy_terrier
00a338a92e4e7bf543340dc849230e75,dingo
f27b4323bae39abf810bcd145d8de276,staffordshire_bullterrier
b1a81d15f7628ab8d88dbe0ed24924fa,bedlington_terrier
4d49a0f1dbd0d2a80bbfcfd2d55a8936,samoyed
969263eab216a0ead070d0f3736ce9d4,english_springer
7c00f132de96092bf9e6185b9e7908e5,flat-coated_retriever
bd66845e2afbc4fa641eb5fde30aa294,welsh_springer_spaniel
e4b99d348bb5eec10e433c02173d057e,samoyed
64fb6f3f5c3b545a9be92985b5fda3a7,bernese_mountain_dog
31185791c9fcfc7ccd969fd08754baa2,bull_mastiff
d3cb2264c98b79ae0d65c84f84c4f85d,komondor
2b5baa368615501684a474200181ffe1,beagle
11f968569f31c60b73a6d50b907f800f,yorkshire_terrier
3e0d5afedca0d739664ef375e0ad9e64,cairn
f589e77c9b0facc8ece5f07e3c04fc46,german_short-haired_pointer
71b81bb4eb3922553573881c1760ea82,english_springer
3def41b57873b6e64537e9be6cf9b023,maltese_dog
c21dfca70ed4f6098881a2687c229f3d,doberman
72ef6af03c9603ce6ae39475861fdd64,kelpie
e8013a8357f9eec2369ee4e3fab710a1,bouvier_des_flandres
512fbdac7e7513370a4fbdf9d2ed04b1,collie
193341cdba32aaace0609a1d633e3f33,american_staffordshire_terrier
64165d1ac4df6deb6203368c92b8124e,miniature_pinscher
660e3d56105b467159370bc1bc5e469d,weimaraner
e5be21baaf39b50fca94e56c3b29416d,irish_terrier
49b3f86003cd0a64d219862067cac95d,beagle
eecab13ff6ae86429d808115d161d455,german_short-haired_pointer
d9c2cee7a77e1415dc97042e2c5458de,beagle
ea113a236df0ae1d6875259ed2d2bcde,german_short-haired_pointer
1a02f01110c17bfde79e92cd0a7b4e64,entlebucher
e7678fac0b8f1d97e742644ee75a8aa2,flat-coated_retriever
0fa361cea0655e945970cd4762355ac0,saluki
f9d6e1b8bc0906d38bab497a228af52e,blenheim_spaniel
b327e9b91d0698807067f416d161afe7,scotch_terrier
d11ef31e3d37fd218db0fcc76e416241,labrador_retriever
78e7aa41b7f4326a7f582426a3fdb151,afghan_hound
e25accfed48409094b7c56c6a92395ad,brabancon_griffon
35352f6bd014db23ee7c61a9e73c9910,irish_setter
be390f190d4ab118992e2784b8522d50,scotch_terrier
0f2c56b4d40a8e86b8c91545e625b79a,walker_hound
11c0aaa58a419a61513b5c1f27b67f16,samoyed
593991d6febd36e8b0c0730c93768d5a,bloodhound
67fb16917bbb69e5f2a646b0bddfb68a,bernese_mountain_dog
5e41160d5c65c05daa117f3044f9a66f,samoyed
7af73525a36053c73eca8baeb687aeea,norfolk_terrier
5129596281445fcf53ccd400eed1501e,pembroke
83bc62b0fffa99a9c94ba0b67a5f7395,kelpie
8e6091bd33ecf18beaf1e2ee9f362463,australian_terrier
66f0b0afaa8f42f3a1747471be67bab9,saluki
27c96fe6f4dae2f400dca8f40e619978,chesapeake_bay_retriever
3d048af542545494b12fd46c06bc5a52,italian_greyhound
d85f6489eea87d3a09bb93c2e55b661d,miniature_poodle
2f6c917f95bc218126cbbe94da0aefba,scotch_terrier
ccf68bda9760941e198554e32b02025e,basenji
30c2c1c75e271b8baae54908bfd8e98a,boston_bull
de33550ba1323a0376fc1292a1d25d71,beagle
e343d8cb8acee3f75ad304a68ec68d6a,french_bulldog
efe80b984a40901f78132386e1ac3c4b,afghan_hound
6e36bfaa23ec11fb9088d0cdfaf7f025,yorkshire_terrier
db1ef03ff78b53a0aff5d2642bdbc885,ibizan_hound
3807ccdfc499c584fdddb3ddef65f8af,wire-haired_fox_terrier
87dfb129c12c369824f5425980158386,clumber
22b278473423ec37384e1bf0483805a0,bouvier_des_flandres
62aa099e49cf22346de445e1d1d1d091,otterhound
9fd140da24aebf0273ba365ef3e28a19,yorkshire_terrier
b3e3556e19d2d067314dcbfecf2ab7b7,schipperke
2d1c767f731465473c9c84abfaee35ea,pembroke
13e2d0cb1fa62d3085be6877bd7e85cb,pomeranian
3a94b64ab98187ca8dd44756474a9fea,japanese_spaniel
4bef82c482709d262be2cc5c683a5b20,kerry_blue_terrier
61cb6ff2047f630e9b39fe328dd6ff8b,appenzeller
c155eec0acaeded243319bc1401bc783,border_terrier
dbd006d2d983a1b52238dc293d5139c0,whippet
28a28c36cb45db604d7d517f8f9600f1,dandie_dinmont
48bdb3561947f1c4b817bdada3db0c0d,welsh_springer_spaniel
76a366813f6d0182709d8fa154fc24b2,yorkshire_terrier
1418b4cd78095ff2635ef02684a026b7,bouvier_des_flandres
99cc6ef02b4814f30f487c358d318c49,appenzeller
72cd5b0c4da39b4499cf34f2c7a94f99,chihuahua
c0d13d17657300bfe361ad0f8511fe38,miniature_schnauzer
770de66127639f0a2c88a2f42631378e,border_collie
3c92b96b64a7ce342411aa1cd0dc7936,yorkshire_terrier
081ee1793b0e0027f8cccf9dc4513d53,miniature_pinscher
f8e24c6d9d34d762c90c02efb45a96a3,miniature_schnauzer
37b5ff23f0fbc4795a3bbf720b9ffd06,wire-haired_fox_terrier
4c852d9cb6f9c33927c5ee3fcac9236b,american_staffordshire_terrier
267bf54ebdb2f27c0686c9dbcdb87088,flat-coated_retriever
ca27b14025a918c8f2964c6e945993db,briard
13f939b9b15ec56409a21017263db93c,boston_bull
2976809f7669b4fa8c9094f1cff056d9,wire-haired_fox_terrier
65edb0a5f650ae22d18625df0f9c4e59,yorkshire_terrier
01d0f3692e576b3cde511285352aed4a,kelpie
718255f086c13ca1bdf592b1aa3f38e4,english_setter
7e51be6584255a09aad57cc33e83f68b,bernese_mountain_dog
6f0e400b3f6fb868d2e673da9eba2ad5,black-and-tan_coonhound
a4fc81951216891e7017a51b8dfee270,saluki
8248cc1066233d12bcd409c24547fdb6,pembroke
5d51580c15238b81f476250ed4b9326b,dandie_dinmont
b5a628e9eb023913a2f9c138676ec455,standard_schnauzer
6369e971e2913e63c674ad94393aedda,vizsla
66be4ab3a93b425fc7dffec7d2425e8e,norfolk_terrier
eb1c2f4061d66878d2de2ce45a2382e5,toy_terrier
dccc38e7901939c3181a71da57105c46,sussex_spaniel
d26c44803bcb77cc1d4d4d5c1565a561,komondor
daf211eab9f3b51eadc03817f41ae9ec,norwich_terrier
5a1626e427cf4146d97856abb9144d07,scotch_terrier
89bdd9a0e2f6869c8c19785838f9c030,old_english_sheepdog
3bdc7d098a96d40314cf7ed50b83501a,cairn
46d04a7ad0f47ef51b3afee6391f4553,dhole
8034c6aa6b5dd1a8526eaf738d27e205,afghan_hound
b9c46e0f2c351d5d1d02eb2c7d062bbf,schipperke
6071f004fc268cd480eabe456d49578a,pomeranian
1132baf0ad2beef88c9d78c8ee21778c,malamute
b15de8f0e944266ddfadbf190d98532e,cardigan
b4add6ef5fb345821a5da77c4b87e745,bouvier_des_flandres
a54dda20b015dde42e80a339109fc79c,bloodhound
54656e8a4fcc7c6d6c36579a8135231e,basset
39d7f3254066edb6df718e503ab41fd4,briard
15e9e5a6a6f3630335261259940114b4,irish_wolfhound
acd32654070ec86fa6d5fd2145327563,miniature_poodle
ed52e8685e7befe1a346651c0f9aaeaf,affenpinscher
48e94004187e7c50552df11bbb475e7f,briard
4927ede09ce508a92f4e38f8360df14e,siberian_husky
0bedbecd92390ef9f4f7c8b06a629340,irish_wolfhound
5cb6352230645e22549b93cb62a3c28d,brittany_spaniel
bf495079b850ccf36a2868ba788bc53d,shetland_sheepdog
87f0a743d0bec944c4bfae7ff5f5c0b2,lhasa
cfa922cad858484df5a928fe0db40b61,standard_schnauzer
9a563b73f97246e5c3f8a214b54c5300,malinois
aa27bc4e1acd52b224cdfddde476face,afghan_hound
a9b4ea005a892de1cddb16e297917426,kelpie
83aeba7f81bc933453556fbc4a63713b,borzoi
50b9ed91df2233ebc06257cb36b00326,sealyham_terrier
254246dd009d6ed5e5a83cb065acc169,borzoi
f3d98aab47dfabd6c98750f45f6c4038,german_short-haired_pointer
7084c0e392fa9a33ba4d5e78f21a80e7,maltese_dog
18b79147982f9a14c768a256d3696a16,old_english_sheepdog
d2800b5baf5bf85e6adda6f776d8829a,walker_hound
4d67f3d5c331a1a83c9eede0df8e3e37,brittany_spaniel
153f05ef64f050530ea746a357855b20,pug
d43d6256b3af171cda8b432de000afb0,collie
c397eb87347ad681ec1b72f9cf5b5007,english_foxhound
5282c6238561dc3136a8c8c6d5aaa496,giant_schnauzer
1a15be6688dbe57ebab56b735bbe29f6,rhodesian_ridgeback
4e00cf013a2e530e75a99a4d8e631d1e,welsh_springer_spaniel
3d160295116b1d249fef3690061dfcb2,dingo
ea8a9c29c83b5f3d4b917922a0ce9066,giant_schnauzer
a9cfa457bbf648e22241dbdee7ba126f,border_terrier
8429dcca4ae91c4e0345e4ba48b0d69f,shih-tzu
75025a3f7e33da51270f150b9fb5cebb,great_pyrenees
376e1408f5523aa335c058c843eec857,blenheim_spaniel
1e7146baafda5edbd4e9abdf08f728fa,basenji
7255557ff8ddf8da70e1efb260830eda,italian_greyhound
52b7a64d684ad473557d2858c1c0a096,bedlington_terrier
a198dfcff6e7b12eb4427dbdfe74349e,sealyham_terrier
1195f58740671fa1d73c91f39031e417,dingo
c5e1c138abd4747d63e52253263904b0,rottweiler
47a949360adc5fc8b449555fa6930e47,west_highland_white_terrier
2ebaa578b5b4680c56ffea593b53cc75,saluki
76f91122682ee3329b7b4c2af35baa7b,staffordshire_bullterrier
bd3086afcdf8d1571c615fe7c7472e11,wire-haired_fox_terrier
f8ce0925091c9c81fec5ab16c1109f57,sealyham_terrier
6a2e04aaaa7dc4044b39262db289a12c,affenpinscher
6c95a02700bd8c74194756cc92533a30,norwich_terrier
cedcd40ba220aafc622ebc603c2cdf25,tibetan_mastiff
74700b97ebc9dcac145f87015fe5f2a9,leonberg
7d4e586c4a4182a71197e82b638a3971,great_dane
1553cf296f4d83f015a07afde78fd747,sealyham_terrier
4d8b9deda4ae7a1c7e0760ca7a5c4cca,norwegian_elkhound
ab72425d2a8e4cc69689f80560018616,kerry_blue_terrier
f7cd9846e7aa0c163ad98ad00ce51cf8,airedale
4b7183fd8feb6c6e80eb62b9e6be55d1,airedale
65d7aea77e53f9d7b0e33ca9653bc39c,afghan_hound
ea829d433019aedcdeb0215c10ea905b,shih-tzu
1ef5e8db93701b28e1203ecd7e1baf37,appenzeller
94592671cf58b50eb1f8ab70dbebdee3,whippet
6aa1fbe7c95b56b69acc71690873c169,leonberg
65cc3ff3e0b8041eb6e8600c1ee53e95,blenheim_spaniel
4a626b631ade1993520b0fbb8cd9554b,italian_greyhound
4a188522768cbdcf9fb3314b650dcd73,shetland_sheepdog
32fdb53b8599afaa5250611473f8e5fb,entlebucher
093a146e173a3fd9ea650b87f08d6222,samoyed
c9be1b14a664fab3d09d0ca4b8a79cbf,pembroke
360402a4c41e0979e1f6d8b401e676a4,mexican_hairless
4cb48a54b94e4c7dcf9798f7cc7f5a92,affenpinscher
817696aaa5d843b6cbaad2698e461872,standard_schnauzer
871477f33574a10e01a0b5b625f35b63,papillon
0177a92a906192bfde8adbb8a237e524,greater_swiss_mountain_dog
fe0ca31ba19fc97e9644ac4daafa7e36,toy_poodle
137f07bc5f15fa8e39f85a8333e68780,afghan_hound
60503856d2d3ded266fe8d98fb97d8e1,curly-coated_retriever
da82351431ac8992359ffca87bca053d,scottish_deerhound
736e858993ff23597502d4483fa62552,cocker_spaniel
193e6325dad77ffdc789c0827dbc228b,bedlington_terrier
cdba761dfa000859fb4a89f56730e513,english_springer
9249992dfe9dd7276764d40a5175f8cf,eskimo_dog
3d4c13366837f64c6382dd4f1778caa0,entlebucher
79465b231a7c290606cc384a4f8c1231,german_shepherd
a93e82d3fe942c7e871a8fe7202d4be6,scotch_terrier
f2ef034a335cdd15cda34408d3e89998,kuvasz
092220a7a8081144a7485efb6c087fe2,papillon
8bea04061f396a71de9ad8c45810ad0d,greater_swiss_mountain_dog
e224c29118a187dccba77b4aaa355767,collie
725e676c906e515bf159ba677346adfb,rottweiler
046d8f04a5a42872774110c6a2db1224,doberman
64d5871c4169a52fcaf945e2aa874bcf,maltese_dog
82eef71387371d728a62b97fcc5ea59d,bull_mastiff
4400e93c589226ddbe6fefc4f56b8d29,soft-coated_wheaten_terrier
4a48d6eef7b4ae5e9eaed28d5b1bba73,welsh_springer_spaniel
73a9514ae6d09c8cf80c81a1aec2537c,clumber
c1ce9942a8cc03491275cef3d696ac40,collie
66c6f1d257f800de60c0d088561c44e9,clumber
c825a17e20a29f767bf4b915d036c502,boston_bull
7d4d34b16bbf53504ef152588e103a2d,miniature_poodle
7328823a7647fde18a3508d8474879c8,standard_poodle
98d93f25c790be32356634ef856a738c,kelpie
1771e3fccad9cbb33077d779fbe22e4f,lhasa
c5b1bb2153ca0ac74e7049f5264518a0,shih-tzu
0d83fbe9ab3684226edd81a13411bdf8,chow
32a7ae16370c7fe6165a20b007328f6c,beagle
f3ffda74c6fcd4a8ff546bac62060276,sussex_spaniel
49c436d99eb7b25eb4a2222122854242,irish_terrier
ec6b36707749098ea596f0e97a33f0c9,french_bulldog
e1d0619c08c523d87097109784a1d0dd,english_springer
b14fba6e4c376bbb8b7ca5c803816551,weimaraner
9067e5010d2694616f1507de5c5185fd,rottweiler
d00642800e4ca6d84887a93e3430ae21,chow
8b7b0f3b6474962448c419ed8c46712a,basenji
33eda21da257971cfece2914b32d8643,shih-tzu
184710573b8878de902c42b7929ceeb9,norwich_terrier
a11dc1f6219527ba2aa258e9389a75a5,dingo
f1f8d1fad725a613f6e841d3f49ee415,collie
359c6b6d253414c0bbb98e37a0933df7,labrador_retriever
76f34fedeebaa49f5ce0faf1b7465798,chow
9b5a4262c5417a1b725dc1fb1c97b195,wire-haired_fox_terrier
f9b4e4ed6e77eca2ea940b31e58b408e,irish_setter
7589719a4f8dddeb1562fd1bff7f714e,schipperke
ad9c639bb2516d7433d0f0bc10487116,irish_wolfhound
8477ac111ca6a9f11c2edfa43a933cad,lakeland_terrier
241bb47ab02ab1b01aad84ffb6524b6d,scottish_deerhound
af2b739748b90d1d3741171a9414ae59,weimaraner
758d370b554cd5f454810d8983f87d55,saluki
28cc762efa038128054057394f7ce339,chow
5ed0024700ee7dc770ce03215913e740,samoyed
f9a2077bcf32a5d9d33176f52cbcc65c,norwegian_elkhound
c5d485d5c12306d060bba17295d3d435,airedale
89e653251ebdb4125224d3af5230587e,tibetan_terrier
c9e7fe5e9da49b87e149cb8e317570e5,sussex_spaniel
c0e21b16483abecd9449bce9122cb82d,bluetick
eff87e94b7ba6bc2c8ddfc5e135c1892,afghan_hound
bec2055925d4bf2902604df521bcec76,irish_water_spaniel
234c7dc4d49add585dba077b3efc41f3,chow
8ab11c1387ac94ef0d09bf39a96473b9,yorkshire_terrier
0959e919604a931fc1ae379b7a75911a,irish_wolfhound
dbe9a2868d227a12197fb6c44b93d85a,norfolk_terrier
4025f4681bb5160eb4eec538b6f06923,basset
bf18acf12d970f9e93a414bce6315a4c,papillon
cdd1ac938055dd3956dd17b17d941716,black-and-tan_coonhound
c78846e0622e79e1ccd749bfe6081c8e,doberman
a6c40bfb565f1f99d400ed89f332db75,bouvier_des_flandres
edf5071a8b480af1212710874ad2c05e,miniature_schnauzer
abd2b21b2ff694e62448318b14ca752e,irish_water_spaniel
acf27cad5544fbed6baa345666f87700,affenpinscher
951117cb0e8bea7251480a08f6833686,african_hunting_dog
803e23931b4f083cb3885938e8b77328,appenzeller
1352efb02c29ba1b9be918170afff486,labrador_retriever
92b1992357ae55d1e0a1b5e1fb13764e,japanese_spaniel
263248adbf0696aca17150987c108521,schipperke
93cb4701772622a7932c99114338a034,wire-haired_fox_terrier
d8e4509a786dc5d844ebb20d45d66f05,dandie_dinmont
60a9aafef2834e389fde21293e41406b,welsh_springer_spaniel
3c6ec531552c07c174a2fb1b2284c7e4,pembroke
fdccec2dc716306a12b773e7689887c0,staffordshire_bullterrier
2f4a4f7881b5bcee285cd7a09fcbf0d7,saint_bernard
2d4cc7da80299e9411120acfadb2150e,saluki
ac5789fadc9b8a6691c70a6ff62a25a7,scotch_terrier
886c611904fc29caee5f9cd908b90dc4,japanese_spaniel
146fbfac6b5b1f0de83a5d0c1b473377,irish_terrier
bc166a0cc82d1445d71396c2ee5ee42f,entlebucher
6bb1f7a386fa0b9fcf94d4500686b0fd,rhodesian_ridgeback
0a0c223352985ec154fd604d7ddceabd,kuvasz
d15c761ba986dc194be3170ded786d3b,brabancon_griffon
3080efa03445466395920dcc8a3dd7d4,chow
c9f93440c107a5fdf54b9652670c26df,african_hunting_dog
a717381e64525267a879ea44f0b76a00,malamute
a5202d48a73088408e25a7b22be33922,beagle
29743dcc4d439615133f2024b50aab15,lhasa
b9f961b985f5ac62cd781584cb96aec1,west_highland_white_terrier
e593c0438ce45ae8abc32a8ad154e776,german_shepherd
53162277c67831e82d0a38f00a3783a5,west_highland_white_terrier
ff0931b1c82289dc2cf02f0b4a165139,miniature_pinscher
fdb58e4dd078f4343ce953f1c0bf2a51,whippet
f56e24e008d532831fa5fa006618025b,pembroke
106a740e7e34d80e35b0f40a3d96fc1b,chesapeake_bay_retriever
901543bd8e1efb32027ccb06378dda4c,english_foxhound
be9a79b75ab68064bbcecbd4eb4ef959,yorkshire_terrier
f751bb00d954b8e4e132c958e7117011,boxer
4a0c3e23b0626e90d38dcb615ae087df,vizsla
677e92cc6f0709e775cf18fbf6f5af66,french_bulldog
e80dbb78fb1d763d01d73b2f367c6805,silky_terrier
c6ed146231120aec6fe2dd8004d0e3cd,african_hunting_dog
ae1ceabc7573a73c2f020afdc42aef50,great_pyrenees
cd3c21425c633a2d1c7d0df930245851,walker_hound
5dbcc6fae637661d783a26c90f19eaeb,irish_terrier
eadb9e961a7835d4da014f7de12e7660,silky_terrier
e6b47a2f62d0956fae1f3970f310b64a,great_pyrenees
42f43e8067b90430b6a05afe0b1ddbca,labrador_retriever
12de62fb1fa5a48d596428dd5a90184a,collie
5de4391e5cdee98403e677607fd9f6b3,greater_swiss_mountain_dog
8afbc403c8f96b6dcb9fa0a34ce39ea4,shih-tzu
16265434d841173019be215bea5d8097,saint_bernard
585415deac2e42c00d225fdcbe3ef466,greater_swiss_mountain_dog
5b9d8ed1262f86e057409632be56ce7f,dingo
59da7af24fad968ce15d4fe68bb8882c,scotch_terrier
d935132a02a3a6057dabe4ab571cc3f9,french_bulldog
e05db2e9a15a9af373794a95efee44df,boxer
8e45f42d744b4a48ffe7ea8520a96f65,papillon
fbd75ba5bf5ce7ef08a11a69c5ef263c,vizsla
02dfcd0a24a9c41070f4f94b4c9933ff,irish_terrier
45aff5318dfcea583693c13c8e36e6e3,pembroke
2d5f90898716876858ff1bf7f418d7d7,groenendael
2e8b303be3212d4085e30c5e0b062c1c,norwegian_elkhound
95d1224b21964f4fd5a4033e3bf3384e,cocker_spaniel
5c5d99a4118647edcd81b8642df9922d,maltese_dog
3178e11aee69979049dfd339931fe94f,blenheim_spaniel
3406ba0b6a71aecf53fe7122fa747b59,afghan_hound
219db9ccb0ef3c6e63b89c8fa3793ce4,sussex_spaniel
1d8279104144342e99d296432d3a5795,shih-tzu
941bda07379c291b78adb2813b96bad3,tibetan_terrier
0fa7d7d2e948948c67919565a380ad45,norwegian_elkhound
d2a7bd18d1cf5d798648f2a51fab39da,toy_poodle
ef3dc6a3af2210c9cc59e2bbdc9e9ae1,west_highland_white_terrier
7864eacf8b7a02d785e094897d2a215d,lakeland_terrier
6b5448026c464725ca90647fca6703af,borzoi
2d67ef63835422d789da904a8e89b905,irish_setter
8918ef02d44ca4d62e1893aa590b384a,vizsla
1dd157eb81bd16a7c44b923aff1c1815,bernese_mountain_dog
4be4f71c7337c2db37b4366c8e7eedf7,miniature_schnauzer
0a001d75def0b4352ebde8d07c0850ae,komondor
aff4ce7424acc69087a8aad14dfe30db,greater_swiss_mountain_dog
387ad9acc7b29f2f25898dc06e8d2fa9,italian_greyhound
9a2b8517016e7afcdabb489395d27f49,keeshond
c70d4ad5aee0d56f5a8bc63c0079380d,chesapeake_bay_retriever
95e04c4e07aff8b120404927e30ffecc,shetland_sheepdog
e03f2a3e636ea5900f5c57ca7c7af68c,dandie_dinmont
35d6d29d3db9cb7636ac49f960c3a0c7,cardigan
f7914989bd1e633c30a76054df77266d,mexican_hairless
29eb77d67f317a9ae72482c31a0654d0,bull_mastiff
89e486c54ca7c2537abe3522142a3537,saint_bernard
aa7db357433752780cdcc0d0d65473fd,lhasa
c56ff3790f57858458eebd14050f51b1,greater_swiss_mountain_dog
322ae8b57db468bdaee8f450e980cf8a,chihuahua
44b1787b1f6c88c76b501140829f4d15,norwich_terrier
49991f0ff28b99671bcf48f93957b0a0,border_collie
b8536d60999368470b9fb64c4ad3ed6a,bouvier_des_flandres
f3831b2287b3858b44885ec97b37c2c5,leonberg
f0dafbc65d9ddbb847863d8d510b3948,eskimo_dog
4f7acd612879022f09fb7e63eec8bb50,malinois
c142993056fbd776aace8217acc45267,australian_terrier
5181d9db75e016df5fb04ccba88417d4,doberman
b8876a1aae766190b66f0aec39530bdc,italian_greyhound
57c957cab29a52ac2801d23027fbf414,norwich_terrier
edc923ef3b9724d44481d959573b3afd,great_dane
06ce71ab05143b1fe45ba8eeba2e97e4,pug
21b3006afebd75664f31220e2d15e9c4,english_setter
a8de8a9499558fb26f78edbf8a8f1311,standard_schnauzer
83be6d622ab74a5e7e08b53eb8fd566a,brittany_spaniel
ec01f50fdb5ca8749c5ee350232eceba,miniature_poodle
8e7256b23446acbd33967122787c1eb3,tibetan_mastiff
0ea78b024dc3955332d3ddb08b8e50f0,beagle
b619ae437b7a66ec716f3a34d7b40965,soft-coated_wheaten_terrier
8233f609f7a39f0f834894e761d73aa0,boston_bull
badfe4c762c03efd40c9a50423ccbf60,wire-haired_fox_terrier
b53646b931972d951b7306584a00cfc4,kelpie
a9f3be811452a710a8c390a9b2590f32,sealyham_terrier
f56093b4b1f055c76701c12620ace957,dandie_dinmont
f0aa6b58cc701bbf31d090426cb4ecb4,french_bulldog
416f36e236378210a7b553c0717950d1,french_bulldog
1069587e556525ecf7b3c6def3c096d7,norwegian_elkhound
95fddaeff7bee1d481cff457b5401c7f,great_pyrenees
4043526673311768ba5f2c59d9844f0e,boxer
45c0203e9d2d18b5ed5f061589e24956,pug
ccc5516a7db6d1d409ed66be35b6deeb,brabancon_griffon
41d143460374a7ffa245b073891184f0,saint_bernard
03dd99e068f1f2283011cc305f5aaa9f,irish_wolfhound
b895b457d62b5ed6a98883d114e92cd8,entlebucher
f8c92d371c9f07b52bb6292fe4bdcc3f,bernese_mountain_dog
887e80bc7e5854b3d876822be7720ceb,mexican_hairless
27f50802bca226538a25140326c9ae92,gordon_setter
249e2dbed176e59db563a97bbe91b251,chow
2242610593e258533049449d3f93e937,collie
5ce1816545af31c8cfd10612c74e0675,english_setter
139fc3326016bf24cc06ad898c42742e,english_foxhound
bb498a83a13172068481ab3513469efa,japanese_spaniel
6c6796e1774ac7ee32027efd36a329a1,rottweiler
02d54f0dfb40038765e838459ae8c956,bernese_mountain_dog
15b5cd948f5bcbb7a4f5b1904de4c6d5,afghan_hound
b43adc80f87f77949a64118df86bbeff,standard_schnauzer
02cc0d7c8b7b513b4325bda30dce222d,brittany_spaniel
6d76e9edc374a77eadbf6b34baae60e7,german_shepherd
ddbc4983d977bc4e0f4e622da3dd747b,beagle
90fc6e34d3ab3e7c6fff4f854df6d3a4,silky_terrier
a43b07a54777ba55c95736a7f8af1b2d,staffordshire_bullterrier
18b4c97445c5d20d2199b35f9c2043e4,standard_schnauzer
ac50e3733b58fdecc1eaba7ee8efdb84,entlebucher
d587009bd0b5c64c7fdb52c9317978c2,afghan_hound
bd9334441c2067dfc01dfca5eedf7f21,silky_terrier
b6c15ba2271aae59b55443cc46ebab60,kuvasz
54d4876e394145a19762cbe38b44b3d4,silky_terrier
a3964ad4e38e080dfddbededf5e189f1,leonberg
995b2cd115180d93f87a72f7b09715ce,sussex_spaniel
346c9842d580b40bd7ca52d4095e3ea4,boston_bull
f5020914618ca6445b1bb1ca2e0a4d51,maltese_dog
99cf80317e4a9abd484fce74c47941ce,ibizan_hound
866965dab54e1f3c641ed3e18b2f3313,african_hunting_dog
f71e0bbcb7b9d348986393612e1b6800,shih-tzu
d33a9df2a23a1ff3ef29ac6694cc7e79,appenzeller
8b477eed0b8ca385a5008c20753d16df,basenji
7c638105cd596a1fd493694de886dbe8,giant_schnauzer
03dfefdb2939388f7ca9578cb7c4a2b9,maltese_dog
549bd24432ca6245f78e5ce709b8a3f2,sussex_spaniel
478eba9f4c975750e6efd7b3c7350ade,miniature_schnauzer
649bd8654c22611e7e4912d58249cb47,labrador_retriever
bf350ef1b1f2c61c5312bbc3d7896a98,weimaraner
a654a3b3e443be0d5ceb0aa369e26be1,irish_water_spaniel
7efa3e0f614bb18b9ec8c18d5de0d5a9,miniature_pinscher
8dd4e667d9ba987fe4c42fbb09206e60,toy_poodle
5e9385d21409f6efc8fba4ccc6ab51af,malamute
2c24bc98cf59ae1102faa196681c1c1a,sussex_spaniel
2881a8476712181b9d357b5ea0838c52,miniature_poodle
96eb04c5fc2efe0701732dc775e33ef3,irish_wolfhound
a614fc9031217ffdb1707fa4f8a48dc7,japanese_spaniel
143ce5343024462044b72de531b5ff08,chow
3385d18efca5d71b1eb82c395bd01b95,african_hunting_dog
ac4ea6b4fce3058dc84db8ee7c56fb81,irish_wolfhound
f738d8472928f06c5a3743914ac5d458,german_shepherd
2c6cea517a2b4c79a25efdaa42419824,lakeland_terrier
4b7fca7decc6f79aeffe9e2c85409616,redbone
a37ff46b9d664e5f9174d4d03a06fbef,malamute
4e2e5e75b04fd4603d9a59af546c59b2,kerry_blue_terrier
f588238227e5822b0c83a8355eccd067,rhodesian_ridgeback
a412134bb9e841155922b89d5a261d26,cocker_spaniel
f10aebe770d5533a5f7224a0bd816716,miniature_pinscher
0ddbc4702eff570783cd03645571e7f7,samoyed
62608b3893c4a80887dbc193ceff5e84,bloodhound
34522d22eafcf06f3f740cdecef11f72,komondor
4d11bd700573b78d223e9ff0ceb94f3a,english_foxhound
a671803d1eed0aada084f65eb084ba28,siberian_husky
664fcdf9528464aee007c046919b006e,chihuahua
694f78624f179ae41fa9a99884f97f39,vizsla
ffcb610e811817766085054616551f9c,briard
7092ab2a22edbb3bec5f93ecf2ddb331,silky_terrier
35135a0c8a76f301f5b50b7b570ce974,malinois
b28dd4ec5ad70c3901a54447ef7ec5ab,basset
0adfec2804a1efe41f54758cd87cec01,border_collie
f3e172b6c77d1d5b191722de535bc726,staffordshire_bullterrier
566696d17bc3292fe82eccb6e20f6bda,shih-tzu
7650b3dabb734ea29ce3adc3b3e2a9a8,chow
e79a5176fe0322a36d09f057d64aec54,greater_swiss_mountain_dog
0f7c32eb17dce55860772c983f557e3c,miniature_poodle
80b930b0a567effa386e18b65601f2f3,bloodhound
55a242d8a1223f59218fa89b9755eeb5,malamute
919275bc732b771a349d6515bacad30f,airedale
1d951901580372d429c8c3744e6e094f,papillon
19cd5d0eb4cd70e2a7b1b65cd097c7b9,miniature_schnauzer
37f1a6d8a5a2e3929afa8bdfc47aea2c,rhodesian_ridgeback
4c50792793d5ee80ea402a9ae5416422,saluki
a0ecff6d821562026d1200804d3f9cb1,greater_swiss_mountain_dog
0a896d2b3af617df543787b571e439d8,leonberg
c97c9eb7d372827cb1b67b0a8afe8f83,basset
21aa762f1bc676e9278c2bfdb1b5cc64,english_springer
2772c0c2962911f330bb59457f91dbf8,kuvasz
05d6e6de49a6999e56de23c4608af441,saluki
6e5352cce31db68901e5887b12bc9f38,otterhound
a72fac01497e296e32fab4192df57531,ibizan_hound
032620ae0f847d957d94d1fd76cb17e8,dhole
a53d7471bef882d869f898da801e4eab,great_pyrenees
aa899804eafe2c221f72b6dae066a55f,old_english_sheepdog
24804d5b56da5261bd21663194a4444a,staffordshire_bullterrier
6b3f1fd13a925f11c01ec3f58a680115,lakeland_terrier
5441212c564d93e51eff4498bd46f3f7,toy_terrier
123ffeb6b374097856bffdd11b693668,soft-coated_wheaten_terrier
8fb29d378d44d3f4af216cf4912ed789,english_foxhound
6911390f33e6506b7a2706f39cf5fd00,australian_terrier
d9c93635483f6537ab13d13ac5871f93,japanese_spaniel
cd31a52754616411d0484aa309c66b2a,schipperke
f382107c98a4aa6d80a5b6a6df18e669,pekinese
3db4ab710ecbc2fb444f083a3d52b3e8,greater_swiss_mountain_dog
16df5020c2b6ac3f70fb3a5c27c5175e,german_short-haired_pointer
e1b04d497388246d0305c01f8d01fa1a,standard_schnauzer
ab52a394113d5f6964070d2dd98d845a,scotch_terrier
c3b7f884bf97c8caa64377672521a7b0,rottweiler
666eeaec16b885a3b9c11b9a9c5e8cbf,soft-coated_wheaten_terrier
5de90e7a3524b99897e8bee06ebbfbd3,blenheim_spaniel
edaba2592430f96c84ef0ae0817c4328,german_short-haired_pointer
fc94a4822e2d9427568b6d5427e903a7,tibetan_terrier
e9da345a17d3e21041214e6cef9556a4,great_pyrenees
cd5c1f1ec93244a933f377ce42b1b3dd,african_hunting_dog
e6898f5cc43bb4a30970f2d2210fdb9a,dhole
ca5fd2cb1f6e028918fc570cf74f539c,dandie_dinmont
a5621787bbc9210a919ccbf5832426ef,bernese_mountain_dog
1bd8bbf78f1e60ace3f5d18090ac022c,standard_poodle
cbc3a36f42d9c1a97577354bcde3716d,otterhound
4023851ba15301e077734449d0c78eba,shetland_sheepdog
43572ba7edf772a95f539e57afd9eb43,labrador_retriever
20c02abd77c1f320455c86bc7c022585,cardigan
83a8ce6c40f4ad5ac8b6b88874193e8b,komondor
e6ff9171c960a31363798343982338c4,newfoundland
20d932389c9e5b46a474aba99258ed8d,kerry_blue_terrier
5cb8e8855145375221015c02fe21b273,affenpinscher
011bd7fd7c036dbb243d0e37329c77b7,irish_water_spaniel
58660bd76dc762e242dd91acd3883561,german_shepherd
413764ac4af585e252f48e6ac2482c6a,irish_wolfhound
3af48e9cc72eb4faf15eb348c741a676,bouvier_des_flandres
881ff9eff7bcf5bb5cd5bc2e39b22a2c,groenendael
8373b804dda03f182fe857759f9d5fcd,standard_poodle
9e2e3c2bbbb8cfa1baabd8ade4ed7c80,basenji
d88fe1dcc5296a6aae4528f6fa6ad52b,rhodesian_ridgeback
15a4ad475f9c8b2250df082b8e741d94,gordon_setter
55f0e7bfe17a9e791a713ea906d929a7,greater_swiss_mountain_dog
ddde7d44c5c478092358387baee20cfb,american_staffordshire_terrier
d6d26cf4c152fefe3d4515fdb814cb40,standard_schnauzer
586fed74a07df1d04f3c477a408d3f7c,bernese_mountain_dog
734d7956e66fe08b1957baf37d242fbc,appenzeller
36c1add2344fd41b7a73e06b61727a64,otterhound
3d9ec1670bb28346071283c4d70b4fa5,appenzeller
c531e6e15b507dc9b26ea1036f9317c4,saint_bernard
1c6efdb63d5d69d9a40c572b48d21278,afghan_hound
6002755e7429e70f4394d7dee443659b,sussex_spaniel
369bd2e5050a6e33754ec28a657e5f4a,yorkshire_terrier
e6c13efafeb9ead1ba224c0fe9edf59f,papillon
7b647794985a1d03affb644b5a95d413,afghan_hound
065452ccfffdc6b6f60183bd6c88ba89,lakeland_terrier
ba9f69563776b93721095a6550c22021,standard_poodle
72208fe524f8305e7c52dc3223377de8,staffordshire_bullterrier
4d3bb108c92bf340610878d2f257fb30,affenpinscher
cedaa14045b1bea7a383f5bdf588db89,appenzeller
971558f84a2f4325f0d7460798f65331,pomeranian
0b3d3120a62c2bc280f589d473041d06,boston_bull
5a77bfb5f55271ef81f4f5d8233eb51e,irish_terrier
360f34d53e00c3c6ad0681df0c176bf7,dhole
55697c703ea8d87b81fe44cc6748646f,norfolk_terrier
8baf3971eb1fd962a9752a24f4ce0a2b,brabancon_griffon
bb5b7382b5f016d064ae37337bc6ac58,miniature_poodle
48b3e345543f3c0e79003f87ca1f0518,welsh_springer_spaniel
2e032b14b41870f4d30a2387107c17f0,malamute
343604bbbd216f7810e5f4600f469ce5,airedale
f821311972e25d3dc8e8cf76a64e53e1,entlebucher
eff315e6d8b855fc2166ab4fc2a192d5,saint_bernard
e23950a981b81588f00133a2c0c5cfb7,west_highland_white_terrier
706939cce23d7bbcf3c734866bebd582,appenzeller
dff884afad091397ca26465ffaa75084,cairn
53ef06e550b924fb9a06364a47eb71ef,curly-coated_retriever
cfcc1612346870da991980196d34e106,tibetan_terrier
2c390a15343403f0ceafea822ba22883,norfolk_terrier
fbaabd8210413b2084743c1f00d8c0f4,papillon
e63afe537a7d02e36846ca681e89f198,entlebucher
82657cb2cfcaaca8626b8f9488b0d8bc,eskimo_dog
63021bfb22038c0e4095ada8cf691b76,borzoi
750b90c9fbb7b7feba76eb5a22956c75,giant_schnauzer
fc3100b4cc97f41f55e86668d47d26e2,leonberg
8f3854aaa58f727a9ca017c25595a345,airedale
cf269794a592d3b6ab3a52d59830d763,afghan_hound
12bd4b1926c160fcd73ae48215e2b12d,german_short-haired_pointer
b5cb07aa4fca883205dd6d9b05d0689c,american_staffordshire_terrier
8a5a7518881748d0c53cbe7f4d9d67c1,lakeland_terrier
a2b9bd0ee3360ec1a174daf76f385d21,staffordshire_bullterrier
7dc6c8e4af37515a897c914fe2f650d3,pug
b091cbf14b893d3c13cea2b1a8cb503f,great_pyrenees
383a9cc4522b7776d520fc30d4fdbaa4,siberian_husky
cbb65152c8e5dfbc10ec40421d65956f,sealyham_terrier
34e4e0e28728d8c98df1884eab8375c4,scotch_terrier
a81d6c9e0b71d1e8b156c530a4c45816,irish_water_spaniel
aec0ee307cbabff63516b55f3a605144,english_setter
7457e64fb9aa1cc085e95378b076ba23,old_english_sheepdog
041a54577da744348d4da8094e882cd9,flat-coated_retriever
37240427c3c54b9d5a9f18982d68ec18,kerry_blue_terrier
74a45aecdc87b1a1a14f123758441f31,bouvier_des_flandres
650894e4ebb42cb077041f5a058cee0e,walker_hound
e3104080c13200a90467f712dd2abd08,samoyed
9fc89093fbd02be1c4a6e390ed413c97,norfolk_terrier
faa111bd776cdece79144aad36558eba,clumber
5cccf8e7b1c4a17fa7b79a069533dc22,pembroke
7307fb8fb51c7317e12aa86a021fddb1,golden_retriever
05b5e17b96409ca6db51edaf28bd3bdc,west_highland_white_terrier
621a386b133d73ad65e03a028eff0da9,giant_schnauzer
b8f1b0d8fdb130de46b61a34ef0278bd,afghan_hound
86ead5380434660cdd8a6625ad6fe341,saint_bernard
9bdbaa146c1c71e9db759348e9f5f56a,boston_bull
0f9a30195723e9951f65ac1246e5deac,cardigan
692965e541833d6cf6089b0d416f0c0f,miniature_schnauzer
40eef5868be3e4acdafa925b41686d47,standard_poodle
c750ad78e8e6ac798ef2b9c648abfab7,pembroke
1416047ba98d2c23eb2caf45d3008ccb,airedale
5f72e8f3f4fa5fe31658ac1f3c5a0d3e,maltese_dog
6771e15f52bf889dd309f013710995e4,affenpinscher
ed1957de19321d3f09348c0c1e3321a8,malamute
146c8ed2e65ed9e04d8302bf1d96815a,entlebucher
6c0573fb6ef2b32ee55f8ec30c0d6928,papillon
4c2ca9ee822b5ab533a73422fadafec9,dhole
fa1ae7cd7d26a1dbc29149daa8b03ea6,bloodhound
ef8c805d9168bdcde66239d35834dd88,staffordshire_bullterrier
016bcdb05e2d0e0878877df21b8c3cff,german_shepherd
0eeb17d40281f3bd639de24ca662c5d2,african_hunting_dog
89962510e8e4ad50a1de642bf49945df,pomeranian
2ee404ea374b264dfc4f47bac97190ea,groenendael
e74f33ae3d78d3d2f8c75b8fc847f5ad,maltese_dog
44a793a3f07c70e9ec35d8e804bf8115,australian_terrier
f842f546bc73b3c40698bbf9f94928dd,irish_setter
201a8f529b0243eec23d94c406ca98cc,pug
10b7de79c1ce32cb8928616b00c3686e,norwich_terrier
e716ae8410966853094bd28b0829feff,african_hunting_dog
2866b7c2eb58fdad90098ded08d201a6,cardigan
f5cef8edf2725dc143ead4774ddff74f,irish_setter
ed6e570e10f027ff20f0ab3598153193,english_springer
6b064d064f51c2d26ba9e9dabcb79f42,appenzeller
bd9cd8814f227af4c9aab9b9db57e3b9,saluki
49353ee8314c786682ae5cbe9f6f227a,miniature_poodle
3e47bc6ccd92abf16209f4125ddc7aea,norwegian_elkhound
1a62a5420f6cb1e0cae9a8aa7a505d43,irish_wolfhound
a4f8ba6aadd7017751b56ad0be5b96b3,irish_wolfhound
abd43fd42eee6c32c7d95fc0993603b6,english_setter
39e1aab6d5d5b6b645fd36ca0be245b6,leonberg
a194b577d699f7c47359db2692e3b464,afghan_hound
38041ed0cab315d037a2e79dabd7fa6c,giant_schnauzer
5c62c3ba9f6182c3f5e9b70942fee2db,saint_bernard
39eb055caee27cc3110ad26459fb64f9,boxer
4aea562f9a665aa4d73e9e80f5d55d9d,redbone
8141c029e973ca29be09417267d1e50b,miniature_schnauzer
08571d6bb5ecf6c9b7a145dc24043088,dandie_dinmont
31a289a5fe76268b30549c8477a3cd68,black-and-tan_coonhound
619a4aa6eb94117557fa13d2cdeeced4,samoyed
d5d856e5a6b16e448dcbdd057e280e62,chihuahua
d06dfe63b8aa87927542f830cd7c5879,pekinese
d694d01ba01c34fcf8b27aa93d0a2708,german_shepherd
d68f1be8128bae9979f58ceda3c76c50,west_highland_white_terrier
850f1d90b81ff1a51af16c752c0b328f,staffordshire_bullterrier
339fa08471500590fd72a9838d929e71,collie
590e2389b5c33cce2f5ad01f3fe91373,chesapeake_bay_retriever
6c55a73e484d7a1b371740203cbcdcef,ibizan_hound
5241e2b9d9e70359c27f6cd1709c8802,american_staffordshire_terrier
6414f74e7f59cce0844799cf3bc4242b,rhodesian_ridgeback
c080a6d7d5bdba6e23c0f854a67493ad,redbone
c59a3e9d84640ab0cfdd1a8898e35a41,weimaraner
fee1696ae6725863f84b0da2c05ad892,bull_mastiff
672a26f8bb8cfd7203fa3bb19a97d851,chow
6117cc88d5b80730c90d6101977d3566,bedlington_terrier
ca2c1407d0d53938af210268af290b09,appenzeller
9a303c60ced446a367364eeb122eea3c,entlebucher
aca5fb5688fbbd2949a369534af84c6b,doberman
ddcd72819025d48d4a205f0876e432a5,briard
055cfac66e5d67756ab05d02baeeb04c,great_pyrenees
47d16e87d29ceec3a643f2fd58998d60,dandie_dinmont
999bb3a6d00cc6456d4e71bebae48f78,weimaraner
555445531dc58fb1b54c94f48a112e97,golden_retriever
4b0441fb889839417b9bd4929d6ef1e8,keeshond
fddb09d408084b1289bf572bd4071c9c,airedale
21dfeebc515160a484d64eb9bb12bb93,bernese_mountain_dog
0e549376cfed70cf2a5b84e7a42d85ef,old_english_sheepdog
692e38e7a69583757cfdcecd6533b84a,samoyed
5827b9cfa3d7962a2ee755524c915b24,malamute
cd40acc3fbfd0ca5a1985eea44d8493b,chow
b2fad5b45f040f4bd58c907fc5b9983f,ibizan_hound
ccc369e93d792e44329a5f13ae6ae582,great_pyrenees
48dc00c33b5f03e83f391fa306cf6c9e,bouvier_des_flandres
a889842a9cdd447f2fbbf91e8856106d,dhole
a6d7c6cc8162c58d6f75d6f46cd6e0d4,american_staffordshire_terrier
57b6db1ec82c01676e11d621f9e15c89,maltese_dog
81b68a5f988ebd40908e197237284801,afghan_hound
c7c952acb35ee96c30f4e6dd14241efc,sealyham_terrier
34820b973423fc13032f76cc9430ad47,sussex_spaniel
061592707868d5ced7ee050cb383072d,soft-coated_wheaten_terrier
2cd41dc14701a32530d770cc5794a97a,black-and-tan_coonhound
42c5c84c03dacbf5784f8c8910242018,boxer
fc4fc2e64dc59dcff402fc281a42481d,english_setter
8aa65793a60f8feb59925d6ece493bf0,doberman
608daa34284981501bb9ad2443579a21,curly-coated_retriever
a5151c64e12e4b8bb173e357af6e5ccb,japanese_spaniel
b0ab7bf62ba55c1c4a6b037132576cd4,kuvasz
146fa113f3d8ad6e0effe9719e09cef1,papillon
8ddb0c01060fa25b3df031c1f8eaf11a,siberian_husky
52b721b1626b1658b5b34c080e925897,yorkshire_terrier
e5f1d18d03878ce30dc24eb945652698,pembroke
002211c81b498ef88e1b40b9abf84e1d,bedlington_terrier
dab5753cbc9cc7452e1d69077193e65b,briard
b97c4e63dc686e98bd5095e21dd7680f,ibizan_hound
16e2c529e31eb3d2a276eb5bda2b009f,malamute
6f9bac41b5be5ee6baecc9e7ef8f2c2a,golden_retriever
946ad160e437edff6204c8260fb9704b,standard_poodle
8748a52fde80c1b69f6a6af8a522bd2e,irish_terrier
2cbf7946e93d81d8f07b46bd339a1a93,toy_poodle
a293948f43c84eeb43055bc78ecfdc5d,german_short-haired_pointer
c3487bbf17be7def166026f875edbdc0,saluki
bc44f873187f4d02264c3a2c8d49ad6f,doberman
782492a8d27b95f3f2a5ad2af461eab5,sealyham_terrier
7ac30588c07dc4ea1c8315fe9e4ee993,ibizan_hound
0314048edbd08c8c50eb3c93281bd043,pekinese
72545a82eda975364c5d6758fbe22af0,collie
ccd804f2bb1d8b97dd6d0ef6c0feb054,walker_hound
5c6e495309ca61e8ef9e3c0fbdde6573,sealyham_terrier
058ea5b467d08ed978658dc1ad85fb7d,maltese_dog
de2c9754f0687fc8d0922b990d274777,kuvasz
d020d0461312aa24bb8eb462701a1088,lhasa
25f99bf9e6cfb22ec1f7b6857bba15c4,english_springer
54c60fe48c432816a32b860a32bd9be3,miniature_poodle
8b332e46e140af54feecbdff46cad87b,old_english_sheepdog
bed0cf9b069065faf7250a922812db5e,standard_poodle
d8689e70969ba9533bcabee3cfbf697c,chesapeake_bay_retriever
d8951830ecd4b5898a6484327dc6f294,papillon
2cb1a35c9a986633dcc2c7289bafb02e,basset
5f11e117f4ba6ed026682fe516651c59,english_springer
e39c995703aaed29660f904fa5bce520,american_staffordshire_terrier
8fbd1187590a9b65878e467e96705637,beagle
095d868f796f86c8258750365a04f2cd,japanese_spaniel
03b7320cf8054e57b499e01d1cde0644,walker_hound
1edad3ece8f4f47a493d88c24dd7d8c9,siberian_husky
e91b2802897234af87d09702a6b23b16,african_hunting_dog
9c0d4cee4acefbd21b643266a22aab7d,afghan_hound
ed5920d873da0891d86d9f3a25f2c2fa,airedale
83b56fcf4811209b7a9bd5a47cb90a67,groenendael
08b49c79fafad70a23c770b1fcaa89ba,komondor
07e103146c1f4513647ddb9614210320,cairn
b18fcbb4e08227a471b4dc88d902dca7,english_foxhound
b9757ae6aae924b0b5771d9dcd7590ca,samoyed
541f7218023e5f77a5cc5a915b0e808e,saluki
f692fcf95607b6e82528b0e90d705725,kelpie
40b29230498c1541cc0872df48409c71,schipperke
b925a34373763d846c1438768efec3b5,great_pyrenees
87dfa4ae9b1b4e399e8819ad19a1cd7d,basenji
7742f1ede5c9e95b93dcbaee009f6e87,maltese_dog
8baf4fd87d634ccdcb7965b2b55c9639,saint_bernard
b3eb6305969fbae09c13ef3b9e5c2dc4,whippet
fb542f35faf7843778cb2c35d81a7a44,eskimo_dog
4025c67b4183b9dca4037eaa4531ba1b,bernese_mountain_dog
2d18755cd7a1155c3944910a6dffd377,kelpie
96620010901dd4aa4768f5371ebcae4a,ibizan_hound
3059fbaeedc24475e4718ab8f6c4a85c,border_collie
dac79f436cc24744d951ab759c35a59f,borzoi
e8827c1b0698e56e60f735b142d69d18,yorkshire_terrier
8b0b1c5823015dc73d323643a559be31,afghan_hound
52651a457e5f51270ba111b305869cfe,borzoi
bcc300209b7bef71fcdc9d5aa75462f1,miniature_poodle
2fa7759ee1c0f54ab691f17fde66d56d,mexican_hairless
953aad8d1b43596857b4b558804e751b,german_shepherd
52c926f08c537eb90cc9d1fedec57bc6,bluetick
26fb1299881ec58429e6321e57bddfe2,toy_terrier
ea1527f051be904e70fab5877bbc0341,whippet
2329f9e00a661ef8e0935b731669c935,cairn
96e7a7493dcf1bbcdc6be986fc04a71c,tibetan_mastiff
a126d857dc3a612bba02ae1d27122d41,sealyham_terrier
5153da131ebf1d46627edab27f52eb90,scotch_terrier
4d98705d155671039f3b45f96eb73a63,malinois
5c3e2e9b132c7297e6e0115a886b4fff,japanese_spaniel
f901c393eca491f1c03b88b31fa956fc,scottish_deerhound
5a64793c5a451c82288f19b83f71713c,french_bulldog
3931f792d35e57b6ed52a99b52f4eb2b,irish_terrier
9c6f8f10027e0076ba75d10bfc3232a4,shih-tzu
26f41b861666360a8048a230e838bdeb,pekinese
e8a321d602628f7efd19a567974d8771,american_staffordshire_terrier
db319f1771b92bfc20d4156fd05760a2,lakeland_terrier
372d8fc70a43192932945e1431c1ba9b,german_shepherd
088be435c5245f79c448812169a30cb5,italian_greyhound
2695c92b1303ab96f329c3790db5edb0,kelpie
045d421a681a7da04ff668992a8b4c3e,gordon_setter
3c24511ab85625892420d98292d6a6f7,norfolk_terrier
e44455c6c55cd0ca746c3d992e25e672,bloodhound
bd93e6dd836bfa50db1bbb071efdd641,weimaraner
694c70df83e9a67ec75263f3ce571991,saluki
8cb6a74c34257a22665589648d827aad,kerry_blue_terrier
aaca42b24d63226fe1dda8e6863def96,pug
85aa7704009ba5e05f4b73fc96602b7c,rhodesian_ridgeback
a7167022b4c41ddd1d4aa8e5c18162d2,malamute
d48ea539bfde72872b5deda0f543030e,bernese_mountain_dog
d37e94590bdeb885b76c81518c8f6ea9,papillon
d120834472b4ef2520e5860b0f3b0500,african_hunting_dog
40a34dcc0b9138faedecce21c54d5af9,maltese_dog
2eca4c81f5fa27c12429e2f7ca14dc2f,newfoundland
95c246b63eb7f6c5312181d954d5d01c,vizsla
b31735ecd2e53d59cdbf2f668aab027b,shih-tzu
c58a5e34509845ddf019edd6d896c6b1,flat-coated_retriever
540b586c4e59e4287e018bf0b019aa90,leonberg
58702ebaf1c9018a168307cf3af5f06c,norwich_terrier
302e4507ef9c5ba2c0b26ab890cd250c,tibetan_mastiff
c28f1f46775257d6830693702657390e,curly-coated_retriever
17c3f951feca0716c023ea462428dc14,bouvier_des_flandres
745dd01e7a702cb72931a6daba32ad41,bluetick
b05d49698b7426ac9420983f0b8cacf8,collie
d7613d9f96bd0d5e7e1fd38a3f614d06,keeshond
628b789b1cb9ce81161f669669b1dc4e,entlebucher
cac84e1b6d9ca1545dc7f6647b988952,weimaraner
a4f26075839c36bb615bf347615e02dc,kelpie
40b5d79ca1494f8d7971c3d8c205a8b0,black-and-tan_coonhound
c96b81edd143405fc0ab3a6d7b2fda00,boston_bull
e0ed88eecdd9e2bbe6317ce9f5eb0847,english_springer
ec1654e55864cef34ec43800744f8ac2,kelpie
a32893132f6fbb3635df77c157c7d8e0,scottish_deerhound
e2b2636c291ebf5649ba403b9592f51e,maltese_dog
ac54633fb411ba5f4a403cb2cef10e9b,scottish_deerhound
a8859e94273a3a1d558d13d2b5d04c47,labrador_retriever
2d8ec7b5aa0c781b0f52a6e50391e924,standard_schnauzer
366bd5a3738a9c21d504c8154c957e58,entlebucher
5724919ea5c428e564ec77c24850e153,ibizan_hound
6d3f6ca40680a6611097ab283d76b5fb,dingo
fb23c7c26cc49324b9081e2086b32409,blenheim_spaniel
0ab12906ac3a87b531c574a15e79c58a,curly-coated_retriever
acc860884c9db42453495a4b330d1cff,italian_greyhound
7d128b5bf4a8cc4962ad4265e1213bea,flat-coated_retriever
82d2fcc2f9b7da5f93ee38885e914520,golden_retriever
c34f899f92484db897374e9567eda5b3,black-and-tan_coonhound
843d766d92a7b6d6a85a81e56a99c51f,kelpie
01c230ec18eed427cf5b1db1a833024d,english_setter
6e98ffcac8849ec25bed7b1a63ae25e6,pekinese
996b4b46fab484460373f80a1780babd,miniature_schnauzer
8b21290d463f620d940bbe1ac32aae95,irish_setter
955aa14970c097c30fec72f106e4cb44,pomeranian
56a2581f7e496f157fc2e4904bbe829e,keeshond
a56acb2a3904093efc2d935e2dd024a6,chow
c0a4e82e33d14987683715ef833e8401,standard_poodle
49f52075406d36a58ce47f928819791a,sealyham_terrier
2ba1e0f500b72e3e2abe67bc913b3335,old_english_sheepdog
16a6a63387fa1f0b4a0dcf6bb05f6204,pembroke
782319adbba9e5002b9f727abb845543,groenendael
9f29b8becdfc5ad6202efe43d6c7b2eb,scotch_terrier
d5098803fe8e8ae632cc11df0ec4f399,standard_poodle
b5f44c74eb649127aaedb0d0ddc6afd5,miniature_poodle
f881a7569fa39a96ce68e8c5c8642b20,whippet
1d2c069aa91e2818f1a45a7ea1892e9c,border_collie
4aeb621a82494c36881c853bb1c53c50,saluki
9bef849130e5759f4e77d9cdbd72034a,scottish_deerhound
bbdd2335f51e0d7f30b0c68fe942e3cb,gordon_setter
fea60fdd28de5834520134d6dc77a9a2,black-and-tan_coonhound
5d965216fc63e0aac965ca0f0324ee62,bouvier_des_flandres
ea5c48cc2c2d348add796a1530eb27f5,bloodhound
f99c0ede8bf16d5e94a3a69ffb97b341,sealyham_terrier
5c5de582714c920b4cdf1a3de2f49611,dhole
e3a3ebddca40ff58d0cb9b8205c46066,bernese_mountain_dog
5751e0ade308498fb04d8cec2913aa3d,shetland_sheepdog
e3f184140f68b3502dfb048607556438,entlebucher
9ff162b5cdfe5b67a6d7bb684d36795e,miniature_pinscher
4e7dfb9439a140c2b4feeec1aa72d32b,irish_setter
89f6482c56119d9031029346746fc17a,kelpie
ae16b7a7f905244eba139f90f48d3171,rottweiler
583abf9c03d62deece68b028cefd2193,brabancon_griffon
6cdbe1dfad3257b604c514eba9ae4697,leonberg
20963bd7d0202c45005f5f0a052858a5,great_dane
85fd373647c7df4fe43c4f7f0e6c727f,brabancon_griffon
7037652031c91f0b1d77089a1a6f981c,black-and-tan_coonhound
073f0821a0842917e6e97ab322bd63f2,basenji
e316925eb1cf7cdeb1ffaab7424e231d,shetland_sheepdog
bbe96d21f3aafe38ab3b3ce24a498d77,pembroke
dcfb91097cb730519db11709821e3afb,appenzeller
34ca4e5a95bf09f623da63f4d566eb19,great_dane
c26f118f94d84ffd5ced4669a29b4898,english_setter
f056ee6bc913fba2697dabf37c1c8531,schipperke
382321aa611762ba588d18d3f826db20,bull_mastiff
f835a7cc45610f664b91d252d413ff65,boxer
04d5d382a8a02d68859850dc282d3ac4,doberman
418c55a9e57547d423ab41e5fa3c7bcd,redbone
d515076900624c15de25a9b5e45c2ee7,briard
387603961b4002a45c703147e086760a,pomeranian
2ae784251c577222be8f7f3cef36e2d0,golden_retriever
eaa305d6f31664b513c89946b5193ca4,english_foxhound
dc44465b8caedd8d06f52a7482036a02,bluetick
d91761b9302c37487710a4d8f890ba97,tibetan_terrier
85b160a087cbc927454fe01c52605112,cairn
2b5c0c29ae9783290d924b2f8d365466,whippet
104a6182cff3f37406fb77b7f0c40402,japanese_spaniel
8c96a702b0a8fc525956f780ec87a28d,curly-coated_retriever
dd2026cafded2318431c3c78f5026fc9,american_staffordshire_terrier
9ca510930ba5f61cfdbba63d9fa99128,cardigan
a3929452e7341352c0263072c15f37ea,bernese_mountain_dog
dee927ec2ed2efb5ea8bda227d0be2b5,dhole
611ec83f787b7d931d1f0b4fad6b2405,keeshond
5dc9c12f0878656c49d97c6bb9dd3aa0,groenendael
85ef8ce1e2e798ad6ce5289c42b9055b,clumber
4cbb3c10f0eadb99e6333009af1ec53d,doberman
6aa03ec0e86f5c0872643b7146bfcd52,groenendael
b0b2f68210c947e1365d9d8687bdec0e,boxer
5d3010c78980661cf47f02cf66965963,miniature_pinscher
40fe6e14c7912b1733eecf7d6a667f23,irish_terrier
4552e694e0dc79e9cbd44e9b0625e925,bernese_mountain_dog
412232ca70a653d183b9e6e502e34730,border_terrier
30b2ee18ecfaec6db490054a4555d40b,papillon
9cbdcc4ff6fc0daf8e32caa3ca818aef,great_dane
24a1283f33d45f06ac05078d79fb77ed,tibetan_terrier
49316a21549beb0106c4ca7165d5f390,gordon_setter
b20ac3f8cf850665723bb13cc31cc316,old_english_sheepdog
03da788cc7e5c111575daf04e7e3910c,toy_poodle
24e5ea89ab96f5534ca2be217ef17643,toy_poodle
3b0b69e8d38e9fe21d2a3a528695bb44,mexican_hairless
3f0c77e6089a64f7083277b6bf22759e,scottish_deerhound
960291f7df24618b6f643bdb7db726f5,eskimo_dog
c24c3298ec501f8f7960ea76fdd317e9,whippet
106d7e0df869e7ba9f6d16c5f77ddfb8,affenpinscher
b38a2b69d7a9addcb61ebfd0507ee770,groenendael
d6574a7c2c804a33cf3d29d917923349,welsh_springer_spaniel
5dd52f2dfbdc63ba4813e77355898cdb,ibizan_hound
0162107acd8f2588c0944b791d61bb0c,affenpinscher
1831f3ce615ffe27a78c5baa362ac677,boxer
8174c92381421de8ab5cfb54366a086e,pomeranian
73a99d543dd8a726e63812b396a35ef5,japanese_spaniel
2071036a0cb133584c9b917b1a7e90d7,maltese_dog
40d4d2199cce8004764a6cd573ac2579,border_collie
9e42f02b9fb363b7ea477484713f2615,chihuahua
252e1564226738254d6f1f8fc94391a2,flat-coated_retriever
22772e4142ccb40c480230d771996bd8,shetland_sheepdog
9a99a6fb820491cb1bd4a0d1277f7df5,doberman
1586326d52312228c20c3599feb72d7a,pembroke
56e02e860ef31fa25a39f1640260e68e,golden_retriever
714965afafec13c0fd2f2617dd065aa5,bedlington_terrier
e1fa947ecb1ca186470952a971376bc6,miniature_pinscher
6f8095672995666a0d6dd4e7daadecde,redbone
b1fd800efb2e36febe4ac7df73b07038,sealyham_terrier
342c263550c5aa28659d8aac3b5db023,kuvasz
616d856ae608a00523d0b39f0a40d264,irish_setter
bb9bab1e3645d068b4a52f86a63e4bce,australian_terrier
2c5f6c1c3acef3e307fd92378caf198c,boston_bull
00b7d114bc5166a629a3cc03d9329120,irish_water_spaniel
0f1c3858495a49949934d2a635e190cf,border_terrier
157e9d7fb607da0ff1d324933b9cbddf,african_hunting_dog
72556f9cd9283ce102041be218831f2e,chihuahua
4db5e936fae9ba70ecb7e65605ba316b,african_hunting_dog
74dce62be081b0095cb3d36684af3fd3,border_terrier
84e567b15311f0c891858f56f0175867,vizsla
6377bbada02c051ff2a7f17c5fb956d5,eskimo_dog
fdcf75632c624d8d03b37ddb1c6fc592,tibetan_mastiff
09a6fd935dd1a4dee29b97885cfa9318,miniature_poodle
3cab06b69e8404ed0f90144ee4ef5271,maltese_dog
f77d5b8a287c1395356e23849a2205fb,english_springer
ae68592523bcc268bdbeec99665b44c8,collie
1dba10683484b98ec59cbd5c998a0dad,kuvasz
632e8ef55138a10cdcf56a7bd1e125f4,boston_bull
2456919fabd59db9456db5ee3a4b09bf,sealyham_terrier
6fc39d4c82746aff7da37c2cab2dbad0,ibizan_hound
5fb78d58dc5aa4bda751f1c675da7a51,cairn
a5bf14a3b9f161ce9c458e82d823bea3,sealyham_terrier
9dc749a8498efff9f9e81bb6bb159451,scotch_terrier
2858f1f3828793a37f0728bfd66fc6f4,samoyed
f2d2443edb0bffec560ed1339613503d,english_springer
2a3b3a4fecb3171df19bed491865c733,saluki
6fc7613cfcd68a8d3d4c116e44261c29,african_hunting_dog
82774b211b700b0b0d7616b75520f511,chihuahua
0ab8d4c80ae4e6bbeacd66fb7e52b851,pomeranian
7f1746ba7ed8254df3be3c2a1ab97e56,great_pyrenees
bd9b29f039b5ecf255916a26662070c0,english_springer
87c3089fb8c7c00ae4ce78b939530f84,great_pyrenees
13d470408dbbdc20b38ea32d3752edbb,malinois
61fca65e5c0f5ae5ef7977ade431ee20,samoyed
a27dc59c0bc6b4358473fb3ed45a1f8c,border_terrier
d2e331df7b048de77bd85ca69288c568,shih-tzu
eb9dedfc29135debc82e82f159c23fa1,clumber
b84e0a99e4cd34f5dcce539c7ed3f91d,border_terrier
4e7f77af004f5ba2991752998e971725,welsh_springer_spaniel
ce616db871b255cd660b2f845e7b75e9,norfolk_terrier
0eaea4c6fe055607ed8322db0306285f,scottish_deerhound
f66c888ffa1ff06fcc2eddafb3e13aaf,norfolk_terrier
e346c77b51b03999cbf7d89ae776e696,great_dane
14e9a6d002632db71a18283fc024f086,saint_bernard
4e946366188e4389c3802b43a7a56820,greater_swiss_mountain_dog
19b2acc95a6e88fc737241abd6d3b7f9,silky_terrier
83217ef19550d7e7d08d0aecce356baf,kerry_blue_terrier
1d9d8911b0771e784da6181c3a7fd4c6,tibetan_mastiff
18bd3e3b7e5d07ea4babb24632b457fb,australian_terrier
6563fc7843766ddbe305f0e7f841845f,leonberg
edafef97d647ec7c4b4e00ed5fd3dde5,labrador_retriever
d24723e50b59d53ef53aeb0189c2a73c,walker_hound
0f2fbcae9ec83165d1ce5f5783fcb903,basset
f37bcde663c39b566fb9ce69c074a7e8,vizsla
1a012faf98b32039adc17ee708bcb360,affenpinscher
7112d77642be74da48db08cd79717294,basset
9fcde195fbd3c4d12f94e54346fab6a1,pembroke
9663beed651287e84f9ec04dfdb1aa1e,briard
80181f7a6d35f2afc9351f43993e5e60,pomeranian
10f790eb0fe5653c1980ddd983ec79c4,samoyed
fd80cac3ffdcd6ddcfe4d2d6f8f617f2,saint_bernard
cf2eae68033af7a625dcb3a2565482f2,cairn
6b90d24bc5ea1edcba2b496f990fdbd6,otterhound
9c6e6453cf7792a3d8b9ebb78f543b31,english_springer
fbdeba9ec017fc43c814e2688ad62402,sealyham_terrier
075a28044780636f48d8571f1d32f73d,bull_mastiff
65eba20e9bacccbbf0264c41b2a84213,greater_swiss_mountain_dog
db466cbb0c6f243fa38cbd7c1ff6c7b4,irish_terrier
4a6cff93d44190c7e2410799f729a4d0,affenpinscher
f66de1bea3790719f70ef37779889a02,eskimo_dog
b31fe7457dd912584bf932eeb40f4664,beagle
b527d1075cc07fc8375378ca990ee241,australian_terrier
347db53f4b0d597d88d25e6a96328cc9,boxer
6685558aaa49755e998feb063cf9f42e,curly-coated_retriever
c940c8808aefc1ad992d341273bf4050,leonberg
d5b01922a98bd60cd867e7b6d62039f2,saint_bernard
9730dfff0af50b9bbbed93220b440005,japanese_spaniel
7371745f2d7160cf65cd28d22731c6bc,bluetick
8a6113f1ca33960c10bd98ce0968d644,komondor
7d620f814fba4ac55004ec61863d2b28,african_hunting_dog
c8b1cb661bab73b5493f7ddee137564e,german_shepherd
b49ec4188baa0d5dc7eebf45e7bb9ac1,welsh_springer_spaniel
1b2ad6fc60a6c5238d9e0a5863d310fa,english_foxhound
33bac6585e1091787fb37e3bd769984a,saint_bernard
84b62d2def32fc85092cabe2c722c135,appenzeller
86bd30760385bad95c9c03f97619eb99,siberian_husky
ad73ccb66bea3c236de86fb950593173,dandie_dinmont
f1b4c01dfbe424368a7d9404e1f0f6c3,chesapeake_bay_retriever
9427f3bf8510ab7da8ee0b7e232b1a05,chow
146c249bf2d60bf30c309341020bf2ee,basset
b45ed1800440f35413bd0f2ffaec5003,airedale
e17f3e7d3d1468c34643e60cb622e935,brittany_spaniel
10ce268c0affd428a49ada5a79fe9ca8,welsh_springer_spaniel
6fa11f3d4cd5e972b5be8a871674017d,sussex_spaniel
6f3d31094ddb18242cc01c7d4934b163,airedale
cd147766deb06c9eb2e43a24c0645fc2,curly-coated_retriever
99d562e317f52acd1f86a5674b473146,airedale
a0753c0a9da1276e7e05249733425150,bedlington_terrier
06cceae049531cdb98fe67d912aa58a8,toy_poodle
ddde5939ee7175be941a1ae0b8fb404f,eskimo_dog
049a406bfac63012d757167c084ced1b,siberian_husky
77257e84ad1baee850c33f5ad5cf90a0,greater_swiss_mountain_dog
e251a767dc8d07dcb4d33cbccb25cb90,lhasa
46a97e1d4999b2becb5eeeea2825ad45,bedlington_terrier
14914d7f0348c56b32a779596c11ecd6,kuvasz
3b195e9bbc39cc77ca0b86f9a3fb468b,tibetan_terrier
0df4124761f7303a0080d50377f2ec7b,norfolk_terrier
c5cb2d2a9038b1181c7820ef05e838db,tibetan_terrier
fbb02fe9f6a18d5e59c93e957dccf4fb,affenpinscher
8de94658ff000fd09d40e16038ce8fae,beagle
9e0f478fa1403405ab209051e4e0afa3,pug
3f609973f198def3b0ea1f12a3606a43,border_collie
8490222d4744064aa7a8621a1c274965,clumber
8bbb5cc1bb607fe461d5dd90052496b8,entlebucher
e2dd7700aa63c7982130ec9087086bbb,otterhound
6cb3f9ecffc3e54eb8df68da968b07f9,dingo
acd9f4e9537a1a4474024393ecfbe456,newfoundland
be80e33520a60fa111dacff844efe848,rottweiler
28ee001b7e88aa95480baceff7c17094,french_bulldog
ffa0055ec324829882186bae29491645,maltese_dog
01a41985ab8209e750588fa348d635be,appenzeller
031d3353588a81b42bcae74ff19571b0,cardigan
39936b01d218f295dc596036c94afff9,komondor
f62145318e69a5061563eca2eb806d6e,basenji
6d70ba62b2f3f73a28d77d519d3f477b,miniature_poodle
abac28bf9ab101121411cc1e77590afe,dingo
41f797c30d45a47de275352e7fae6af7,chow
c6ab645e969263618b547ff66fd19d1f,brabancon_griffon
707acb2cbc6c351181a087fc94c4b05f,entlebucher
479ada88246c213e6845236d0e872d78,irish_wolfhound
f6c308322ba8e80c9ad20f9b292a8c4c,english_springer
73cb81b201c9ea7bb90ba3da50ddd960,saluki
450d955c84504fd64b8562cc2c104435,eskimo_dog
1596cf0ab964b3ff0587f0d30042ca18,irish_setter
a4104f53330c1da9e99e8764af1d2a04,old_english_sheepdog
42085804be11d8d7c4b2f30653514d24,irish_terrier
dcf5b9d3ab80c6829b10d20b72b67746,eskimo_dog
705933f1ba0ac42f48d3f5c6c9b7ebd2,silky_terrier
0a7899ed6a15f4af8f28e01c9c44dcfe,miniature_poodle
3f47b6337d2c9820c9285272121c9029,norwich_terrier
5613bcca83743c749b51de5e56624e0e,keeshond
96977713e768b5ebf16e3b8b8734736c,chow
37f351d4657a5d7420bb7b146a6672e0,scotch_terrier
abf00a2af02c171d55821ddbec2bd36a,basenji
75bb4621bc439a77c96f973c6008160d,cairn
8290edd7b5eb9409a399aade9f27aebc,boxer
b0235fffba60fb4e4fa87cafe79983e8,japanese_spaniel
38c42478e53e2ecea2141ceb5c862587,bedlington_terrier
cafb4038e60e4806b0f6beeff7a61b51,norwich_terrier
ed87717fd2068ed2c909afa65a2cfe2e,german_shepherd
39f5ee5da6ce1d8b05f359c7b2b852cd,pomeranian
23868a8b561f32c18411e35f3aa8f8b7,malinois
b34b9cfdd2240ef9ae82e399f6887933,flat-coated_retriever
ba26b73f1246de107a9d05840f360c01,irish_wolfhound
29547354790e2b91e55dcd31f5e141da,australian_terrier
e36f90b1dd7921dceb536c79989fe69f,keeshond
53efa969f346dbea87b4629deed66aed,rhodesian_ridgeback
e6cdf82e11fd0ee6f73c55c0b4944616,standard_schnauzer
3de22268038ba51622b7ee71acae3c14,miniature_poodle
60105055587d6a07bd1e799e740ff470,malinois
307849bb1f79442bc19e0002ebd3763d,toy_poodle
2e3ef941c9d921bf18607e5930f548ee,mexican_hairless
f3afd4f69038b249042cd481f0b5813a,siberian_husky
132538caad57960ca3c9162e2f4a8498,soft-coated_wheaten_terrier
a3b99336fb9ff5164a23876567a4f7b4,labrador_retriever
5077226ce67d24f8046583fd1179e3a7,irish_wolfhound
9a3e73ec5c6f18eec87d936cf73dbcdc,miniature_poodle
52b3055e5161ea4a2daf85b86e66d8e1,dhole
486f62d0e386a2423bce7cece65a2114,west_highland_white_terrier
f9024336c267f4dd4de82cf5f617ffa0,toy_terrier
b55cbc70edb5bbcb907ab4969283d9fa,malamute
745bba112487c0ba5e0eaecffdadc0f0,kelpie
35108a65835b263c9f0bfd5b74d9d332,eskimo_dog
e6689ca3adab4609b12a24868b8d3bef,dhole
ff63fa05a58473138848f80840064d23,affenpinscher
9e5fd58282bfd7649fbabc090d578287,irish_water_spaniel
ed650c72271b58dbac0fd5d91ebd206b,scottish_deerhound
22bfeccd7faa4d27ff4e6db3ffafef8b,basenji
49f02ef8a1f6f1104af5e12262a8a76b,brabancon_griffon
b3bcaf1fea645fbad288f546fd18cc64,german_shepherd
07466e87275ed10056a9d2cbb4c733d8,leonberg
1634d504adfb4efb6b14e891e8996585,saluki
3b68257442e2a4486c4bc240aaddc8ba,bouvier_des_flandres
afcc31a22f2ef6c2a70c7e0c64cfd495,bloodhound
0891ce3700686a8df5b4bd711be44ea9,kelpie
be0e673fcd23b2d4248d7c982635fe99,chow
dac29948d89054e2ede1b957b53d3ec6,wire-haired_fox_terrier
4fdc5fdf324a00b9ea08b866904fc7c1,entlebucher
2ca79bb70fb0d2738002d69806a42e1a,shih-tzu
40e30aae339c7555ab9e0e60613e1891,kelpie
2ac0b174eeeffdca774c0731da5d736a,basset
fc7317da160bff89cd13aacc980adf26,lhasa
63d24a9c95580f65f56f0d13ff4fe829,australian_terrier
0c1a1b2adfd0aa2fef3eb974b9b95734,chesapeake_bay_retriever
7663f70daedd1e9e3616b4ff4832ce39,shih-tzu
235e1ec918707fc74225de8a5bfad3fe,great_pyrenees
7e34c1b065821d70b429c97afb606b7a,toy_terrier
b2bac9338d6156ee0ee73990c32ee3ed,norwich_terrier
d0a79a274e32f238ee0a14781fab1f60,cairn
aee6daee7cf47f6daa6ee98c4ceb15a0,great_dane
6eb6332535a422bbee41c4368c4cc015,saluki
a73d4f5c3ae0eb8dc94321d0d342609c,sussex_spaniel
c03241c397a1159f6fb358ef9d1874bb,pug
cd6faa4e0dac0ac5ec7a17d789b2547d,redbone
5debb657539c327d21ee8696a2d7e07d,redbone
7453c0ad6556fbbc5443a046855bdd22,irish_setter
28b0c66727c333afe43cb7c6006cd3a0,newfoundland
9cde15dd34bbf752d6ac654295938a1e,afghan_hound
3b38d42e3bed509b8f3c17b6f0c9027d,irish_setter
1ccdec00a47e2dd48976e2962f19c9a4,groenendael
901efa01e94e8601a4a1755a47377748,siberian_husky
2fd760238f5a77668218f0c90ef4793d,chihuahua
0a70f64352edfef4c82c22015f0e3a20,west_highland_white_terrier
e5d7f92c5a70ddd58cf5dd32d573bd2b,kelpie
3fd4d0daf3781126dde8e6d4e47ce4dd,scottish_deerhound
bc92c4d60a03505c5c2696bc5e0fe974,maltese_dog
22dfe796314ae40b41609f3aaca5a700,weimaraner
42404238339c427c0fb830da89885d5e,affenpinscher
277392eca69e5f231038a15a640fc01c,entlebucher
56ddc4e4e63361693d88bdcb0a5cc3ae,saluki
c21ebf600c0136815b16143e205638ff,shetland_sheepdog
1a4384c7ec054a88d81f8f6ee6901a56,english_setter
9aff86672f9ee1acf0efaa7c1c9e368e,english_setter
d2792a2d53ef85403311ba8210cc4903,miniature_poodle
8700e299601a8aea94ad3e5e6094d2f0,bluetick
114a27c91c2ecc5818688abd63461c94,irish_setter
079509ceab0968ce07cffa0df479f1b0,doberman
c484f496ccb2608c07e9706f567e3546,malinois
a34ece95db67dc41281553e082f2e52e,mexican_hairless
e4f5d391d0eab2c83493f2110a743da3,english_setter
8900485bc481a5e95a1930ee7e7c4adc,whippet
4f87ec7e18f0fa4fcc1b100310fcfb92,black-and-tan_coonhound
c2a48517799dedbde16fa299a88e8e13,rhodesian_ridgeback
767bfb070895c3d4f8a98d02c385ea79,border_terrier
1ac99811729824259ded81d3bbed7762,samoyed
1e34a978b4d2b36592d2a3db6b3f4571,lakeland_terrier
2113ab1c03c03a594809dcaa3e43b165,entlebucher
fe8d52ab96ff238ea7d234b508010ece,boxer
2ebd03cafba22edf2556cda2a6759e19,toy_poodle
72443a190c2729234c4df338d517115a,groenendael
2fbee06d34d96db9d521eae6b4765a8f,silky_terrier
7d9c53fa846ea7e34bc3efa6830ab668,blenheim_spaniel
1af97b8477a0d9533985feb33aa704d8,whippet
354d0d202926549c7932f012ac752a4a,afghan_hound
38c5b9c06dd0345604cb1a818ccc37e3,groenendael
aef36e28ef84d9c3833b3896e27c98ba,saint_bernard
ebefff12595565753410459216e604a9,miniature_pinscher
a3b7269c99889adde5b102ef461583bd,lhasa
a6247763d4791f9bf3cb080311fe8f3f,norwegian_elkhound
73ca4fdaa79da31dfc570520d39b8116,collie
c12741ccd98df347498106679a65fee2,golden_retriever
a300d63d9d5277cb11969fb24f0061a7,african_hunting_dog
3adb3fb45e6331c8905cb6cf85db9f11,airedale
94df662b75abda1cbe203738a2b22148,afghan_hound
4d6b4f0c8596fec0b0ecedff88b30f8d,french_bulldog
93f174c2b71d2b7680a7162f00d79da4,welsh_springer_spaniel
a300b9437a786533fbac5331bcb6996d,siberian_husky
1fa34ed77b77aaedb62094d6fa82bda8,chow
e208bfa575753207f240ed5619f93c41,papillon
59c501b1915b7d11cba0de464cfc0c44,rhodesian_ridgeback
4362fae05daa1507a11e305746d523e3,shetland_sheepdog
cc3ebdab9d7f7a331090e55ea2549dec,irish_setter
8ed5e9327986e8759a13ad6b6544cd39,beagle
bfbc332f78159db3fa558392311ffed8,rottweiler
0dbf0bd0fdc7b594de02e573b1a04a56,kerry_blue_terrier
1e2c2d6d7c941a1b0554767f8b6d331c,bouvier_des_flandres
c84ec775ef1865e81a7552825982900f,bouvier_des_flandres
0325e6ba5b6afd3e0dd94c3a77b6de59,italian_greyhound
0c286c574ef09562c123dafe5ce6ac23,keeshond
a524d48e3678d93cba520d128889a84f,scotch_terrier
4aa19f6af5195c22f40323d4f95092cc,standard_poodle
9e14a1584d8ee8447ff5f71896fca8a8,welsh_springer_spaniel
6c9f689689866b53a89baed44d755b96,great_pyrenees
6b8b353147ae45f29d58ba0c41723750,pomeranian
beac84b40247dca35a77409a001f274c,komondor
4ad60192d6b880ac4eee7f23d7c26b96,miniature_poodle
373cec0fb775bb48dc1ec3d491bf8be8,wire-haired_fox_terrier
cb8a9dd977947ae3fd1c257eb047686b,bull_mastiff
cc8ec46c8c1ff5337ac636a9c21abcc2,papillon
6930f2a5b07417d227aaf2b05917bbdc,norwegian_elkhound
742f5ea0773100cbf835fd53b7af71bc,clumber
83133ae1da7df4cc231760e84dfc2f63,whippet
59d8b381d23f02be989374df44cfd36d,scottish_deerhound
abb198660ee09c413223848381046ace,walker_hound
5f5cb32542b36bda25696351e38ccd6b,dingo
a1895c6e41a09df9be74fd64a65d4c78,great_dane
10d766340a5c0038f2b0529a63ecf2ba,basset
ab7b1ed1d8c171e0e491b7fcde86ef16,whippet
ab15179d96c2fbc0c16c46683f92f001,cardigan
41f7290c2777a4f18d6082c7683096a9,scottish_deerhound
f9dece751a4afe2330c02007681a7f81,collie
bc0672a9e4c3f516c2cfb164fa9ae579,appenzeller
6dfc7ab7c93fe65fe4dc5b175c2e8351,tibetan_terrier
cc791d33102c4dd55ef715f98be1ff23,rottweiler
bb3e7d4682a0cbebee6393cb435a2cf9,weimaraner
dabb3c1034978cadfabf60eadcf08818,briard
75703ca3c8e8b821fc02f3c3afd22674,pomeranian
8347ff4200278ebc03d010d7646dd767,bernese_mountain_dog
82dbc9db304ed8b3b77e52efe44edfc9,bedlington_terrier
99ce3a403e4d0a7f57c2c520603aad50,clumber
c33eda1d0346155ca7a6c8f03121945c,soft-coated_wheaten_terrier
779f9ae1ab62563cb77672c38f91a1f0,doberman
e98505488dfe161e0894e1bce7b5de04,cocker_spaniel
8410ced9ebc1759a7ebce5c42bfb5222,irish_wolfhound
2a662b7013211c9f6b9a0dcf618c812e,black-and-tan_coonhound
5f716d6b2bf014733df54adfe6c62914,mexican_hairless
5f7682b9656ca5543133760df7cd8b94,scotch_terrier
8eed4ce43508497ca2fb97b5052c719b,australian_terrier
35de6afba5628a315910380be1f74c57,german_short-haired_pointer
89374e5120de8f3daa32c55306039022,miniature_poodle
09aec2a169942b17d88b4b5f1bba5886,bluetick
c91ca333b6b3dddab742a63d75a135ee,great_dane
9741efdd134f5b90d268e671b02f5a3a,entlebucher
185617e5924c55cede9ecdb7a41c4707,curly-coated_retriever
9951edcf2d8205b7ddc7933f93b3bb24,eskimo_dog
ae9eb83de4161c01bb3e1fa53fad719f,old_english_sheepdog
324759773574e9bd6d6ba9c58e1550f9,cardigan
da63e1fafa687aec77bc81463cfe9a55,clumber
bb65d628f5a121b781f411e8598f8d60,italian_greyhound
c32fb0c78bfc35f176ae7090155ef2c9,affenpinscher
417b4a513d4a07f4040edc84dc23df9e,english_foxhound
670ef01ee699aee16c762fe0a3fa23d0,walker_hound
3b12048d020041c45c17515607f11ffc,french_bulldog
f824e27367e8475401b62b24111c467f,dingo
9fbbb409d665cd228436cb2c7cfff39e,pembroke
db7aa8aa2ec0ffecda4127bad65ceac4,great_pyrenees
17c5e8815cf0d086090a07b003b9b036,norwich_terrier
9fb9ec152d4262348922fbf4c03f6083,border_collie
0581b47e4c3890fb74a5485aa4d008f0,irish_terrier
623024eeaa4b47f5e9bb91b1e66bd555,airedale
698fc05e7675aa9c1526378cd02ecd65,blenheim_spaniel
71a21699adbabcc9a82ee32f2743ec9b,keeshond
8533fb040dba89302f213f6c5cfa9367,bouvier_des_flandres
2c49abef4877c6ec4c194e25362b7375,great_dane
7d0ed77e36fd9b1b4c84f5b07b5290d8,whippet
4170a9e32373fcc2e178b5a357cc849a,kelpie
4f6fdc14bcf95ca24cb4eec57d1c6443,standard_poodle
37d05a8ceaa09cc7bbafa72e9acb7e01,norwegian_elkhound
d1f7ce7e656abd32521c790c04f768d1,lhasa
e59d5676c3b4910024b164265ace3217,afghan_hound
1e99c23d5ce88bc408cb8c1111d86796,bernese_mountain_dog
6f30c0ce7476fda0181542e1f9bfe569,border_collie
83419e443823a02af76822806bd12900,afghan_hound
346b6652f1bc74e39346e0e979b4b4d4,maltese_dog
1411967eaa020b15874e03167eceea62,blenheim_spaniel
5de0c02ceacc7a724f48c12a2d6489db,australian_terrier
20ca77608e80e914e6eb60d5e08caf6d,dhole
aa5be862598201f0b88ce2146b99102d,border_collie
87713edeb72187de21b9b3fca4fc5bc3,mexican_hairless
7f5f6d0df6e42003bc34b803a2eaa860,eskimo_dog
418e24eea6f52ea47c7fa94dc1e88d09,miniature_pinscher
afbf6843f56d14242c3393850a5cb167,staffordshire_bullterrier
97e940e416301389fb1c3eacd424ef35,pembroke
d25a5f80d6980ae97d2941913fc1ddd6,sussex_spaniel
dd1d181a7224fa5a1a7c1fae05eec93d,bernese_mountain_dog
a30c0b4c6b412361c1196216d071dc71,tibetan_terrier
8cd5ae0663d2d5fbc39f291a99f3ecd2,english_springer
b60b61fec62e723569a084cbb13e5132,shih-tzu
f6eed8d840086c27a17d7bc4f276dd56,walker_hound
ea8bb75412610ee545d8c026ae789f4d,otterhound
3cfd2e55e68f72550beaf0f0a071c096,norwegian_elkhound
209437e99c6add26a2004fc425852693,giant_schnauzer
9eb2557572aff149c5143e287799b48d,boxer
e673bb6ca717b8dffe3b5ba35da07a83,toy_poodle
8c3e7fd14b975242c61afc05228b0e50,gordon_setter
403f9cb93bd90e77e714bedd8ed44cbd,whippet
fa79fd049300f5082393fa99a142cd7f,sealyham_terrier
af408dfdb162d16e74828ac11f784cd1,irish_setter
d906ce11e75fd245403be6c907bf6d3b,scotch_terrier
17a64c7a240d8c3b208eb371297189a6,golden_retriever
f8a46f8751e34aac4b262fed49f210c6,irish_setter
78ddc0326486a7e9ed6ce49aea113031,cairn
33e1ecd5e1a3876985f9277080a4edba,kuvasz
04d3a777baa532f7558a860393c4537f,newfoundland
08af52c888b0f5735c3ced810771601d,blenheim_spaniel
21a38439d3fdd2ce6b26b89ddd71baf7,silky_terrier
d69249ffd14a08732369495e7ec37eff,clumber
58235c10d77b6b651bea269fd18553be,border_collie
63d413f73e1e8de516fce933245277d7,malinois
271dfc72a582a0a9b54e833788cafad3,miniature_pinscher
16a2425b83d397180e11ec5cb2c4b44f,saluki
64644021b0fc03719953cb793ff920f5,pomeranian
c2fe78e1b91e678b65d2a403dcef64ec,afghan_hound
b97ab6811b1db9b236a4c01c9fd35a38,doberman
cb1a68e1ac430535ea3b072bf98fcb88,malinois
81cb20716cb5dc4bf410dfd52bbb3cc8,vizsla
556e0c4e43195062a10255a27af53b67,redbone
f61d861726155de0ebd1a8e1e892f5af,maltese_dog
1af14f734087da9b1405f8f02a4374b1,irish_setter
4bc5d815982f161609ad0866a1384723,sussex_spaniel
a5a53eff680b48fedf9352844c094335,norfolk_terrier
99b0f0ff409732318fbf7d2cf8c8d01c,english_springer
26a4f5afd06a0fceea3dcb095fb47e80,french_bulldog
f2cb6f6dfc542d47bfcea63b0dd78c6e,brittany_spaniel
697962b69a261d59953be24201bb94b5,staffordshire_bullterrier
f98392bfae7d0aa35ecc4993ee2afbaf,maltese_dog
48657814f82606705874d94adb0905d9,pekinese
d2cd0fbf8d10eee50d53e8147000015d,briard
3535f0697cdc07a7206240c575323065,dingo
dfc726ff7000561805073a11d0d64178,afghan_hound
25e4cf89d2558df2a189d4d6e76efcb1,pomeranian
98c1ebcef878897b2424774aecddcdbe,briard
389a47f1a634e7f679c3101190c6fb99,irish_water_spaniel
62e1c3e30c841ec096e7b791a14578c9,japanese_spaniel
5d99d8e782109b2cd82754057cfa588f,toy_terrier
46738c232475e5f1016b942741ce5dd0,rhodesian_ridgeback
dc99d12a7cabf5d737be5a74bf56c3a9,saint_bernard
a27283e8fe735bf0127fed8bf0807b84,toy_poodle
8e0e9d43edac86c555d515a2a9afd252,malamute
2bfcd85116832abfa752ec9f679c2288,gordon_setter
0e1fcfa1796f8c54b9fa4b56a3a1fc4e,gordon_setter
733770b0be38edc0764480260a5a408c,english_foxhound
080ebefee69f27243b185c113052963e,cardigan
4c36507b40ef6fa7e1326be815003b77,pekinese
3f974ba3e0c33d02274cc3889d146a74,clumber
4a0b6a56529c5b69b924b47d92b745e2,beagle
6e90df201d3c69e037412e8b6dd01d77,bull_mastiff
5ef8759554e9bc6f682b855d77172106,saint_bernard
a5545758fa85ed04ac848736e0eea7c0,irish_wolfhound
c4438c44317572f7a432469a63203819,yorkshire_terrier
5eff19bf1ee8749d98805c5a856a7212,norfolk_terrier
f0634d128e68061c0220f224c9ba1228,irish_setter
81eab1d83dc63275941ee473de31e248,bernese_mountain_dog
f8a16c174f672a88dff675bf2aa5e41f,flat-coated_retriever
0cf4dabd83d91e22f6ce845fe81fa21d,welsh_springer_spaniel
1b26fc0e227488f288c753c84a88ca6c,saint_bernard
16e68faf318a580514ec2ae7fe295ec5,wire-haired_fox_terrier
2f4951f25cdab229db36b7a2bd0487e9,english_springer
0a3f1898556115d6d0931294876cd1d9,lhasa
bcad32fcb84cd4e40579f762cc0f62ac,pekinese
9c255970bc0a106ad9b031c1a5cf97d1,rottweiler
33f3e216d70fbbcacde39cbeaecfdfa7,brittany_spaniel
204afa07ab86787636e985188cb82b36,cairn
ccde54b34bfa24e9fecdc9ad53ff4a37,staffordshire_bullterrier
9236bd07cce91361f798145b5edb8a78,briard
753567eba07d2765269cc1f2a317ddb1,old_english_sheepdog
f8d289525782f3caa8cb51627063ef22,toy_terrier
2036b98e51c7e6c76119ca7eead626ac,brittany_spaniel
5500fd92cf93459fd345e6f34854df4a,eskimo_dog
c6cdcfdb8ba3b460bc07e63e8d057fe5,english_foxhound
50da32396bff4b805b32e79eb21e53d2,pomeranian
7edf7c9919f285b66adbe07212709a84,tibetan_terrier
a3b14c411be2d29bb47940c509d53236,gordon_setter
c0df63bcc4d3e7d829307a331bcd6abc,basenji
18acb0833a0f70b25b772c383a5c49df,irish_setter
80cf916b258d8cf15395c80f0616127d,basenji
a2fcf508524f0601a122d705ea8a34b5,beagle
622a6eba59750136b80c8f20047aae58,sussex_spaniel
2d0a562b51b634648b09778ae720a2d4,rottweiler
66e4b685a1bbf0ec1043ed553d87a85c,basenji
fcbad8ad476b83b180c9497bba2dedba,weimaraner
a5daf7e90363737374840aee6cbf6ab5,dandie_dinmont
11f1e40f11ca1babbcc547c5c98a1a3c,rottweiler
1a5c5ce1891d990984cf1f7d1016122a,bedlington_terrier
f184f4ea0aad4cac48670bede5868054,scottish_deerhound
9fe860ddf6ea9ca602dc6da23fb10b74,english_springer
d7f3da9914b26cccb9f9e86a977545f5,chihuahua
9b78211f25e38517e749658e8355c024,entlebucher
6d0eae6ef2b3b419bea61e11698a6238,kerry_blue_terrier
a73f41b13b33cb177001a55a940505fc,american_staffordshire_terrier
1ccda12951a853e07cb94db268c8664c,bloodhound
640d7772bb47125fb112780ce334d466,standard_schnauzer
035b459eb52acba2ae75bed041b368fe,groenendael
c30c5194bffad8dfbad7e8db70ad449e,english_springer
549144e54ff57b7387c91e893d7d35b4,pembroke
c4dbdd6201127e4f5b5ce08f6186834b,chow
6acd672b08f1748240d51a243bc5c301,beagle
bc8503aaeb6b36c91fe82fa0cbe1dfc2,siberian_husky
a8cb1a353bf80b0c55919bf5d929c694,leonberg
6fb144599ec91a40edeac0d884ff43b2,groenendael
2e6db85e0641e14e0025fe7f0853fa89,lakeland_terrier
70f53ca636322917d71fdd05f1a7f380,flat-coated_retriever
6619c7edde89e485a06807219f546e22,blenheim_spaniel
95c9870d3e06e1e640e6e39daf65e25b,boxer
ed28715e3609b8bc3674a2191310eed1,briard
77ca5fe121dc5b6522a7837d05d1ede7,affenpinscher
340c4cfcebbf57f876f5cd9da759a5d4,irish_water_spaniel
82f07b15ad87bcc8e3159288062e318b,eskimo_dog
2c3db3a8da1a65eaef44485bb8477f9b,ibizan_hound
a7a3ada2b02b42c729fea4f19bc83091,siberian_husky
85f0e9f401e46e30a86c5bc7fb7df968,cairn
58ed0514ecfd6a7df0cb2711fcbbc81b,siberian_husky
6b7765af3da9f72c10aaa85ac92f58ca,black-and-tan_coonhound
a4c8a08f7738cc7e2eda28aeb44e3468,staffordshire_bullterrier
e62262c8f83d4803009619aeb1e8a45d,kelpie
dc56a2b217661f2b3b521d8f58c1504b,dhole
af253aa8c133175a74e66df6017f44a3,airedale
ce31f66a9991f1f2bb45b84b5a7bd6e7,cardigan
13cab1309bdaf21aa17cf71fd6f88a65,old_english_sheepdog
14095922a772c94921a065006a9fa454,yorkshire_terrier
d3efb07d4a0dc2d9d1824ca79964a222,golden_retriever
99a3cbafa74640729139a6cb80a1c513,siberian_husky
bc76cd960369039bf7837408d2c50fb4,ibizan_hound
3b1b257e380f47c09ffc4f4aa7011a2e,dandie_dinmont
5aef2850c1ad620dafdeb39745316d81,saluki
f24f230f4a39f5411546ab1da48cc196,gordon_setter
cad5ac8153a50161c292a7ea2328bf96,flat-coated_retriever
762de77cd403b66176c7a9cc612f7741,kerry_blue_terrier
3cdc43ae16583ef5f41bf74cef666cd6,lhasa
1fd5eb6cda41c2f89f3c132adeafd72d,silky_terrier
201fe1c7b5c0c513c42d1a1ba350d4df,french_bulldog
b52bb521afa1dfe802a27a8939a8c7d0,great_pyrenees
5df8d3529772321988b83efe856235cb,african_hunting_dog
31a133a9110c151f40464e3e2915030e,appenzeller
e06773bd0666b3b9597b93a54e302c55,basset
01ee3c7ff9bcaba9874183135877670e,entlebucher
e7997562415c62141d022cfa8cae1c60,samoyed
32577d03b64bd440d7516f1e9be2fc85,yorkshire_terrier
15f8b879f8660fece35ed760345fa9dd,eskimo_dog
4ace2029008b5b1e9e74b21e610f0b37,norfolk_terrier
322068ec9053585edd2ccc29228b08e8,giant_schnauzer
257d7d5a3b94a225fa26aa537f6aa8d0,italian_greyhound
7618413d9a6a25be419129079df19a77,entlebucher
fb7160e2b5699b6c1548f2f7232f4774,dhole
a0743e9ac0f0222bd7593cdbf3f3fc86,schipperke
adc3d70faa55039ac9fbc49ba68e758a,golden_retriever
db906850433ed033317baa34a0905fb4,irish_terrier
cd2467e4da2dc73c38e6f7bc24b0e6e9,irish_terrier
b9b54494a2ed02ea74f0ef26a8cca728,yorkshire_terrier
6a6e90b821c64c6ff66d548086843ab1,pomeranian
05fbe54802ffb6d6256abb93381f5cf4,appenzeller
cbd3c747a40068089dfd7036ff3c62c0,norwegian_elkhound
854b2a257e9a5f72ff696941ad8164ea,wire-haired_fox_terrier
659f86354522d2446925e04ca41adcc5,irish_wolfhound
20d430abf2d7fb050c925c0f13a47a27,standard_schnauzer
3a28ee83b338612d53b7c073e9c19f31,wire-haired_fox_terrier
92684aa71e785e6348baeb491e53797d,african_hunting_dog
9cc4a7f129eca8f31387c624ada69790,lhasa
5a25f43e06fbe8a29d47efaf697eaf95,standard_schnauzer
b4a0d7fe23e53513df499adf9ee04bb9,basset
dd4449d7083cbce6c5dbc4d66091652d,giant_schnauzer
661a470728de5c694ea87211eb1c6738,vizsla
77a502482eb14811e2a16431c89c52fe,greater_swiss_mountain_dog
511653e56d24079c222b35683d7e6c11,sussex_spaniel
faa2c24c801b37aca93ac744da51c2c3,boston_bull
581b931b162035c266ed9277771f2822,bedlington_terrier
cf954483c0d2e3004083144ffc432092,basenji
a96413fe2be3eca592182fa811663976,bull_mastiff
9ddfdc3d8e6fd346ce146cf2aaef7a9c,yorkshire_terrier
0db44ddb42bf1f97de987abe2bf01839,entlebucher
680930cbada27fa117d6e1670d218d92,miniature_poodle
435e5761414ec753e7941d2d8dcefd36,pug
9c2498a498e9635d76a6ad66f9d81a1a,african_hunting_dog
2090b25cc76e68a9974e9984d213ec03,staffordshire_bullterrier
a23f53a45ee2d6d6218c7e3b70234091,boston_bull
65f50586d1b8ed7e6ab3c11c23bfb246,italian_greyhound
84be9b9f59aa586f1b188781b2c47a3e,otterhound
f8cc0c4e9be6827494a77260d383884f,pug
1ca84cc3ffbab016dbd7ceced0e680a3,silky_terrier
4a226a3a9a4c748e8e20bcb13c9fd01e,great_pyrenees
3315581280884083da36c91a13a13f52,briard
94620cc5c87cc1c630d9e76391d151c8,papillon
1710f33e5a5a32fd20547e8f133fa8d9,shetland_sheepdog
f32e24c17e03d5eb499875387f049ca9,kerry_blue_terrier
84bcd47e09b0ef3f0b6e3f47f232a77c,west_highland_white_terrier
4b032af7d0a9a2b4f3d76858a6de8356,lhasa
008887054b18ba3c7601792b6a453cc3,boxer
29bc240e80932cab8c7429a8d17c6d5f,giant_schnauzer
6e6cb711d60ba4af0d18224abc2c45ac,walker_hound
c66942afde3aebfbc462ec9466c946b1,irish_water_spaniel
2673401bc38791042a10237ed0ffc181,schipperke
aeedf5985e1a8b0b4dc9f2e43f389150,kelpie
b947c09bf1e90896085a59299eeb8f2f,basenji
f6505af99611986f0141aa986e71e766,cocker_spaniel
fa1a19bd9f99b862cb0a986cbc0ea803,appenzeller
afadd4327b01b62e6e98289c8f72e1ee,pug
2cacfe9f639a1d7a1b9048ff934c0970,norfolk_terrier
767e3cfc3226ad280d37d7f0176879b7,irish_setter
099b068027c41251d29f75a311cc5e5c,french_bulldog
f819a72296da2b1dc4f21d8145c40f27,kerry_blue_terrier
d4a1b393012e3aef048be05d784c5158,golden_retriever
9132fd0d9cd69b9940ab4fceaf52f872,chow
ae379664238894ccaaaa789b988b9b4e,miniature_poodle
56744ff0b89dd63940ce49d07ea9efa4,pug
8e802d5459b5e857e832c721d6cd3a35,blenheim_spaniel
b4f8fcd6d01a2b5e79b3920f8fc8804f,kuvasz
a3d7422ab0cc1dd638c56759d5f278b1,norfolk_terrier
17738f5f90c73ed152991b28ea4d77ed,appenzeller
983efc3c13e21aa72a5bf89bf5fbeb99,border_terrier
07d6e906eb95f24c53eb92ecc2d47783,pug
b44ddd50615e6526250b84754798c47d,clumber
c6dbaa6aac1d6c5186dbdc19ec043f5f,briard
b9ae33d10433281e7cf30ce09f61df37,blenheim_spaniel
7ce17dea4ab0b5b9b2ac9dc9fcf3446f,mexican_hairless
925b64154ebed0a44e1f19d7586e7a25,komondor
0ea5759640f2e1c2d1a06adaf8a54ca7,chesapeake_bay_retriever
cfb25532ce2c35cebd553938f261e666,american_staffordshire_terrier
a50ddcba1998c1d2b87c2c0cf4df1409,cairn
3bce79e38c75a511d7de6096ea16c8b2,bull_mastiff
f679cd9c45865bd983920f79a2d85de3,redbone
d6caade773e0ae660917883ac8520fa4,golden_retriever
5f2fa3630f3c8bf8fef08dc8e8f3c818,beagle
dab2023fc149d0c42f905ffaa78b2fa6,african_hunting_dog
bf376d80e8752194a70b88cba386b4f2,pomeranian
d4430442fe5cda78d7e482714f7e5ca4,bluetick
9baf45e1dffbf945d7390de180a631da,tibetan_mastiff
2ec0a4f923fe7c039a74a2e2aa0b0152,norfolk_terrier
d639b33dd3a399d201f995b8d9915a62,maltese_dog
a9e1530fa58de136e797b36bc16514b4,papillon
9ed07b7a65a1ed54b2b22211e26b09b1,norwegian_elkhound
816f335f43b007f659fc7f8527301661,pomeranian
516d4a008dce63f4a54db45e665f2ed8,lakeland_terrier
6fbbb4c3e5619162bfee38128326a55b,english_foxhound
9391d2d55670ff680c588dbf12e26105,miniature_pinscher
59a54fb53b86c44525b8eea63498abd8,black-and-tan_coonhound
56ce679c6526e48ea5b034d4f3226c80,eskimo_dog
cbbdb384a6fb8b9b96b598ca1d4675b4,keeshond
9b0e6b008295897e9904d80b03fa4647,scotch_terrier
646748df308394b13010087e6c158066,groenendael
4d0d137c835a8be210a53d6c07acc9df,redbone
b6e2543f961683afcedb006ba8a54d04,cardigan
2d30f37b3d5d20b9740e3fdd273101bd,pembroke
80db322c01f6a52714078e5a30267831,great_dane
ad33f1ae1ec279951f9fc2664119fd2c,miniature_schnauzer
a5b5b960900c7e0d7c96d2a88f44e84a,saluki
1d4e68d2b2f916dd37ef06c809e3bb88,italian_greyhound
221d6a5556c33cebd3d2f51eb6565dcf,samoyed
64edd302740d9388bcf6a81c2b2ed31b,ibizan_hound
b72130fb5921d7a8711029fcd1f49e88,whippet
c4a294f606c6e01dcdeb25348a2a972a,papillon
422b044a1bb57ca2d342ef53ca248238,yorkshire_terrier
01a3b064c56edbe3abf55051b16134d4,irish_setter
b80f2392885a0bc5bfc3aa79a849de93,pekinese
c9d2cef73ce84a96095da1e79ff88f21,clumber
ac2e27fa8891e1d7a2ee88196a2a4223,airedale
28682b63cff646d1b26cacacb1a6ee62,sussex_spaniel
f4c570b8d49c119bbb2e988b240c95a4,saluki
e4ca855e09eabf518ed39a0a545da981,toy_poodle
0c3b282ecbed1ca9eb17de4cb1b6e326,english_springer
a9a4ef737174d6169ea7be588f6c71be,german_shepherd
7eae00737958c6e8460d106b46314040,italian_greyhound
431127705adbe127b3ae300881c89a0c,rottweiler
bcfeb7f43c4cde358910c70b8afb0d3b,german_short-haired_pointer
77b43f8c92647abe6025d4972dd899cf,siberian_husky
a239c6a040d2d7ceb27e45ed664ba41c,schipperke
96502473e0aa30557885892ed8a3e1aa,lhasa
d700f7428d738a40cff8266b4810e494,shetland_sheepdog
fa85c1ccb2fa7ff39d78bf2b821bcdd5,whippet
cd9a0ccbb1b02224208062f3778444ef,toy_poodle
831b3e2e2fec0aef8e3527d5af458b42,doberman
fdca814a411178296fe719d3c0be9049,weimaraner
625402e42292d1f8ae61e138894559a6,saint_bernard
a4b87a548f1122f4f1aefbbb7a25994c,english_foxhound
75e828b235c698e5a9994387ff64b459,curly-coated_retriever
7bee9b5f4b86a63cb4689f7f5ee13162,sealyham_terrier
046b28d8ac6f7beb3f63159ecaf4cbb6,papillon
3f05463033fe271b456d30e3222b84ee,toy_terrier
1929eb9a7cf1fe75c0731a27545d8893,samoyed
6297e6f48a05e7955056ee6e68b23622,french_bulldog
0bad79c06832a1bdeaedbbb50a28450a,scottish_deerhound
d0e2d316e8e1a6d951340d0894b9f26e,english_setter
053106ed091eac5e129225315ef6cfcb,maltese_dog
3966ecc24f8fdb1c47e5ff7a8d73de97,irish_wolfhound
924d9891d144fe3df9c06cc281bc5e86,sealyham_terrier
d3991dae442c0ff13cb18004a85ebfb5,borzoi
efb995a30e2672d00cd70273e911590f,great_pyrenees
ec3ea54e26c17014faf12c362f9463d5,saluki
b7859bc0940bcff3bcd02155742ec4be,keeshond
652002389a04e168a2fc6a0b23f988bf,golden_retriever
6eeae947efa8162eb3b8e8a0bafc7997,samoyed
b1d2238899cfa91f4da91994b304e090,brittany_spaniel
7c99ac02edad506dc5b03ce781f1db34,english_springer
3df5455f16086f057418ffe837289b8d,bluetick
8815b374db13f9992beb2491dd70f9c0,staffordshire_bullterrier
970444352377502f01c93fe527fd965d,bloodhound
85a80f0663e1373dc17a9251a32a3d5f,black-and-tan_coonhound
5703a82690f596d050fe3f75c3411869,cocker_spaniel
0234695e7a548e2ad1b2ac91d6486c1c,bloodhound
4dbc5fc297988620e6ff907650e72cf2,pug
cfaf6ea651f31e1ab10d384b84cebff1,great_pyrenees
700df94393c9aa1434de9cb39037a168,pekinese
a5b9a138dcc77a871472e226604c7584,weimaraner
80bf57cf8a0b9763ab85a09be29b67d2,bluetick
eb3d4ad6a8883206ec91271f983350fd,schipperke
3f9b91e7965a3b1ce705f75cdd714028,silky_terrier
928f281ca2a484573ffa2d63813454f3,airedale
5e2daa979ed827026923a19b7f3fcf6e,dingo
20fb8ff7f74f4d94a4bc81b70de1daae,appenzeller
12b5c6e825ea11850e23f233a54981f3,basenji
2a586995ffa57d8f693241ca833c9376,australian_terrier
e1af6b48fbc089b3704ee26ade7b4f6c,clumber
25e39234fec7980d3dbed17e21f4b8c1,siberian_husky
14158fdadb6a3accea6b334d0f284092,miniature_pinscher
cb907bbc5a0142a64c15dbcb07894637,walker_hound
a03f21fc41f09a6bbb0332c7874e726c,norwich_terrier
9a6e0802e2fca380f693595c04047fa5,chow
7f85928c3b641152833793f6c8489fd2,saluki
3f2ad3df5b64a29a9aabd75476f8d46d,yorkshire_terrier
1a0a76e482a7963a008e29977d48aad4,dhole
707d53744509d2ddae68e7359b7155aa,lakeland_terrier
1dbb5ed33712d605d15f2a4e5dc855c6,german_shepherd
1880c57a7ac87a232158207581c989df,pekinese
f591763666758b806f71459819ce8602,maltese_dog
d02aace37d23ed5e1bc81621bd1a6014,irish_terrier
815079d1d62429b3134f2afa1a53ef65,golden_retriever
32249ae4f7590aede350e2b08b322ac4,affenpinscher
e2379f60b78b0939a84ebd641ff3bb4a,cocker_spaniel
db51937bad556c0de62dddc039b49dba,irish_setter
feb9d0ae525ca28aabff74b455e34c16,italian_greyhound
386c700bbbf89c2aa068692d83e3a6b4,keeshond
5bea949c22544944e96ce424560e521d,chow
6761d9f04614c0b86b22bae949d9b038,dhole
e8489d90981775781ccff2f27f7f413a,english_springer
a29b6e5dc3618aa9ed97ed75ba73e5a0,bernese_mountain_dog
b340dcf23d4edfcf93b00c400decb824,irish_setter
cceda69318da7cff1dadf98a150d567c,beagle
6f6b3a96442e671c9cb62815a1e87dfa,pembroke
ae041dda85d54e44e581ab76f536208a,english_springer
6bba7d8fe641691872e1230e70cfa02c,yorkshire_terrier
e792459978c605f740a2b553ec1608f6,dingo
4357eac7a349ea29997ddaf2128f08d1,standard_schnauzer
8a5d03cdf0c886d1693ad8deca7fda5c,clumber
d35eee4b5a67847371ffc082a25e2f03,whippet
9d58e010fca3218581f0771b8981ee04,lakeland_terrier
d8620b5e2fe5d187ac1cec20f14e25ff,saluki
9012a23092a021327763c4227cfa2f62,boxer
e15dfa0f3c2c47fec01f048312ca8bb7,kelpie
afb8f485dad4a02658dbc1ea57312ddc,welsh_springer_spaniel
ab86df93beaba665a8e517bd02307f9a,basenji
1165dd8264b3998810065ab9e3cecb3b,greater_swiss_mountain_dog
502ef062af76eacc4ecd8fa38864d228,german_shepherd
a5af5ef59eed5c50a0aeea94c8f016f2,great_dane
c752f1673409acb094792c428025b94e,pomeranian
4b6fc496a48879b319e7a7f28e57b77b,curly-coated_retriever
fd8d47a35e1c84795b4a2a27b761eb7b,tibetan_mastiff
cfd768af4ad2872016ec398f91153fbd,dingo
2ec97036f595eedb9211436195abc0eb,ibizan_hound
2dd680898f48be646e420a2d30418c02,boxer
969b7c7525b379c6e86c124f94f99d17,black-and-tan_coonhound
f04043819ed833d9257fa14f4d39c91f,english_springer
61d4222fa93848e18d1e9f39e9644c48,weimaraner
1d941ae00a3e93cdda72589783a50129,tibetan_terrier
7b231a29db42a265e92970ad4a3ad57e,borzoi
b04060a5afa67689678ed8459b6a2236,standard_poodle
44a63eaceb7900974bc49d91b303a698,keeshond
d8b4d06e0021ce684c1682011cc2687d,clumber
88664fc7a27b5828860ef5bae18b5309,italian_greyhound
fc11bd87c4d826650463f0ee79b8b4eb,otterhound
f64d8dfc5544c9fb4bdc578a7756dfd7,toy_poodle
8f98905c8a1010074eb939c26734ef5e,groenendael
c9937a53e259b14126445b6e9f02bee7,soft-coated_wheaten_terrier
40d97cd83b13b9937b46e91a4b88d634,cardigan
7cf1957388808131567bd534b9f44738,pug
8a7db9bfc4a377e316a1acb16403137b,soft-coated_wheaten_terrier
99b5c534b1d362f73ec2e2d3ec9b9530,borzoi
a6eb4c19bbe8efd5d4fc9ac41e0cba4b,malamute
1732acba109e3b1cf23efca0381c9a32,lakeland_terrier
bf10ca18e06a1a6a49388d4209556ec9,curly-coated_retriever
7e1b9c2578655329d460cc9bebe697e6,weimaraner
94e6a6c033f6181f22b4642bf661ff5e,miniature_schnauzer
3e6fbb7ab195649e954df8d82901cd2a,pekinese
582ad6b6a07aec7503e662cc98a6f9eb,keeshond
13fc4571a3c549715a357d22fd16eabb,great_pyrenees
283912e757cbec7bfa8a66f44fc045be,collie
d0ea05a2828daf94ed74664b0081d026,black-and-tan_coonhound
12b839068a6c29541797fa9bd20f350c,pekinese
fe78fc42e32174c7178b572bdcf5a129,otterhound
5add2f9fdf959c5dd8e5b2b21128864d,sealyham_terrier
07e12e8064b6b17a94608ba5fd78a72e,pembroke
541454486d3fd58e7f2a9c458596cc22,chihuahua
0f7db98cbd6f6537c0ac3dfad349b182,chihuahua
f48432fa098e002cc0d21d1258633697,kuvasz
098333d51970304787c7061f3e683c5b,great_pyrenees
fde78cf59b95570111e6f851e06900cd,irish_setter
f2da0cd3a1f77cc96505d387d9dd731b,great_dane
9df5e6ab4c12f8cddd6bc3ed343251f8,english_setter
73b61c8e20df684742c8463d554fac89,curly-coated_retriever
5fc0c3dd9481cc47e02edb9bc776bf47,brabancon_griffon
8f1c26440b26139072c1b6d10c4be2cd,redbone
54b10039e84833cec7c977b53fb92621,pomeranian
5e78806477546be688d9b3a369784150,bedlington_terrier
ddf85ff807c96d56f25b420fcaa121fe,saluki
5c79f8b596036c75fbc266289e4cc46c,miniature_poodle
57613fae3f9485c50a2331b4db6582cc,boxer
43d5a0815fe2887f676090b9434fac0c,toy_poodle
d70233cd858bc0dd50ed351ae30a5432,kuvasz
7ade7a3e5363d683b7944d5f8a94a73b,dingo
64120ce3d788428bc3e3ff6c0ee04ac2,lhasa
b6c51bc40c0c8e3a618e3f8470f25314,siberian_husky
6f22a4250a21bb48f564c61aa9adf857,beagle
523f9e3e1f8d1fba4092650bf3d1bdcc,african_hunting_dog
8f0ccd6491456a35075e0e35af6fdd56,bernese_mountain_dog
50c8080ab39f865bebfb05b20b5992c4,border_terrier
52152bdbb380cfe587a9169c4a94b973,black-and-tan_coonhound
82f7c3fbdbdffa5a8f3d95396b4bec66,italian_greyhound
0ec9be8b32f2b9eff2b817a7f722b118,malamute
bf0944bf0ec05af3d018b40c9c5e1a3c,bernese_mountain_dog
b047a2436ec6f415212fe82f4eb5bfa2,cocker_spaniel
c6a27dd1098ea7b08973b9199072050c,sussex_spaniel
97b4eef9edb80dd5e6abd60ebdb9a80b,kuvasz
d003186c0ba9adb9fd4407a2f1eb9510,komondor
c1905697b10e53b26a2445cbb94f7227,english_setter
0abdda879bb143b19e3c480279541915,maltese_dog
6c7e5a99781770d5e01eb570833a8fd4,curly-coated_retriever
d7654b32fa71931ebffc7508f85d25f8,toy_terrier
c56d360b7601ce3882d5016abdc83157,weimaraner
eb44fc73de4f0d0f247c84284ae3c70d,malamute
8233bf4095e1baf15fe06d98c9083906,scottish_deerhound
376f8d79fe596be2469c537e60020cfc,basenji
2b05cee92b607aeff9943930a59119db,west_highland_white_terrier
766e9b95fb67bb079729345d071f44ff,gordon_setter
3c41eb6d25d31b7bbd571ea051f4d8ea,miniature_pinscher
41fa57d682dc6269870fa0902f3150e2,african_hunting_dog
56e895eb4ec0249d18378a65f9dd000e,maltese_dog
227b12b4c21b19559158c6cacfbecf8b,ibizan_hound
3ef5dfcc20dfea1c49554fc8f2f11b20,great_dane
7f5414cd8c4dfd37f15f176735b2aa39,basenji
f58364e9a181f9d7e149f4cec3e9ec80,toy_poodle
78f55447d9df48913f4d96965a695930,cocker_spaniel
2e043a12b2f9674868d8a603ff3d1e7a,silky_terrier
9931b86cd8146a12ab93965606f71309,pembroke
c247f70883cacbb611d73df2c12339ca,japanese_spaniel
b8956103fc289ab5fe375163c4282228,tibetan_terrier
80eb30c084e6d6ad0c1a52ebfc066afa,affenpinscher
2741e3ca0ac4e0f7810e7c66e2f260fb,pug
4760441bf734319f25dd9cc746f99254,miniature_pinscher
38aaabf7675b60b866cb632ac65f2061,entlebucher
70462e9512d0b258c1a976a1d523f918,leonberg
e0010a83e9302a3abef2ca9b57f9c38b,pekinese
12fe7ed6bd250509b131d245551b06f6,tibetan_terrier
042ecd9a978c2ee48d17f7f781621ac9,collie
0bbb9ce1f03a205fead338f0be3040bc,chesapeake_bay_retriever
89714899135c134b326fecdd2c2647b0,mexican_hairless
fab162b7c732afd2e0886e1fb158862f,beagle
4e0fd9830e8f277779b36b2f8a4f9a3a,redbone
fb7a49c3ed2c5f1a82d562fe0792c3fb,african_hunting_dog
db2834327d66fde21b236b5506c521d4,whippet
2f854899d933d9cbb9d262fff843dd8a,irish_setter
c5dd9170863cc99c078f0d4298b0a352,bull_mastiff
76d7b339f71872f2301649db866afae7,great_pyrenees
6338aedbf9de0ccbc208bdc99f8f2431,ibizan_hound
49bf6b22eb085496861f0942858f99d1,cardigan
5e6aff1e4b8bf69fe6d11d6b77e2e423,boxer
1ba6f0bfea9b9313b16472227b8f15ec,old_english_sheepdog
fb0568b6c25ef5bc9dded95154b1cfc9,soft-coated_wheaten_terrier
b7c6ac4395621347dd6203f421a5ac28,tibetan_terrier
85cbe2f580485f7ac1df7821c3e9c467,norfolk_terrier
bb2f95b99c054cf43996501e14bce4e2,bernese_mountain_dog
0a6706f7864eb8871913f0e4ba07a61e,samoyed
71bd232f6f89bf4ea89af19e63a75378,newfoundland
e167b2451fa1a46c231f4a628800b5db,african_hunting_dog
e505e918813f8b9e076307e6b884064c,basset
d31fe375dbfb1591ac809415b81495b1,sussex_spaniel
9a03d170d51aa6ea1a07a9fca4e0428f,cocker_spaniel
aee2775bb66001a6b3b48840710c907d,newfoundland
682b51b416de3eaa5d723f3d130d7a2e,bernese_mountain_dog
8d93e1171042807702d5e4cb4073b2ed,samoyed
58bc6d2de4433461b9406af472fefca7,greater_swiss_mountain_dog
e07277bc6a6a0da06598b3ad43a011b2,pug
41b3839dbe5686a95e0209f8dd6ca123,australian_terrier
854b95f91a0f65435da679bcdd3994b0,malamute
6663a212ef86a6f17ec404d399590daf,saluki
f4f3f707907977e9f619540a51e6d9fa,shih-tzu
af9e1633f7fddfcaaa0c5a5488b29e2c,miniature_poodle
007b5a16db9d9ff9d7ad39982703e429,wire-haired_fox_terrier
457aaa25cac6df445a085548bcdd922b,black-and-tan_coonhound
323e6e009ca300b37537df232fa8b734,flat-coated_retriever
03ae71ff9e4c5ac97afdfa956ea5e191,borzoi
e4c7a29165989410af12b0e3fc6bef0d,doberman
91a41fe9c86b0fc3cd70a72fb29018a2,soft-coated_wheaten_terrier
17c25d583276276876ecf58c011aff88,west_highland_white_terrier
c64d89570426c2165226520c9041eb8d,borzoi
2a5a0a68efa7e768c5af3fe0cb20c9fe,german_short-haired_pointer
482e38adec95d535eb4677504a82e1a4,affenpinscher
0990fe6be15d9d556eac8712db3c8094,basenji
c45ca06210977c966dfb8e7fa0cd706d,shih-tzu
6cecc5ec666f9ff8f0994a2b7b3b3c50,labrador_retriever
cf006bb3f31c015f513071e9067f8ee0,japanese_spaniel
9f80e62e65d0cdbde6647f054f12bbef,schipperke
ad531a8d9389f0dea4b1224a10243e85,west_highland_white_terrier
37de257f7c02f6c4d4bd6441d224c941,newfoundland
b8ed5c550941c7fd275f1aa07e242f16,chihuahua
6a8d9039b864aad7a353af227152e7df,norfolk_terrier
060112a1a77217039de21f7d0963929d,dhole
f6c0c3d4f34faf5caa5de6e81305de3b,west_highland_white_terrier
45d79ec71756709eb708d9abb3ee458f,rottweiler
69e4b2d1647eb59844434146b29096a3,toy_poodle
212fac12fe3bfc0820cd6d05339765ab,toy_terrier
0311a6a51a414ba91f3ad8055170baa1,lhasa
a12cea27cf82ace00454429e62a93d4b,lhasa
a84c3f417d8674d3a1cc861e6f6b6564,dingo
076d31a2f676671e4427cc485b9d2918,clumber
92b51694f777ef7f2cf473fe4591d2a1,papillon
376b8379ebf3bc400727cd04cd7d497d,vizsla
2292aac9af3c3646720d9401612390c2,rhodesian_ridgeback
450652d3c78bcead07a39fd386dca46f,boxer
f065f6e63169c7d2ec46174000a2d87e,bloodhound
4c7b7de42668d9a5b1dd5ee1f5190c22,dingo
1ca968b47f96eae326ba0d7428584e6d,dandie_dinmont
bd4bf652ce079538e6bc3de2612c1f03,siberian_husky
160160c8ac562966448486906cb56308,standard_poodle
5bf7dc9255185907260436bb10d6ff42,lakeland_terrier
b39b851ef02720a4fc4ac85dc1ade7b9,cardigan
0dc7954749dc0224639be29aba3f1708,norfolk_terrier
04be608c9c005d9aa0224fe08554e4be,siberian_husky
cb3121245ba0e86572d9f46f10ca0e5f,rottweiler
7b0ca504f40cfdb1480fa6b5cd8f84bd,borzoi
661aa568147bdba9ddf33310ff0783f4,staffordshire_bullterrier
99c80aaf5bc0531ed9b177b0c2b696a9,boston_bull
1ea7adfd17a58475b764cc95431e2315,kerry_blue_terrier
68eb8c084be557e165867f8fdcf4636e,pekinese
003df8b8a8b05244b1d920bb6cf451f9,basenji
811285f3b3d19c883f18e8afc0e19e29,english_springer
c2985294aa6f6566578f945986107757,weimaraner
337502285c0efd151eb657d7962b4762,labrador_retriever
c66c6cfc9bb48d1093d24583f8722f55,wire-haired_fox_terrier
3f0ef4652899749d98df8a05a576239b,tibetan_terrier
d77cbf53aedd8776340977e523f61080,sussex_spaniel
bfa50acc112f4d8b89dd212eceb9447c,french_bulldog
4d78f6722feb2c8487c0642a4bbeaa86,newfoundland
d5dc59aae5cd233f9d03e10ec567ac08,samoyed
6d13b34a19bf0776634565f656804ea9,yorkshire_terrier
51c09b0295e0137021db430c38308e8b,kelpie
a242dabba9d7b42d9bff1cd28eac19d4,japanese_spaniel
0246f44bb123ce3f91c939861eb97fb7,standard_schnauzer
e65087fe4a5ef4495d30e454f281b06f,black-and-tan_coonhound
13f6cb46cb23d6eb41fa6931b73b3e4c,bouvier_des_flandres
96304329e537c8202c65e246198559a9,chesapeake_bay_retriever
40c0f49c7c2bc937ff640093a4c7b06d,mexican_hairless
755e33c45172fbee0a1dcddd453c1d0c,pekinese
28f7140259e0f9d36cd67cb3f194fe34,groenendael
581f448cf08f746bbd282a6ec1c9d9d0,bernese_mountain_dog
fdc0556f9b32a714b56985eb99fbbbeb,silky_terrier
f6209cf3313e3368c376dbfa13f335cc,soft-coated_wheaten_terrier
9e33dfdea9e96ca060f24c6c5cdd3e37,kelpie
42113dea257f4ac3dcd6ac4337329501,cairn
dd79ba1404da7aa15471494d11657b68,shih-tzu
7684bc9005956e3fa3cbd7c8d4697e57,miniature_schnauzer
014c2b0cd8e3b517e649cecf8543b8fe,african_hunting_dog
2aa89fb77f9b4e4bb84cfc16d8ee8926,miniature_schnauzer
3b33157b4a26cd2e1609e4be1f1c2a81,collie
02ef5f19db8cf4da62016a1067bdc548,welsh_springer_spaniel
dd68215c1ac5b073fc42202f229bc283,vizsla
8dc1697a8eb8eb23f3585ee1705fa4d2,bernese_mountain_dog
301fb949886c8094871367296912c6ab,giant_schnauzer
fc6e76acd21ed78f2c4c2153380cf63f,curly-coated_retriever
09927a82d649607a7704ac6043cdfa9a,west_highland_white_terrier
42fa9fd9dd63066d88e3fd56117d787c,leonberg
89c587a6a853c816d3cea9337a8e814a,scottish_deerhound
aa4b8e10696a7e2f8d07a7b13c1f5c6b,toy_poodle
238f8a750263db92c8665612ef46e216,greater_swiss_mountain_dog
df4d0576d927992df06c9bb08bb9bac7,welsh_springer_spaniel
e8919d9aad4b786433cde19e387df19e,miniature_pinscher
a7a260558be026398395591fdae8fb23,irish_terrier
ffe5f6d8e2bff356e9482a80a6e29aac,miniature_pinscher
b008606ddfb5f48c2a68891fe861acce,airedale
006cc3ddb9dc1bd827479569fcdc52dc,bluetick
498c124f07f90a5f911a8879a4b53444,scottish_deerhound
e7ab11f849e895ced3cdddf4d90e5bd2,cocker_spaniel
310a5af12e380c91639ed150f10616e4,eskimo_dog
d67195583fae5a5cce6fd767ccddede1,blenheim_spaniel
79f19e141ef77c11376a2ee137ecd731,greater_swiss_mountain_dog
f69078e04e3d5e8d7689820de78f69ff,ibizan_hound
4065ea45b804cd4dcae4cf2f5c06b0a8,newfoundland
fda872df827d4ad271ad139a891a665e,basset
98a58bbf292fb12b78698e7458e6b570,pembroke
a0bdc9dbefdfa54b40423728f1f3627e,cairn
c0725c69b3af65f3e884c2b9bb41f5cd,kelpie
cc97041986abdb8566a3ed4317f40c27,black-and-tan_coonhound
6c38ebf47534fcba5593729ce9036b91,walker_hound
fae8e42fae61856a5bd13bd4ac88b8dd,lakeland_terrier
fae9b4b30924265a3098d8e524fc47d2,boston_bull
c97b5df44a2ce52af36cfbdb2482c680,vizsla
fcb911ca6411383f99bed4b745f4fede,groenendael
b963a1d5bba4328707c2266a1296f33b,gordon_setter
f550e44352e4eeb99932441678a8af34,cairn
9a6857664466f542a510819a1a5bc98b,otterhound
535178fe793bcbd86d5c24ce8209810f,gordon_setter
b734f78ac374507744a9c25610b5784a,lhasa
0f91ba06bfea7401f59c6d796717029d,silky_terrier
d273dff1609509570c7c9bf78dd3cd82,german_short-haired_pointer
2f2a1a2a5079ab84baadbbbde66d98ef,basenji
495b7b4c6b37540d443d283fb7ef3fd1,airedale
a5c2986a3e2416a6ed58b842fe0e5d68,chesapeake_bay_retriever
64d840b8b3948c5ffd8644b1539f5c00,silky_terrier
202d6e58dc961b63c647cb8991294c6f,samoyed
c1f81cabd7d33a6f434af359226c191e,borzoi
b77df5bcb04c0bf4381a2ace3adbf2b0,norfolk_terrier
8edad149506278be0d351b3d2a4aaea7,great_pyrenees
d583fbee2a4c69e9af446ff6939ed478,sealyham_terrier
1d114c4409c9cba464f762b11ce47d57,standard_schnauzer
8014cba37576a7698c3cd58131e7e54f,pomeranian
1b37f69ec68a20db70bd073486fb5a3c,american_staffordshire_terrier
584cd71118e2b4da3193bf3b4269b159,sussex_spaniel
a8ce1ed48da6f4291eafc8e61cd7d06a,miniature_poodle
da78fe89c55869ac6d1e1bbbd62c72c6,labrador_retriever
a8f10fb1589b332c43d101b318cf1c6d,bluetick
4d07baea3d7e78ff59ba05dda3f3932a,japanese_spaniel
93ef939778971c7e2892360ff61eec17,cairn
10c132cf556fc31a60c0f07e0d416a6c,staffordshire_bullterrier
5d35302836df23812a233888a6309892,silky_terrier
858771bb039b3317f92b698874307126,rottweiler
bedae99cee6a6dea3726f299e26e5ae4,appenzeller
25be8d40afc2702a73cef09dd624a3f0,irish_wolfhound
840dbad5a691c22611d85b2488bf4cbb,groenendael
34cb18fd7555fc6c0cbf497742a09f42,otterhound
3d24ce4a94e4763049d60425cb3e75ae,miniature_poodle
a12ad579f50f6615214f1f8fe800a3ee,bloodhound
9967da09835c2259a11196be6783c2f3,cocker_spaniel
5dd01930f46afef5b6824490e7c24479,kuvasz
db22ca12428ebe70eb4e176973ee3cbb,ibizan_hound
d94d0ab0f504e4ff8315d02259deade9,cardigan
34455076d8d7c9e83eed6cfde1e29670,airedale
19f97faa7cf9e8efe2d92c0162f7043a,west_highland_white_terrier
03dc61595ad9dbf49e3998cf586ca8cb,scottish_deerhound
0d6c6238a4cc499bb57fa0c10a15f8ad,dingo
172137d59604f06ceaa15e7c6434c592,dingo
72e86c8e5f7dffffec58f56cfa9be82d,english_springer
27fdff7f05bfa707dccde0c6662c3f7e,papillon
e26c0ce9c297f9abc3b16c37cd48a133,norwich_terrier
367eac45f0bf515a1e40fae2ec321923,giant_schnauzer
799017168bea86fbb6a83c5d97cc0b8c,borzoi
bc218eeb424cf93092b0a0b23035bbad,toy_poodle
f16a87262b19602f017d48f050aed0de,keeshond
21fc1c46c82db3978ea66cf310e3ab95,italian_greyhound
2d083040e2aa8cda5f4dfb160ff76b36,bedlington_terrier
3759477c2764d4e01d44d5be03b917f6,bluetick
bfd383676d64ac4b280719a0ef6e48b4,sealyham_terrier
9b3580ec11fa3e3064cb65d47215eba2,flat-coated_retriever
fcab59cd421ec3d233da0027d664657e,saluki
e6a382c2cca7aa606dda1d5f7109cddc,airedale
4b0dce3ed42b8b4318609b4006ca4c78,irish_water_spaniel
b8e09f10cfea58a7bdd11c9280f0690a,keeshond
6f357e58e5e809ce6fe4c480b4ed872e,otterhound
95660f727282e9db785ea010b0dd4160,samoyed
f056f4655ec9b7b942c1fcd6d4ea61f5,basenji
99848a37db92c99f49ae4d3b3aa440f3,kuvasz
44fe2ca1130de981d1aa684737b74108,west_highland_white_terrier
fab4a52198780919e77a541aec737484,lhasa
de3ee90f9042b3cdae9aa9f1867eb751,sealyham_terrier
5c10ef73c24f59a1d29fedc3db169124,border_collie
6dc19c50fe72f9b29c2b08fdac6c4220,beagle
98398963f090dae624c421e6b6a0ebe5,beagle
89259775667d598ec37018874b494220,toy_terrier
a1e4ab6fe9d1255bac0157273d64e18a,shih-tzu
28324516db1ad19c3b33c1b6ad397774,giant_schnauzer
360fe18d056f413020ff2fc88f241a51,beagle
a2abeac260a7efb447af530cf5ce70c9,pomeranian
221566cd0df650574a67d37e3791f208,pug
7a9df6ffcd2ce843a928c0c704adf6d8,bedlington_terrier
5be7d0b6a173e7c6b2ec1cf9bbe086b7,toy_terrier
c24eb78ce2156f05ec5b2736bfaa5e18,wire-haired_fox_terrier
21895a847d034f99fdd98ffb5851da0c,english_setter
3da1a4e6e24a1cdc360976fdc5dc6e5b,bedlington_terrier
9069cb5ba1da1f40788406128b05a53b,groenendael
244c30d8930d3a027b1fb22d4da52a85,beagle
0fc1bd3c4d89b3f89dc91605032fa8f9,rhodesian_ridgeback
32ac35b5880e74c39a8e040db79616b2,weimaraner
fc440d7e1cd648dd5dac1ef18c05a799,wire-haired_fox_terrier
1eb28a82080de0447017caf4d03d3934,bernese_mountain_dog
8efabc4160e30aaa54562478a9cca2c9,pomeranian
8aee90949d4c1edc9ae570287a53e6f1,west_highland_white_terrier
8f2aebc12f23322b1bf9bbc7f710772e,pomeranian
de14c220f31820f5c9e13ee876d95a8a,labrador_retriever
0bac7ab4e3b6c7a5331067827cda04e6,entlebucher
ffca1c97cea5fada05b8646998a5b788,english_foxhound
840db91ba4600148f3dcb06ec419b421,pomeranian
925b987166c0bac0a7ed760473bf7e65,staffordshire_bullterrier
2c64e362c9aa29450082291264dcba29,flat-coated_retriever
58e34ac5f1fb0ed7ede58ff4c2f08b52,keeshond
3303feb629eef7ee44f6398c91745f73,australian_terrier
77206715d37089e33d8c126485ba24c7,african_hunting_dog
7b41e2d75b9ff967ac66237c6ec60dbb,mexican_hairless
f5047cc73f0f6691dc0e08c93ebe26da,border_terrier
b3f7b7db3d7a9bd040eef5c4bdb15f13,clumber
3ad79928c45be8e357816dc1ce708c9b,keeshond
8c18c7bf930d8fcee918db12c9635bd9,collie
8b9bb5dbe62e19115abfe6e13590c148,norwich_terrier
24ada83db1179845b57ee4f8d8c56669,pembroke
d5a421e33b9db2f03598af1760c71501,bouvier_des_flandres
cf98d353326b72966fe9e738b344b3cc,german_short-haired_pointer
8f93451056594e3730feb5a7b831d94b,malinois
0a9f8c6ceadfff61072a565311777655,cardigan
5ce07409cb3d26630c2399bd36f4e20b,irish_terrier
80d78b5caa5acf81851d7dc9c5cffddc,newfoundland
9bf9f1a4c841a1812524e218e121c048,malamute
a745bd8479c64408093c2116a58e38f6,groenendael
9e64e1f3ace7361fbbee8b685552012c,black-and-tan_coonhound
afcd1d553c48f0d434b873920dd6d4a4,norwegian_elkhound
c01fb7605bebd817eab818ec264fce09,pug
485d2218001019088c6fd9f503e0f040,norwegian_elkhound
1fbebdbf9b6e681956b1c33b56a09a5a,schipperke
7bdcea2bf9276fce7f148f00e87edf42,bloodhound
f662df0beaf91c254157863bf00ac62e,african_hunting_dog
974e68e6708b5c382bda7ed0c68656ee,border_terrier
240ce7dee9610547cad87c92fcff7dbb,boston_bull
cb64a5454e405b6eef6061fda3433fe5,keeshond
2a058ce4bb6189960e142d2ee9115ca8,afghan_hound
5c13e38df48763724a42552504b8dde0,bouvier_des_flandres
6782c77720149b1b1d96d3494363efec,miniature_poodle
b3dd2291baf6f3eebaf839331393cabb,wire-haired_fox_terrier
a105cee000c3cc2c68b476b69cbea205,entlebucher
4b6b945e49aa8efe691137a2c416a4cc,border_terrier
83fad0718581a696132c96c166472627,pug
0f26d3f7ff65d0713f36cd8cfe6c7a5f,tibetan_terrier
37888000eea904840be8c868875a242a,bedlington_terrier
2843a45ff0f5fd8d5ce6d1b785663234,otterhound
fd9aa3277a9635ecf6abbe637a78e521,norwegian_elkhound
708142f49bc6544f2881c6387d91f9c9,lhasa
4922b6cec08b5122cc03abd26064e4da,doberman
5dc39b157b9316c8777e744a42b43a93,bouvier_des_flandres
6afc367217abbd5b6eb60d1dbc016250,whippet
b957aa0e8dc0628b09708213e9640a2f,affenpinscher
9dfc1168e6366d5db462efa79c8774ec,english_setter
dcd960c964daef0971659471de7b3992,chesapeake_bay_retriever
fbcc2af005aa6fa3c9cab4d1ac38bf06,malinois
ff54d45962b3123bb67052e8e29a60e7,basenji
96ff29c52552cd25bb3b49b77a2fe32a,norfolk_terrier
de41f775f1b52a040d0965e0923bc983,irish_setter
cfcab9b961c4dca7804e7159d8bd3d60,miniature_poodle
f0424f62ba3e580e9f34de645fb7cad4,tibetan_terrier
d05a666072e8d8734124a31e727f23da,otterhound
739fe2d8225e930aaf4c73671250cacd,shih-tzu
62b930bc746b25a1a68518194c0ef059,chihuahua
8e28f759e7eb06080d1ae4cd12cdf31c,dandie_dinmont
93a1e38d497f452883eae18ab2b11467,brittany_spaniel
f97b9b8848683ab240cffeda2c855502,entlebucher
5f652b4b42ee2ca369388f36f11bcf6a,pomeranian
8847eac09561675bf7e3d6d9632b8865,beagle
a0bd99771f2dc6b7512f0db9612534e0,german_short-haired_pointer
fc2c6cb0b33fec818063b2840217c546,labrador_retriever
35fbb975be078989d1c17d66ba16b6cb,shih-tzu
95144edf427950c3430cebdf43676661,curly-coated_retriever
c3bf9ce1db1a3fc772bdff96055032e4,miniature_pinscher
c01ab33476ca5cac3c38942b2f860a9c,greater_swiss_mountain_dog
3cae98154910d0f518fa0f97c17900ef,tibetan_terrier
20c5b5fc9d16d9a16e77a5647c383f94,airedale
2ad417a1ddd2d35434e128db0a66b5ef,sealyham_terrier
5cccdd466a3a1430668f10ac14fab212,newfoundland
03b9ab173e5862580909fee10f0ea46d,miniature_pinscher
8f73fe936d2477bdbef77ebb0deaef78,malamute
63276d487001f4bed29f4e2713f87d23,norwegian_elkhound
ea7a7a80860e733c670e387bfe93bf08,walker_hound
b05d8eb1d33475e05dd986dd0dd2554b,toy_poodle
cfb9775c071c3c447d1e7f132bc5b48e,briard
061e9891cd5e77345e3cff761c12db4d,norfolk_terrier
bdcb7a341f67363503f974d7596780db,schipperke
ec3fd4eea9a6a2c88908c33737442e4a,kerry_blue_terrier
c602f7842271c85e8d779246746c8350,german_shepherd
e49f8aaa63a2ad36d11ff50fd53e25cf,entlebucher
4f161bc408a4bd5c541fd766d7319a72,irish_wolfhound
bb724c8973031fa308fdfe81183c1ede,affenpinscher
8494afd34e3a2e81bec37e4dfdc67f8d,maltese_dog
8485bc3f3fd64b90be74d7f020c61f54,wire-haired_fox_terrier
e1a7959ca4b8da181cf109794cf2ce19,english_setter
d23a9459022b02140e847eea64e05440,english_springer
43eb1e0b1a6baaa87cc70d4e21d99389,german_shepherd
e3485777ce8e1a08de482429cd38a420,affenpinscher
e3e2cb3f0677ec569e74474b7e6a236d,whippet
e3b794cfccf2ed02689f046aebe7f650,entlebucher
40f12504081ce43152799398e24d3c80,soft-coated_wheaten_terrier
88234d321053611f136c1ee67d3ee3ff,mexican_hairless
2bb7c577b868f6a78ec1f49f013028af,bluetick
bbd33c81755e1243855a1e11f44f4db6,bernese_mountain_dog
e5ec89512b1aa4594fffa72867874a27,borzoi
1e19af1794d48529224eab0538eba520,borzoi
db62f4b3d619612dbbade4be83a24a14,miniature_schnauzer
a2507f5290cd1e8a60f6565870a39832,english_springer
8f9f48b4ad92e8f3082d2ab40d9f5e51,gordon_setter
f42afcc1fabac064a07c6a5b7ae2766e,silky_terrier
acc563b94d6d975020a4fdd036bb1aa7,bernese_mountain_dog
62d8924776e3a6842ab24f86fe866677,labrador_retriever
70c80800e2ae477c02dc034917783132,afghan_hound
ea15f35659972aef8ce3472d65037c4d,west_highland_white_terrier
8b7c503438843feb509ac38f505f77e1,pomeranian
d4c40837d07aca3085024b7c160d755b,shih-tzu
79bef9a1aebcd3246ec1de034107dd87,boston_bull
158274c7a5b030a2e8462a55159bdfc4,brabancon_griffon
68fe92544e3c171703144e0df84c964d,blenheim_spaniel
bffe7f9c91a8af465f928a33aa8beda8,ibizan_hound
691e38148acf93eb71d7b9fbc777c2ac,tibetan_mastiff
597afffd75f056b6961808cfb8d2125c,chihuahua
b2bab263aaa473785d7c88eec236acd8,irish_wolfhound
5c6e3db6929a459c23f709a63d50927c,old_english_sheepdog
4366ae84914916e5e60738e0d1d3846e,airedale
456c99786d8c96a075518d8ecb8aa809,golden_retriever
f9b7736812c24f6de73012511303fb28,standard_schnauzer
be575caa5b993cf44f40ac8193db9597,siberian_husky
34fc5c4709c9d815dbf4b78d4d816d10,standard_poodle
c870c6e336ba6fe2e10a3d16d5731c87,standard_poodle
37f606ad9055e319baa52d857a30dc89,basset
139e8120addf833f72a8dc2c12ad4c8a,lakeland_terrier
d71bfc3b16d6e39fc726f47a93d4cebb,west_highland_white_terrier
ef91df1385e44b81c78dd345b1a17f14,afghan_hound
6da6146a2615c85076d54df772df8d17,malinois
538921b32a385b9e4cd5ce4dbb0ba462,german_shepherd
2d48dfbeb942e43157564559e4fb3ff6,great_pyrenees
51a983d146c12574987f3ae82a18c5d0,afghan_hound
c4649d3948446cf3cd90da2ee922b3c1,entlebucher
f78e04ee7d70acdb10b2079b25471a46,walker_hound
14e8bc7e0eaf52be607e0a654922a826,irish_setter
fbcd86965ce247c0a44e50ff7b66a670,entlebucher
151474b992b295f69547839e31271dd0,chihuahua
a0a53d7b5d4f9d9004d9e2b21785f88c,dandie_dinmont
fba676383a9e3dd93dc1c4d50c54f48f,norwegian_elkhound
9768ee7f14491c11917288326ab31fb0,malinois
b78eb9db784ba1849ae8e21a8df79a05,dingo
32d153d9a9f5bb956bbe0df38de14982,standard_schnauzer
b16549549ac51020efa4ab86923c37b3,norwich_terrier
70685fef6eaf5cddd4de563cd6b5763c,samoyed
ee08cef430080eb10b1388795f5576ad,irish_wolfhound
08946697b3e50e602d6bea765c8fb9f5,scottish_deerhound
42aef46885c278f15ebef2b739cc2279,toy_terrier
8bd905838263efd8c2cac790b5f17912,papillon
d92166adb57cd563a2a9bc92be3ddec0,bluetick
2c8dc4b0052f1c50519ba04b3bc4a65c,irish_water_spaniel
a819b8f7e2df438ecb22e1566eb5fc32,bernese_mountain_dog
e9192e92049f545405dfbb8a2a05a8c7,leonberg
d54cbe5a12642bcbef0a24130b926342,chihuahua
55e2302f809b4536cda46fd6b7f76418,pug
2741b08476a2e4089fbe5e33e7182c24,sussex_spaniel
a9797886f1e5b8097e4c27c98e662c54,pekinese
770e93c5d9961cc0b72dc41069cdaa62,sealyham_terrier
c80beeef5084f7c27882c939669060a4,sealyham_terrier
212b638c66bddbd536da71d27907528f,german_short-haired_pointer
5b903adeb4c923ba3046929c7062927a,beagle
e308be2d0ae640f51c08166b2e3ce396,irish_setter
ad17371333dc89057c529972489ad416,maltese_dog
fd0f827a0d0ad9a2ff60ddf30e5d50be,saint_bernard
fa0b4de9dbacd9faa3a5a4f2adc63195,boston_bull
d0a1c46e655213d0e856f51715a5248a,bouvier_des_flandres
b45eace2c8ee482473ab91f6ed2f3105,shih-tzu
b21f1277b79851fc6a196c4c872dc921,sealyham_terrier
093fc67079701f48bd1d2e52a684ed9e,curly-coated_retriever
b8bf2c8ec3a5da83eb19f9eb918bcb44,bouvier_des_flandres
044644ffbec4b6d402eb824532478811,african_hunting_dog
b5adfdc1436b06e71caf363fa8d4d4b9,borzoi
78f254f10390add2efc337636f181521,wire-haired_fox_terrier
c849f027fa1ae5c4925d24cf50111b1e,otterhound
27a2cef9b40af3b24e60e23de77f3d9d,italian_greyhound
30e70f0309eeb142b7b6c74f938f0d6a,rhodesian_ridgeback
aaf069f36b79c6499c6e746454c91f64,great_pyrenees
8dc0b8413494816aff0d87e9f64ae4fc,staffordshire_bullterrier
55efa71bbff2a39d587fcaebe29aa1e7,basenji
81f54bbafb8cc5d2d6db34707ec6d78f,chow
c8eab8d5c97dfaf0bd993d6ad59895a6,borzoi
176e2a6cde976022e90b2b42a81297fb,saluki
5b7877641728a83ba386baf10358a55c,cocker_spaniel
e97e598576bbc9adf772f244870d4c7b,leonberg
874ce47f8d4a7da0e205bf8f5f45d8da,shetland_sheepdog
61f663ab9aa9c3cc41f207be4d4fd9e9,greater_swiss_mountain_dog
2ae2f3582606b45659a29dbff0311ac4,norwegian_elkhound
8e7e04072f8a9398f668e0a4e16b0734,old_english_sheepdog
e0afc52cda56b96803e099a0b69fb173,tibetan_terrier
78b7197ade3d5e29873a7ea27adc760c,rhodesian_ridgeback
eda5b27feb982dce425c1731a1174e1a,irish_terrier
8d0f47344bd67acf7ca366190aac064e,wire-haired_fox_terrier
2fd1990cd4ccd5179b1c598355e62b16,vizsla
a8b996d708cd39d11a9368a4d0e3da5e,briard
786e55f920591241642b541e80c99b71,dandie_dinmont
bd7f701cd4f8e66db0eff2218e763f73,whippet
4643c7144fb5c7d572a3e3c4316d6405,irish_terrier
ca862f2b2d77f940c2a934acca05dfe1,kuvasz
234f291c3808ab3518d8dc4ca9201fa1,bull_mastiff
829aba2336c76a3733a0b8a834daab15,sussex_spaniel
f2b70abdaeaae871fba924ab80d3253e,brabancon_griffon
f9c6acac2e566ae605ed9c7c1ecd6450,leonberg
d25477a0de377042bccdd6d3dd4c15d0,border_collie
95cbfe6dad49dbaec7230f270e968603,miniature_pinscher
4ae0622f7637ed62d3276bdc3bb267fa,wire-haired_fox_terrier
384b73fc513c14ff4f72ad236fffee3c,newfoundland
5b0f7cff2d9bc9b7caabf8de7d5864bb,chihuahua
51e8ab3cac86aa7a52843d9d6ee85702,clumber
79d2ea336fda1392771cb594f3555945,scottish_deerhound
9a19bbf958fc3f25d247eb6b60524d79,irish_wolfhound
fb6a9896061f29a967d802e4f6dbbd74,german_short-haired_pointer
1fa82619012d8693282ace6d05e81ccd,yorkshire_terrier
0fe613c90931a021ad3716dcb9a5f270,japanese_spaniel
3be3789d4ba0872fd42023805faf0af8,african_hunting_dog
0c2fdeb77e6e650e69ecca013c7e8e67,groenendael
eca1b1928e00e376ac39717ea933b57b,briard
3f60e39babd06abc652f49c6219a161b,west_highland_white_terrier
9ca75c6889227cb3beffe2e4f929bcce,giant_schnauzer
24b3734184a949e910f56a6c193868e0,cairn
2d619ed09dfae38b0f73b5b75d1db784,irish_terrier
a0f4a310216c7d377f90f7cd812c0c3e,tibetan_mastiff
a68057c18b0977b5bedacbb3225a15f3,kerry_blue_terrier
c962302a0176ab136617cac958822928,irish_setter
997c98bfceb94c21d1bf1831cd181de5,irish_setter
1a954490c0b303ce88e54c727937e745,airedale
5e10c59dd98139adcdb59986ab9e5b19,toy_poodle
74f564868a7c4221d1bf0967c9797c7f,bull_mastiff
53ead8dd8986fbb0986c8e0cf2dd45f5,american_staffordshire_terrier
3452530c98c5575462f66181d5c8ae05,pug
4fc6dc33892deedf927334b5b4154c8a,appenzeller
7fb45dff8883ab90f937ad2ad753f243,maltese_dog
5c355ba4a15e03b58d785c2decaed9e5,labrador_retriever
694e8e593e55be4c673f97fdf70e3580,schipperke
8c77ac7beb31548766f7965ae9b245fe,keeshond
9f39f256dfc427cad1f89094369e6d3b,great_pyrenees
cbd8e6c8f98e12a8b336ecedfd874707,afghan_hound
b8ae8c78f07933037c525c57c659ba04,chesapeake_bay_retriever
f08adfc00c474e9296e74e8cc0c3bf5c,italian_greyhound
b6fe6d1a08a8766f5db00a06e635bbc2,briard
a5a76e7db524d8e11728cb77e5e32f8b,komondor
b941a00fdd9bdab17af68eaf935a1690,flat-coated_retriever
a47abd556e3d7780891cac8fd822d72f,irish_water_spaniel
b6a1ede9dc7235b08abad10968740033,giant_schnauzer
13b5f36cb39cb5123958c6e4fbfd5399,irish_terrier
4e930aa5f335a91c2b49b5dad32ae7d1,whippet
abf12f0fef8c729da906177c9d2bc47e,border_collie
ce2255d0df0d65119a0ac484a18d0275,gordon_setter
927137299c6bfa514208a03212bbeb5f,great_pyrenees
9083b6eabd4555704ba900d3bd163145,brabancon_griffon
c7ad83b9c257921de61d0e43d814c31b,standard_schnauzer
832093e19f5d6f3cd38eace5414d6249,scotch_terrier
2ab1b3332e47fe80c68888b255c1223d,welsh_springer_spaniel
7e69e9e20cf3b78cb6d2336df72575f7,tibetan_mastiff
a8dc5a206ac4407615c91f522fceaece,basset
c2a094b3b0217960355c60901cd9894a,flat-coated_retriever
ff2523c07da7a6cbeeb7c8f8dafed24f,norfolk_terrier
dccd2dd384090bfdf9105015167aed23,beagle
3276746904f57c4fcbb794bbbb27e7dc,flat-coated_retriever
0fdfc060cdbaf30f356ffb4946df4580,curly-coated_retriever
5dc913ed57f4ddb46db2d5e579fca853,irish_wolfhound
1c422e6f57d4227ae5d25b7cdb1435b3,giant_schnauzer
b88d4e63f9151739573ed538c8dc999e,tibetan_terrier
7ea325bc0e17ee42620b0bbca1118400,pug
aa39f6a8d629483e5c56e86a7434229b,lakeland_terrier
25fd69a393eb692942f95048f2ba8924,norwegian_elkhound
da1f66793891e95d2790e4b73170f71d,basset
478faa4d28d22cb844d417ca59a0e7c9,pomeranian
e6a62f69da66da8492120ac8107f68c1,eskimo_dog
52c9ab0f6d9f27daaf3641f86c019cae,toy_terrier
2b4e24996bd70174a4ecb6990a3d8204,kerry_blue_terrier
2f1507bd33b234550510c5a0e89a2b34,brittany_spaniel
b44040bb52e1d8c2c32534abd2581cbf,basenji
5df13b67af71646e0108691f56d7ca6b,pekinese
904f13f221653c8389dc5fa88d68541b,saint_bernard
96e05a4c7dde1737370357973d146709,chesapeake_bay_retriever
6f59b7fe7cec6043ec57fcc89f893140,doberman
6f1806819e3e675d3d05ea1bf5e71cde,pekinese
bfec42604e41393fed1e5a2946dfb221,german_short-haired_pointer
64e91949a0a3cf6997e9017f9524eac5,groenendael
a5a310eddec7e170634569244ad70d42,whippet
b1fcbc9b6ba9c36d53eef5229e54f815,lhasa
eebf13123af2e0241f64d35f8cddea86,borzoi
4a29719db06ab8bd56fefc72428bb53b,saint_bernard
dd48373a8d9f30daf5f7b51a3beb1325,toy_terrier
55b7d391f681269da958771dfca2c659,blenheim_spaniel
7895625f782edb6173dde473a141f178,redbone
2ebed4a14973b0211b5802b15a3bfcf4,kuvasz
0bbe00ace11a4dd944b8bcf8ca9772c1,labrador_retriever
2cc1f4d5ad3ba20ed20756531f78fa05,airedale
1caded15d1b633293fb3350238fdcea5,irish_terrier
48a96a7398a822910798b9a6c2b5e3f5,cairn
fd3990bdd4b541a0efa8748ff8a901ac,whippet
0f23ce5c1129ad70c079d262448d9fac,welsh_springer_spaniel
3c2eb1a179557ed7e77ee6001f3d0475,french_bulldog
95f5d4bb20b7d03dd1c3577586fa460d,afghan_hound
202d6a18246367a631ae85ad77727df4,great_pyrenees
b81fd8eafb7a41381e66e8d42053c007,pomeranian
8b30663909c1adfdca18f26300046ce0,labrador_retriever
ec483170d4a9c12f9f7bd0d691de7c6d,norwegian_elkhound
3fbefd398d24832aa2d84a81e36a645a,kerry_blue_terrier
a6abba1d01ba07a581b0e1ae2e17e99e,great_pyrenees
14b6f4f65cf579f4a402b310be78b8ff,cocker_spaniel
9a4c68bc356af529465603fc23a5ff28,staffordshire_bullterrier
a9883ac08095cdbd08c2a36f836ebde0,german_shepherd
b6b07f0325935daac54d34495e96dc80,west_highland_white_terrier
36910e7d2411ea0595b590564cd1a473,vizsla
6ec7a007a28588f6367c31e43f7b9ee7,bluetick
e229e4628facf3fb9cd030e0ac484722,pug
beab3428d92da3040ffb94bfe6355205,irish_terrier
cb26e46dc1578cb8816f6e5e24a070e0,otterhound
aef57a16eab44e62bc3a68cc9b2e7ec4,bloodhound
6814e858463157f88f3815c363c5d245,english_setter
cdffff7690054e91eab8e7237df12406,scottish_deerhound
f2ad1868e6784b428fdccffe0314867f,kuvasz
21025ac6cc0358e4dd6fda564605cf34,italian_greyhound
76e8dd8997787b79d3c1e4632c89263d,dandie_dinmont
bd990d4fc279bbfcf6bf8cc832101b39,miniature_poodle
d0441db03224b15c47422e6bdf351a52,cairn
5c77a71b19f29a06f2a3a6844a082132,german_short-haired_pointer
1399f1e08abd77f1b736303d4101d51c,malinois
1b05bf1d2965886fd12bb67f921fe222,pekinese
f8a9f218dbc135010a7099efbb36a8ce,great_pyrenees
fdd70b075a651fb1a966e5a8735b9a34,entlebucher
4e5469adc80c6f839dab6ec6c1de971e,malamute
04d6fe2d5ad29be79083e5c9cf3d9b0d,welsh_springer_spaniel
9a10d6f7fb0c766648b1ce1374fa72fa,italian_greyhound
771145b82a29f68c70e29f7bbb58797b,curly-coated_retriever
fa96ff3a3b523de0b176e052843fd152,weimaraner
0fded83899cc06dc30c1bda6302b5bd6,welsh_springer_spaniel
8282ea64f812be023f8ad901385d66ba,basset
185dd9ac0589562442f553cf686783d4,malamute
181fadf5f2222c0791c7a02fad19bab1,pomeranian
0b346cec75418439f13eabdc7e96f33a,border_collie
91c25bb4539f68d68c7a23b8aa5d04b9,briard
01e4d3d1cb704ed819bce35d22e716a7,appenzeller
cf835d1c4bc696f14bc631156c9a770f,pug
fb1ffb75a67173aa922f40c11c40264a,bloodhound
6c1454affc087e6d9d0466f429ae62cc,pug
3ffa337507d37b6c29e43afd6773f400,ibizan_hound
a473b2b889c5c3292ad9937d5303593f,norwich_terrier
50fcbd042ae9a24e3afd5cbb8e1e4542,doberman
27dc32da78ef081a347e24cb5bdfdcdf,labrador_retriever
e7f491cb903ff0a294eb63c625ef090e,cairn
c2849be96ad98ded20e336b20d519f35,shetland_sheepdog
62b8bd540033bff986fe0690d710feee,norfolk_terrier
1ee0c041d15647e3909625eba419f153,affenpinscher
8650b152539571456f690c4f5a7ce77d,borzoi
ed8a0ac4b8566dec190f7308933a1d62,ibizan_hound
a6ff0cf6aaa1194be83bb73d5eaecf81,cairn
b27075fa27a6c795ac1299a7a8bdd06a,eskimo_dog
e520916265354a8ba4b27fb074795c6a,flat-coated_retriever
4d5d1e37be499fe7250bff7afe97bc5f,rottweiler
36c8a8c901324e0c34db896724abec3b,english_springer
1998465c04b1bd90da3f6070201a6ce6,silky_terrier
35581b79b8389aaa4e47eef7f7cf6857,bloodhound
63a23dacecac1bc1bdb3faf77291220a,eskimo_dog
0f74df5d1c925541eb1b3031a82a5cb8,keeshond
53fc9ac8e5f21cd52297f44af13ba52d,english_foxhound
88dccc33cd5ea95900a170623800ee6d,blenheim_spaniel
1fa58b790c9e191f23dfbad962236f25,mexican_hairless
0d8858e722c5f9834ddbdcecbf3cd4d6,irish_setter
33d3d86055b02fe7f097e3654fd42d3a,lhasa
56bdde870df11eb6049e2f1229bc8fe0,standard_schnauzer
02508e76981e1ba059d785704b4c480c,pug
71f1c6d3b710bb9964fb82d026e57a41,bull_mastiff
cd714df1f1977466537bbf2fcbbcf0d9,rottweiler
599e3543a10a09cdf758b78df494e532,clumber
78c92f75971c43e4962e206059b6a48d,kuvasz
30689ef48fbe62585666a736971ba208,leonberg
a16f16b480a2147d0f7598d246a63406,groenendael
995f929ee21cd978ccb5d6dd823b88e9,malinois
60c2bb017dc6f7277c9d2f9996cc5ad0,border_collie
1268223049f00d74f20d4f2af3126234,toy_poodle
db24ecad88218324139f9e2f65cfbc85,chesapeake_bay_retriever
5bff7c53d066491740da6994f7c6f3ce,labrador_retriever
fd3c4ef41e17c992e0c5aaa5101a39f3,irish_terrier
9ad7b84e62adb614a516e742d2df0f1b,scottish_deerhound
278739637271fe972aa9a62404685a24,newfoundland
0f9d92617b85252200cf99ef0f84d59d,pug
279c273d9b40a48846a53a90eca6b2da,wire-haired_fox_terrier
a67104d39ad3f52c822698444a2dda9d,bluetick
2db5c814202dff431a0f984ad9df7140,golden_retriever
9ca47f914b1d7b8ad9d59297e02d2963,sealyham_terrier
d66104727a2a8cdfd3f3a0fb17bdedc9,golden_retriever
0700d58c82bafe9c4edc81f902178e76,airedale
472b373809fe51b17f1d1f4ea65f2700,ibizan_hound
fd2478ca48b9ac774babc2cae65fca5c,irish_terrier
aa4b973e445141931ec097aafa317395,clumber
14f25ad78f02126a1ceeb44385378cd1,great_pyrenees
f5091fcbb9e639158ad406a3d793ff62,great_dane
97e8c5fb46a894b5817e752259315886,west_highland_white_terrier
2294fdf8ceba2e6846e68a9ae1099997,gordon_setter
890efbec7147c2887c460be0af763381,scottish_deerhound
00f34ac0a16ef43e6fd1de49a26081ce,walker_hound
e82a61cd6a3285ab9bba11fc8d752fa9,cocker_spaniel
d6d7678b8bddeb7a37789b17535d0b57,entlebucher
ce0b7b688e294ae5ae0620354c946f0d,saluki
3a2603cc09e33589ac18ffdb646468db,norwich_terrier
b8e233e679db8a5e7bcdab32c3d891ec,italian_greyhound
beb5d7cd3bf499086ec61617dd8ae871,pomeranian
5e1c189cfd5c1e7c2d7bc27e48a166e7,mexican_hairless
c0d10ee669b1ccc5bc60950efd19cd53,boston_bull
0b6c5bc46b7a0e29cddfa45b0b786d09,cocker_spaniel
c668cb4cfab62856f6520c4c3358fe08,west_highland_white_terrier
ebc1adf5291f968954104e7d2c7e540a,redbone
42a49cd92129a383d959dd3a52bae3f9,otterhound
e0c759008208229026ae7aeb04da7a75,greater_swiss_mountain_dog
2503c9956d64ee59954183a723016add,kelpie
38accef30bc7b0158d588788b489b8d2,english_springer
a7d5a944bec21c0d6f570cd04b8a661b,miniature_schnauzer
7dcbc220f0156e1dd31f0591e254410f,bull_mastiff
19c0f716ccb733fb5881e47e3644a1bf,australian_terrier
5c05304bc30d44d568371e5d976e09cb,boxer
1853938d8adf8942d927f5fae8b9ec0c,irish_setter
58bd9bfcee7de5692e700b85ec03ec36,welsh_springer_spaniel
ebb2555fb23a8fe20c44050380154456,bloodhound
000bec180eb18c7604dcecc8fe0dba07,boston_bull
aed87189e6b60b02c3f16566afe8cbd6,german_shepherd
bc02f269c7365631689b00cccce4c4d5,basenji
e3674d52b8788561fc9e21430c9bcd67,weimaraner
832dd63427bca3afb5bc86f1fac57dfb,bluetick
7804443416f4fb5ac314f0df5301a115,old_english_sheepdog
4ef03eeb57a551cc7376413dd1b397d0,japanese_spaniel
5c8c894495971a65f0a179bc4c0ca0bb,wire-haired_fox_terrier
0518691772e78ac6805bf006993665a4,rhodesian_ridgeback
6759b96d8e66829a2b8bb8ed3435eb53,pembroke
553ba861e419597a38c9fb9c5237567f,bluetick
fb8c009186d200c2f49173d89f4a4a80,sealyham_terrier
46c751a7d3eeb071e48af143cfbe2eb4,bluetick
1a232b490fde0c962aa1fd7f02175e19,bedlington_terrier
42672a27407ebb1beddbbac746c304bc,basset
f0216b542b2feaf7fea3412ce949536e,schipperke
bff3b4988983b8dfc0376e010a68dd12,staffordshire_bullterrier
61268d9cb5f2d80a1348abf5ce97b47c,sealyham_terrier
e467353f2da5b49fc7a8e9835b22fe0e,sealyham_terrier
54c2817736a466bb001e030b1a4ba116,eskimo_dog
e1109172b47d152684b6e54b97ae6758,siberian_husky
2f820fe3659cb09e5003d37cb7853ea5,pekinese
a4c3902d1ebb959d51e2488804b43c99,shih-tzu
ecf4a6af2c19e363bca3324a99cfecff,doberman
a9fafe79f816b5032af49b12fa0cebae,sussex_spaniel
202c3ed2fa2c50b736fb3c4cc8fe903c,samoyed
b36ef116ba297a4e2564aa9f9924d8bb,bernese_mountain_dog
ac8869ca8acc2334a3e034c4ad8d0b68,irish_wolfhound
0e7691c13a9267b621ffb866a83d08aa,basset
34ee442140822118a00578e010524641,leonberg
e53b517c2d19cc71b91546deb4013864,boxer
eda47249346bbb28d89a524e3ff0c66b,leonberg
72bfa0dc2020f6a54a2b11293160a079,bouvier_des_flandres
2cb34c23e9ed9f34154916a63265c6fb,eskimo_dog
db3659a1c09ec64e6b39b53b9b5ac30f,african_hunting_dog
addf2f5e7426173ffb795fa485edae63,toy_poodle
12a96a9c366b60dcc62fec29006780a3,clumber
ea6c7f6e749d8aa9512054c47585e298,doberman
cc09a186fc07dc960dbbd5afb464c2f7,welsh_springer_spaniel
17a79093473687e2cb3d0cc29c24f3e8,cardigan
f827aadcd7537def18615dc19f650456,japanese_spaniel
955677ee4ce177492ce886426271f831,walker_hound
1d4e6e2f6ec3e11ada0974a94119b076,sealyham_terrier
c5762a5e8323239afefd077786270113,kuvasz
6ca9149d85c705eab3f870619ee87e54,weimaraner
52fc29c928f5fdaeb8e3fd012cb3af4b,bernese_mountain_dog
ad019e394b55406f412b9a03899d5705,welsh_springer_spaniel
d6a17a79cc8407190ba724064186bb45,dingo
1e0b723f0cfc7f729b4aa02743661714,papillon
4f873d1f4c298939a77dba5e939a77ea,japanese_spaniel
f441dc37af37eb01c9fa3e0950228642,ibizan_hound
968ea716b790aa6aeeaa6cd74bf6634a,papillon
db4755219032571f2faed853d0dded0a,bluetick
abb194f697f5e00bc8be1e29c54ec3d7,keeshond
3a0b757fe028356e4a80e344dd806970,doberman
939f51df57282705c7bbf31e385c4ae2,japanese_spaniel
06e548623971fbdf8c80b0614f811f50,toy_poodle
c098cd2465fd0a1f709b522078986b34,brittany_spaniel
0883e6cc994d9ba90592f400d502d838,bloodhound
3c5882c4fd539c6cd429499264011861,gordon_setter
51fdc7f1b12a540be7269752f64862ba,afghan_hound
860e42bbe81a5d30d00bdb77e2c38a80,papillon
3c462ded2d4ede47ec9dd298d998cde3,australian_terrier
6d2fe8f0bb9bbc3232567cd6d930a1e4,tibetan_mastiff
1857ac9d2306fc646d4bb817aaa20424,lakeland_terrier
f471dbea5a623c425c8d14b885616ba0,bernese_mountain_dog
8f9c699fe464bdb7aa7f2edf7661d379,shetland_sheepdog
9308c8fb4de942e11368bce562e92d7d,border_terrier
3f8dff494485685534a86ae817d7e02d,flat-coated_retriever
dae3c0bf3f109087f31b89a7e5328e56,keeshond
38a0cbc1b798282e5ffe82a3954a249b,scotch_terrier
4cae9d5491d8346f2bbec10132a78376,standard_schnauzer
12a9f1c02202a020fe9e51fc46dc780f,toy_terrier
71c0db4c32de5972f071875db3b5c6f4,redbone
3314ba029fe8a717f6070cd0bd7f0584,cairn
59236e202bd040515834a15a4e72be86,australian_terrier
9629f46ec0bd1eae63121877c7d6787e,saluki
9dd77f5acf4a62c7c978bcce4affe2c6,malamute
ac225d146cd712799a4581aad3ac1267,lhasa
b333b37df9ebb167887a6f7a2f25dccb,rhodesian_ridgeback
6496959bd5a27de3cb15e771ca2ae7b3,pug
644b20efdc7375c268aa32c7b79d0b41,vizsla
8eaafbba23d55cfe9422651b32523ad8,blenheim_spaniel
edcfee2eaca6697d103ad03531aec0c3,pomeranian
bd6320171c62d5a9b1ff60c4e2575fd3,welsh_springer_spaniel
56f856414ac80094d808ce464b446bed,dingo
064dff92e5654a8679f8971a027a4040,sealyham_terrier
9194630fa4708d66fb2c5b114dac0786,clumber
9f9c667f8eb625df654915087b9746ee,saluki
837de84874e32a9ed08c06ecfc2421ed,pekinese
f9bf12ee2c9856d37d12b6299af87f8e,welsh_springer_spaniel
c1e67e0e0bc4e3670d89511cf0484795,australian_terrier
e8c241889ceab17b1ee8ce6828477204,black-and-tan_coonhound
8c1b4527b9d6fa6dce004f83325240b6,pug
df823d73ef4bdeda8b61e3435db0ee6b,soft-coated_wheaten_terrier
d8275152fe9027835bec0c405d131a2b,toy_poodle
5e0a717b94f756159c18738727bdb13e,miniature_pinscher
add47db070492c3ed9d3b76f1886d684,basset
7972d0467f6a8d6f209f948347061e24,siberian_husky
833c7a225f090de16937b248422402f3,bloodhound
1d8ace26f651b160925d5b859351c826,toy_poodle
b5b618aec816a9dd7d7b9588630fd4e3,tibetan_terrier
029ed6af5dcadfd105db9271e12ede14,rhodesian_ridgeback
5544cad268dab34920c63985128fa0b9,japanese_spaniel
d83c437073ab4eaa53b733a1c1615131,norwich_terrier
2aa7127b78792735a59e43b03c517677,saluki
f811a137cac1489f074529064f79acfe,dingo
50d3dfc2c999a9ede891345ae14efd27,labrador_retriever
c1eadd472eb3727e82e69fe3f0170f10,welsh_springer_spaniel
d6fbd70900969f939deaa4f101408858,basset
271644241266089a9ce469c8d632d992,weimaraner
adbc0c1e5c3c13e91701d064239c1eb9,vizsla
df83ac04bc6a6891fe79d6e9b56c391b,vizsla
970df71375e17e998d03900b2e3557bb,lhasa
8ab6438f29eef71dcce83617e2c73157,schipperke
c85fdb661bce3147ba6560f1f72cbbdd,samoyed
0995f642fe4baab3cb3534725dfedb75,australian_terrier
2db176534ae11dd67b9bfb480d76bcf1,shetland_sheepdog
925b2891c064453b9b2b94cd4e0d6307,shih-tzu
18178aae17060733ebce2cff03413a8c,samoyed
8d545ea0a05cfbdc5b0ba95a3290bf48,walker_hound
7c1414107b56679a82cea7e7a9114d3b,afghan_hound
e33ebba7c3621778acdd362e12d35660,great_pyrenees
2da3558e7254a36dea53d35234bbb215,lakeland_terrier
0161847d5bfae154af084993fa26a1a7,giant_schnauzer
6190f035170a14652b0b1942cb12c954,australian_terrier
359a64c4efe3a9b90ecb399934a06439,japanese_spaniel
1f249e94a204f4daf5946350cf116448,schipperke
118060ca946af5cfd1b3bbe030f9003c,boston_bull
fbf881c1bd9b236af37efdfeb4a1fb51,rhodesian_ridgeback
67f30ce8b83d0621b6a7c5b14fd93814,komondor
0ec8020bc2c4bc1646a81737be8580e0,dingo
f62f6d147bb05a257c05ffe418ae4e45,german_short-haired_pointer
dfbeabe922f09fa99ce84c6a94210279,italian_greyhound
d7563303ddc600a8bb95b7065634d41f,entlebucher
cada57465146623e34fffbd0cf86cf0f,maltese_dog
6c6020f8dfe89f93a249ca5c385abf60,leonberg
c2956f64221e5f8ab9aef1540f47f7ac,beagle
436861b86e7b831c4cf8984de2b73092,cocker_spaniel
e9d910ff8abc407c1536201210b40888,lakeland_terrier
e960fc18473c0998c1ecbda887aa6bea,siberian_husky
eaa2b8ce4fd5320fdeceecbe804f08bb,dandie_dinmont
15ad574a13084df42ef17a5f635fae3c,irish_wolfhound
2391e91e696cb035a315fab123ed77f0,schipperke
1dc5d9db984d35752841d81862184ba3,great_pyrenees
90109c343f43458deb83972cbd552a0f,norwegian_elkhound
f6430905d7328cb19856d0fe633f6493,ibizan_hound
d4dbe4468560bb227aac6627237ab9ec,bedlington_terrier
5b67d1082e87c4f72dc5490343eda754,staffordshire_bullterrier
2b48b5242ef63c849ba235d6885f1006,toy_terrier
8c5b6ce48c6129af802c7a2b8c6b6a00,sussex_spaniel
28d5f6971aea60e8b528ee6b445bbc78,collie
f644ec58aab5f57925bd55969f4b925b,kelpie
92ea22d7f8dad0ac186507fb6fb529c4,bedlington_terrier
0c378307f600ba007a7eaa50fba6d0b8,shih-tzu
c5030860ba094c86d3bef88c659448f0,gordon_setter
e5c20fbe4702370b3dc2690bb72a8cd7,siberian_husky
9bf88e3c2f361f5c93acf7b277546375,mexican_hairless
d3ca4542578659abdb8a112baac00e99,komondor
22fdc5e385c6dcb34119778f5bcc5eca,bouvier_des_flandres
0857307dddb1b41288887ef2338af6df,collie
68ac945eabe2c2312da5654cd442a81d,pekinese
c7b107dd35e6cfde679cc1be795f11f5,curly-coated_retriever
e5679014512835a825578b7b15676df2,japanese_spaniel
67d3ee1ea20447a87ac0d6bb502a74ed,bluetick
a161acd4b2820bc68e196614ed669ce9,papillon
6058fb1af56e2f751260b6e97db28852,malinois
ab3aec7ac57f86ba1298d43d6fd3613d,malamute
77206fa9b8356386a19d7d5e130f863a,scottish_deerhound
ee6479969035687eb6decab728718656,staffordshire_bullterrier
ec760d9e97fdc7816c3cb44ea9aa33ed,clumber
7ec41ad6eaf26f9cb5d0c61b4a4d3705,irish_setter
0fc6556b7504fc473d8bdaa0a555a4de,samoyed
408a68050302718e3d2604c108f00594,mexican_hairless
5cd7d9abb1a7d02a4f517b81c422d4f4,toy_poodle
14d2892358ea21837f7a9399c0b00acb,boxer
b8dcf30dd6d0b661fbdc892c8047e179,entlebucher
93a364a9da700ae22e87f9666b5365dc,collie
2796546b6e0e5e25f200df4b79ef0099,border_terrier
00792e341f3c6eb33663e415d0715370,african_hunting_dog
ab35094f483eaf915536835a4df9d46e,shetland_sheepdog
fd12fd971ffa3d489990b6eeca1952b8,blenheim_spaniel
561d5659eec3cb8ced7c777de794caaa,giant_schnauzer
aa7c04434a8f718b639c4b73030349e2,miniature_poodle
d3b93c2ca76232e541a73083f6f04332,redbone
304e2211dbfa90d7d5818a53b101f397,bouvier_des_flandres
02a8ed20109bd62bd5894f276c08c8a2,leonberg
091306dd0d110a677fe0de1ad066f160,sealyham_terrier
b422718878d017e73752b3765d0c361b,greater_swiss_mountain_dog
f316697874ee29b9ee1897979a58e90c,soft-coated_wheaten_terrier
d34ca643d6c19c9943b40af456e62cd3,scottish_deerhound
1534c4b9f44f10bfb3e6e0ff32d08a9a,maltese_dog
ced3ca13937555e20f9193e7c4ff865a,saint_bernard
6f7286e4adbb6f2f066eb47a87f92554,rhodesian_ridgeback
6dd7730512384e02b227d759efe20ee4,french_bulldog
859deae5a4eb97d0d32c94eb936228ed,scottish_deerhound
1e50e6fdf8cb68b58b9c4a5553efb9bf,greater_swiss_mountain_dog
a6d2985d1428a3cfe6e4aa66bd9ee314,airedale
1b76becb2169926fe23222b7adf180be,eskimo_dog
45ca89a83dca243931c34525376c73f9,kerry_blue_terrier
e7c5692d044250d303a839d989132bf1,chow
e1cacd82bce4a66313debf5e883fa806,silky_terrier
0d2129d0eda43dd8514ea309c29ddbb0,bloodhound
206b5cac90b6671681e41721d85b28fa,english_foxhound
28f673b778e6f4cb974dc332fcb1ee1d,saint_bernard
5df814fe3a8b8b678baf9afe62998291,curly-coated_retriever
dbfff28982e6d9f71c4491d3f9246fac,rottweiler
e5afb48f945656686984a28974cfca73,norwegian_elkhound
518c87979c25cbc26b27b459e52a6335,irish_terrier
971cc3bd35960509cb1b1a51930a67a0,bouvier_des_flandres
15d25fb9d0b922b4943b312509e95c21,pomeranian
987cfc296938c20a95949c759e4ffb7e,border_terrier
07eeb2ef42c6b260684e8cb8e8c4ba70,tibetan_terrier
8b6e36d51e75cf0b1b81a94f33d5f5c3,basset
056c314f2a7d119447af259a07eb31df,vizsla
2ca6d2b7ebaab8a73dbaec14c46b4461,english_springer
85d4347373886842b7eb31e9e4598442,gordon_setter
0e7856dbcebb2268b839888c7972e8fb,malinois
9a0de42a29dcb892cf72a9e7a00c1f0b,tibetan_terrier
28a0a1354d536ede54ac53bcae21535a,whippet
2e7bbac9b93c30169f2cfca57bbf1d27,norfolk_terrier
55222a8edfd3be882465dcf5901d5e15,newfoundland
78028851f3053833c5415a9cd989f9f8,kerry_blue_terrier
7ada315f86155f8f94a63af3657a4986,great_pyrenees
0724948de3506f43cda65804efe79b9b,miniature_poodle
5a460dde2e37294894dc7e2485ba36f3,leonberg
ca555743c121a3e8bdb06a83b8d17751,dingo
7f62b9937dbacb5827ba961e6dd65854,dandie_dinmont
a5e57f1238951796094e0bf72409e90b,staffordshire_bullterrier
e827550ea6ab19bbd4916d9952ee8765,great_pyrenees
a08fc31fdfab13d99e36a64abb4b6dfc,malinois
5591ad33cb935413bc58d4e37449023c,curly-coated_retriever
085faff5f472098801b371f077b2dc8b,basset
77adbcd124ca77b78044211f06ed0240,lakeland_terrier
a8a87c46f4bf134ffd7a72204c83c865,kerry_blue_terrier
4ac5bcca6d783f5d36d0c6b69918b54a,saint_bernard
03f5b638b8f1c83d3097786e40992ff9,toy_terrier
b36026757545d392c8becd69b87bd908,dhole
bcd801a92281322094b9f7a3bd55450b,irish_terrier
ca0125e172368e6807dd69f69534851a,samoyed
19de1db12b3ddc7f2af6d9453c977083,affenpinscher
0374e657c8b3b55579751adcaa7c8023,irish_setter
0b673cd41260b9fb998b0a8ad164b6d6,irish_water_spaniel
53812889b524eae9737e2c488fe7f21e,borzoi
52a6ee471fc937ac0075c3b401a53fd9,siberian_husky
f1842cfc3bdbf485847574cb1b133d29,keeshond
df878b8c7162cab57b3f9e32c595b05f,afghan_hound
dcb46e9b28b12225c4897b86bea16dbe,chihuahua
dac0943bf45a8f3f1a8f374cf72dc50e,brabancon_griffon
364e1ca0381f4ef1a78a0bc0d0e80bf9,border_terrier
bbb8f439fd4a3563bfd4adf9a13f613d,english_setter
aa66749e1fef393bd14b27e0e305b82a,affenpinscher
79deb223049ef9f441f3fcf989897d29,great_pyrenees
0743bfe9525b7a6310a297b11b7e154a,doberman
002a283a315af96eaea0e28e7163b21b,borzoi
88d848a23380b8a5f0140a47ff514331,weimaraner
f7850cfce0e0d79627dfb63d71d97b72,siberian_husky
187a741ca8f22a04de67b60beb12987c,miniature_schnauzer
696275cccde3012bdde81697b9923b6f,papillon
ac73b824dd06d8d6527257edd6147c5f,great_dane
280d29e9e2f9cf53e8deba4dc1d352fb,bull_mastiff
3ec77bcd5f425648f1eec305932c51fa,kerry_blue_terrier
6b1288c9e5e983e77b84b95cfb11823b,toy_terrier
94134ebebe54ced088ef9f4d602018d3,australian_terrier
a62b21ed79d822fc6428fddce9c2a954,papillon
db84277a5adca6b4a349396f6070287f,gordon_setter
b77f9a819d00738b165c8055bd2378f9,golden_retriever
c1191ce52692dce2e821849c5445fb6d,pembroke
6b207c453455227e63d39956445c72ff,entlebucher
100f347ec78a42a9e7c2418e4beb3f6a,affenpinscher
9c5ab09758f935bc9e3d5670d1f14cd6,english_foxhound
a705cbd42cf04daaef1961ebb9b50d2b,sealyham_terrier
0e756365807ec27c6dfd944ba5b442b3,norwegian_elkhound
5dd233e5a5beb31530c71c6534a8bc4c,bedlington_terrier
e779a2c3d07afb0056a1e33298e9eecf,black-and-tan_coonhound
86cbfe570d713b9d5752874137532c6b,shetland_sheepdog
9fc3f540a8973e5d4a212b0a2b5ffa6b,bernese_mountain_dog
f70f325bf6fc8aad05ed7a99212660fc,flat-coated_retriever
46ebb81214e6fb568f5be0495ac7a63e,boston_bull
bcf3f1b3f1424edece51c1275a226fd4,norwich_terrier
84564a69c0d0fa36e0810188943683a1,tibetan_mastiff
73f1953363f1eab32fd6c0728b74da27,curly-coated_retriever
8a4830e8d2f106d5a0c46ef82be96b0c,scottish_deerhound
7cbf5c9694a8b039a2d3b47e64a7f750,whippet
9ad0c52436b1b6c1a34be0b308dd0887,great_pyrenees
5e887fec4d2ef6c13a215d75afe9eafa,bloodhound
ffcde16e7da0872c357fbc7e2168c05f,airedale
69296d494e720d8346e9bf847a603a1a,great_pyrenees
7d1b168750bb09cfe75266cbe85c6ea3,japanese_spaniel
06faa041b335551e3ccf3c239d006425,basenji
8bf58e563f62837df002040db7d84311,chesapeake_bay_retriever
2c9a4288cd58143aebcf77c94fa0099d,dhole
2c85a2b7e16b9395425db3a83616aa29,airedale
06c4dbc5b0ea3674bbc752c4ce76819a,irish_setter
8d628ba3a953baa57b98f46a18ae9f4b,chihuahua
70c412a3ce894c617cbe707f24adbb82,irish_setter
992985d9287168502fa34d6de994e946,american_staffordshire_terrier
019ff93e03802e661577b5869e099dcb,rhodesian_ridgeback
57a12c8dcfb907f389dfa244f2987004,irish_wolfhound
b4f39398a413d13590cef95dd5a67915,great_pyrenees
5252fae4c7a34c3e3a3971b016af37d3,german_short-haired_pointer
010d65bd29d246aea53d9849da142ccf,boston_bull
e79a196a6e1772b9fa6b008b597d3a08,affenpinscher
d7323663e7f5bac3ca0e1f1fa2f6aaba,cocker_spaniel
f811a192eb721accaa495e6722d9acff,basenji
c9d8d9ef676e6b94c671599a28a63d29,border_terrier
6bbc4b93df442ee3182b0a2c46fa8f29,brittany_spaniel
9a04b5f3f77c5513227587f6fa70b7a1,standard_poodle
3f674c39cfc8fc3f421b3b8e69143b70,airedale
9989a2dea7f209379685902c71ddc048,walker_hound
e95daa31113477bd93955ae4852dd46a,staffordshire_bullterrier
f74471ba376e55adf638f527eb794c2a,blenheim_spaniel
0f04466edd10d6c1d27e123399cf4433,australian_terrier
1015e4eba660def32e7e52b89fe3a9c6,bluetick
ec23516f1da6f2fa32048c0920a8ef7e,border_collie
9b68b5724c63b5127703bce31dd1fa65,briard
e81e8496a9826236ee5dfb24960aec6d,basenji
5a9fd734bef94f8a9294a206c85f85e5,staffordshire_bullterrier
4d9be17293b120d6cc995f0a7da0051f,leonberg
30f2346a18ad08659cd3c9b24328a60e,golden_retriever
584a27a01ea4e54d777424d906385c1b,giant_schnauzer
7bebe43f7ed5a4410074c8cda7865ada,airedale
0a77b9015c37f39c92b5399dc29da97c,irish_terrier
955be2ac08466bd001b285ee907670b6,staffordshire_bullterrier
ce5e29677c46c613e9831bd801f2d907,irish_water_spaniel
c31a79ecf4c0280d60c0c99d9fb9710c,cardigan
6c98cfb82ee6bf1083f3f752fd1b9c11,sussex_spaniel
508b1aa3c6a435243aa3b2c1b09fb21e,groenendael
838752f1af1f38f46a015074b82a64ee,lakeland_terrier
e00443152fb5951922730b21ba08f8f5,old_english_sheepdog
06557d54077c5265ecdcd7273c9c38ca,shih-tzu
b33ebbb55eb1b3ff1587deb055529e00,scottish_deerhound
41b02dd6f93364e6dd699ad7a59db8e6,rottweiler
937af3a67d2b55afb480c7c624f470d6,tibetan_mastiff
b049ea9287e3c5f20af982e1977df9fd,chesapeake_bay_retriever
9714847d51d4a74b57857be28f13dd24,border_collie
6785df5604e68d73147da5601c08dc3c,bluetick
bcda35496d68378c027646b90cd49e4a,sealyham_terrier
ccd99c16e1a964e86dc5ee5ba5b2854f,schipperke
b950f361d3be81bdc9cc509dd059155a,norwegian_elkhound
4c37cf1f1efbd31a074dc5ac71b5570e,dandie_dinmont
dd7bd28f48de7a9dd72dcc4fbfe50741,blenheim_spaniel
6d0968a95644baa3d58b0c6e4c00ac2e,irish_terrier
02c90d8109d9a48739b9887349d92b1f,airedale
0fcaccf71de140cfbc77c793e6a485bd,bedlington_terrier
bea765154749ffbccdc2e4321027e3a8,bluetick
e4cb3bc8fc0dd15216e26c00a7b17d81,weimaraner
37bb10379fafdff135f71ac489434f2c,clumber
25982a31ae3190f007a4a072599a0959,pug
85e2b89f5760c7958305b446607be91d,miniature_pinscher
1465759436b4acd2748dd50108b90ca9,lhasa
0d3b46bdc45c8bc24ed89cff69f06ab3,basset
4ceeeab13a29903058fbc4fcdd6cf71d,pomeranian
cf8646d1cee707152f2590d8a7c2c82f,miniature_pinscher
4600e44db916e5f9057231ab96dc6bb9,eskimo_dog
9e876636758732bae4a7e870e699bf74,greater_swiss_mountain_dog
c8c69933448197f54c7a03325fbadf80,cairn
d05051d644e85bde41fb021d0ed17a63,leonberg
35f3b4e4d718f399667ecc02226cc502,great_pyrenees
06ab2182c2a958a5f0de2035f39a0fa7,great_pyrenees
ece252ae0a9e27590c6f30936f4166f6,leonberg
8161ff9d8b2b1b91280f268463c51065,tibetan_terrier
260a6a3079eeb47413c040b4ebb4c8bf,dandie_dinmont
aa68b2a139183a747f9555814280e7ae,leonberg
4f0017038ac11483e95ccf1a66713200,doberman
ad28b267501ce726440c9d5cae4e6f33,irish_water_spaniel
596f4191de1c216a176cb18e01467295,redbone
f56a10d2912140974338c6330e97e466,irish_setter
7d7ce9677001e5fb1502372709dabc52,miniature_pinscher
85af448e04bc04d107502330ff98ca65,dingo
7799fee02fb12deb117bd1162c33da48,papillon
909714da5eb9fdf003b571843a820cb9,staffordshire_bullterrier
cf2851761c1af3015e67d12681c40f11,siberian_husky
fe49341352549164ad921a67647507f1,dandie_dinmont
e9fc775bd40d6d7273ff093fa12a0574,english_foxhound
f8a95fd0eee5042ed2b93e6abd032baa,mexican_hairless
f817cad476ff2a52fbe5b56a422dd577,malinois
1f3e7116441cb09772ddf3ed3cb45dad,blenheim_spaniel
8a35cb0b51977007c8f812204b556883,great_pyrenees
4ba3153abd0cd06521f2bf879455a603,miniature_pinscher
0e94678bb5498dc6df640553bf3a1b2f,brabancon_griffon
098dc5e173d21c229e6ee565d7666b10,whippet
82cdc1108ae48ea5553a795240a73e4b,standard_poodle
96d6f4caa2b832efb51870c55c534275,labrador_retriever
269df6c511205e34bd1bc968351b6277,clumber
cf1b216674bc2d431405ef57d01e6a3e,dandie_dinmont
c3093c45a6da6089d47e6e0f21b9a66a,irish_wolfhound
30c517ade1f44b96635930c26430fc5e,norwegian_elkhound
a7a3e358844d4ae4d423b2754c1d54a4,norwich_terrier
6ca3c20b7b00b635b61d354267fac43f,american_staffordshire_terrier
d37b5544840f1aa6a63de67f18043829,tibetan_terrier
b646b8f2863d2e5ccf87b79024f4d517,german_short-haired_pointer
efec77ba29d2407d82f808cf7ca79eb9,australian_terrier
3c66b664d8de58637b83e78643079428,silky_terrier
2127048d6519984ef2f5e5255a250733,pug
c9c4af524521a8ff906fa592574da9d8,papillon
1934100d2a8d871ab7abd9761f62486f,german_shepherd
5391615209a4626d38ebdc23b1456ad1,appenzeller
3fd302069a546b652bc1a38165d5ada2,great_pyrenees
89f1b9d773cca9a3adbf536a62947262,malinois
8c396c0bdf28e07c823c5fcbb9d6840a,clumber
ab16b0a2feea44546a293be0cf233261,ibizan_hound
3e554e9a381e2c2ed11b91aba1bd03c8,saluki
12d1b8763a1b74c7e40c65b005f91ea9,french_bulldog
1a42e083f36285dbc8f8f6f4d4122ecf,english_foxhound
a930ca18e5688b01f1cb223383faf9bf,silky_terrier
332c413119b474653ecca0f358c85e1f,giant_schnauzer
a019849fb9cd376e41fca11bd5808eae,weimaraner
384de1984afb60c19cacad0df9851260,flat-coated_retriever
3a63a817b357f2c9bd3e894dd154fa24,boxer
2648268c5276c81d37c63d335ca930c1,tibetan_terrier
4e4b8e8dff63be17e6e1353ff2f13391,schipperke
2e007b1898639501474d2199a46d7c93,brittany_spaniel
f1a9a63f0ec70494ec2050de0fd39402,scottish_deerhound
40d48a88a1d0affb13660512f7dc176e,pembroke
c2914cb7fb33bb683e148a568f1e7492,bernese_mountain_dog
3acec69253bfe2d91703118c6fe4c006,tibetan_terrier
57e20e6314599cc5b16474a44511d2d5,norwich_terrier
e2bbe6eedea8520efe8c709d091be39a,newfoundland
7357a7f342db3222cb79574d2225d80d,welsh_springer_spaniel
6f2d05652ec7fc9fa8eb23ed9e49fc4b,newfoundland
a30d63bd1995db9ae684a9ceb1d4d603,redbone
5932cef047797c8a0ad22a8fe3e55ce3,norwegian_elkhound
0a8b6985bbe58a58909b5ef0a7d5a1aa,tibetan_mastiff
8825e9c2f509720b41ec9ae1866ae953,yorkshire_terrier
f485d0ea64f8950b38954c17cfd03d8f,samoyed
d425e6d733d2384385d00606307742b5,english_foxhound
70b13ea3b9dc686b4c7474c44c4d0653,eskimo_dog
8d19b5c9f212ccbc4df8546c7a572919,affenpinscher
9c673a702cd1ea728c1d693b2f684df3,brabancon_griffon
60666d549888377cc4af1c64d087e5d4,basenji
748256d6f5781e0404b63b6e6e6a1dc7,french_bulldog
eafb5a5a9adb3e595eba451f571bfd3d,bluetick
f523e20f7fac8e1d9909d0956a468467,maltese_dog
bf4efb3a9c94b5a92ef3751faa091121,bedlington_terrier
ea18d9dba21ed0af962a29cbca958bb8,clumber
8ab260e1bd12a31b64d2e197033bce20,english_springer
7ba8102be491368fa69e832b3f1cec42,great_pyrenees
a6d97d2087ad8627c78f88f619b91a92,schipperke
28bdfc1f5bb2c5e4794287b4c31cdf58,leonberg
3e1035f74968053507d1fc11db1ad88f,rhodesian_ridgeback
f8c2b71ba0ee8fb0b64a589f12c98618,papillon
bfcbd77df4e01f4c01bb8c23c857ad27,weimaraner
2730ca529b48dc5c0a0cdcd3533151b5,brabancon_griffon
b9f6625029445139bd765939c4901cc6,otterhound
2fc7502eeb040b3a30ef455fae1dada0,basenji
d5fc64a6e484b5ea765358bb74aee4b2,whippet
b73d5a749a07c8e998c1a016a48ed170,scotch_terrier
757b85fc1fe185d86974bb67e3333fa5,sealyham_terrier
d5470b760dc855b84add98748e03bd77,boston_bull
19ac75060dec82ee4c5a72b003e977f2,leonberg
43b2788fc5751dd7a1b6cf8952387203,australian_terrier
a6c8e21983dec5202535bc6ce06272de,bluetick
b63b0200ddbb97df81972b26574959ab,boxer
d42994838dea65d1516398fe86ff80be,otterhound
23418e1e584a9ac9e51c1ab2c804c1a7,yorkshire_terrier
593d494b3c91921a8c6db19d00b8b4f1,african_hunting_dog
b92385d243ab068cccd12337210af6b7,old_english_sheepdog
2ad42314f0d2aee674610d54b060bd50,eskimo_dog
ea81932e294837391a437fd513a87e89,shetland_sheepdog
5ef1542fb842b2a716f7d2ff8ee986d4,keeshond
380fa4d08f0f6134e10436c6226176f1,saluki
0a9f8f6543d0b33fe9474035dd5323ef,briard
549b95fd0f7f43b72a625576828f63a4,flat-coated_retriever
9e0aeb0f36433ddddcbf36154e51e62a,weimaraner
9d137534989cab3200f2abd6d6409902,bloodhound
f2215c687883ed200475bc1bdc448622,rottweiler
ebd981f1b06aed2a15a1de27d9f2a5d2,kerry_blue_terrier
e4f4ecefab54cba3356b0c8bf7ce4fee,bernese_mountain_dog
4cd0556f7cadb4f40b7dfa2d2796b5e1,doberman
f0019323b5b8b321160c8199bea41118,curly-coated_retriever
43566e664cdacb3393cb614a8713ea63,standard_schnauzer
2a26dd719f6ab87fc13eb834d9a9f8e6,toy_terrier
ce202f5b214ad2646bc52398fdef426b,cairn
d216b973bd75fdf96a9566e159f5f286,australian_terrier
d3db2b7203e86288b3222d137c45f679,staffordshire_bullterrier
e062d6b642e375e2b3d15057f441163a,dingo
f2580ac6cf1bb3317c661133fc3bc7b6,blenheim_spaniel
aac11706ef19a09f6884615c4352a0b0,silky_terrier
32a0fa176c5f069933d4ed4f4088e370,chihuahua
e1f5774f729e887a7314dfaa8fcb0b8a,scottish_deerhound
1a9e5726b767281f2d5b2ed8aa593e23,kelpie
aa94045f0221be29ee6508361b4913fc,airedale
8f801a4ef6ba82252569289352a152d2,tibetan_mastiff
26e08dcdcd3dbf6da5b537c7f8803c0e,gordon_setter
88110fa3bbc63e4a6451f8b94f1c16ad,brabancon_griffon
af87254221899ae2347592b26f23a449,entlebucher
d6857f130c251f01ab973358cbfccce1,boston_bull
8135fdca3481207ea69171d80592043f,irish_setter
29ffe86d2ec850780e4cbe1539290752,bedlington_terrier
b9cc361e5493db5effda92f09ab61f92,toy_poodle
6a35c6ac718976b465c67e6067180601,bouvier_des_flandres
5b9dadeabe6829c90a59a6e7ba9ceed9,afghan_hound
76f332f9bc92a0ede6185410b21065ba,italian_greyhound
9b2472991fe3434d0b36f83e8cf5a03b,chihuahua
c7c6ff42d5b63555ec23fe5170fdcd90,boxer
1a646db2bcd4bc5d0ddf52d24ef99e12,dhole
523de770c86c03d6551a6f337420385e,norwich_terrier
8463aa43d88bee057082434ccc806bb0,bernese_mountain_dog
e3aa1999ea72d13102a3810d312b49ba,basset
83b3d0a8769f183d2386164bf16baeb1,vizsla
55d9a7a44cf8b0791276bc94a57e648a,border_terrier
fee98c990f4d69c6a8467dd0f0668440,greater_swiss_mountain_dog
3a06c2bc81ca093c59de497d7bbef5aa,bouvier_des_flandres
1f23cfc7a7a6e62870a3bc75e33a82dc,beagle
181e91cb6caf6739478d06231faa053d,sussex_spaniel
67b24f8be4329467e8771489f723e2d3,african_hunting_dog
588c24329e981774b6b188a658629329,boxer
dac080b6ac2c9d3013b3762e45296955,bull_mastiff
ae7e1799c6476eadab886c2e3caddf62,saint_bernard
cf0973fa8d11be069b23769e781daf9d,vizsla
269a6aeefd8050aafda02044c9cd2a80,norwegian_elkhound
e3a6203b61fa9cd2ffad92ebe31334ca,silky_terrier
2b5743e28127da3447f4cd45e81c8f68,chow
4ae4d80eca630ded983a3fb845baa67c,golden_retriever
47de77a8df3e9133f254478db1f97505,lhasa
24fdea7f3df1b2a7e2cc4100b7af81ac,clumber
2a9c12d4c284c8d80844a8797daf7f4c,irish_terrier
e85f6d7af1405365c8e576d0a0aa7a2b,briard
d6ab190c782baa4655046bf1c8542973,pembroke
df46a6469c374b869375ef18a34bfe35,schipperke
37efdfba2aa0194dbf6a553dd53607df,tibetan_terrier
ffbbf7536ba86dcef3f360bda41181b4,weimaraner
66c22f37d5db2318dd6a8f8bf0978180,shetland_sheepdog
a744f11051daf6c9bddc47fd757d0bb6,bull_mastiff
0d74e47d162e023bb1ae5aae40276fd6,siberian_husky
30dd03d1b558bc072215c379d4af65e4,otterhound
611a30b0211c0e907c7122c5850f8246,leonberg
560100152f7c608aa8e5ae4e6321395e,redbone
21781fa733040005ea99b6d23829dd82,bedlington_terrier
42d2ca5eb80634db250e8b2db9f13b08,japanese_spaniel
bca1feecf7cb3a75340527fe79152a3f,west_highland_white_terrier
abe55e39cafb1abc85bb6b00376222f0,toy_poodle
8199436be9930c4cc9cb747199b316f5,mexican_hairless
d3c5a926ccc8dcbdc1a584a7acdecb61,airedale
13feb3feb14fe8aa91f70411bc1b10e9,brittany_spaniel
340fefc7ed26ad3ec072944df5350094,papillon
cb00be608d3c2559eb807386e3c84e1d,collie
329cc823101c76d6f7c066d05f02d5e2,old_english_sheepdog
4b66e3a702acaf31f438fbc12a529892,boxer
a6c9f19bfb2b8e23d5e73294704d842c,vizsla
d4f4484540f2edfea1df2c36b536ba48,dingo
88928ad88da921d74a26acb27fb3028a,scottish_deerhound
4c5a1eb9bac301340ca697e8bfef1a68,miniature_pinscher
b993bbf484887455232d9954827b0cee,australian_terrier
fc6abf69e1581b95734830af88c636a0,giant_schnauzer
64051f48863887c4f01f0cae1712cd47,komondor
eb909c348925d451cdcee84eeb21d15c,whippet
2f134ad25b7f825ab28eb2a5dba0c638,scottish_deerhound
fdc614c16f54555064a32bc94522b4a4,curly-coated_retriever
f6652a6cf81ed972d896b7c51e6aa39f,entlebucher
6e240c0e08f54b9cc4fde62e7259d9b6,bloodhound
14b1b3f0d45a15766dc02dc84899b07a,boxer
015b4aa50dd9b4a0d26dc0c38f41b489,irish_water_spaniel
c90e3c991d6f2c79fdfd233a09f64f99,beagle
db5d30c5c1c47af92c4fdfe59282cfbb,shih-tzu
49fb146aa2b154d1a2670e558e7e549d,malinois
3fc2dde0964144cd07747c740469e60b,great_pyrenees
c76fed6a1fde742765e9e78347dcf664,briard
6e8c5b35a8371c1d36be6806e9a3c278,toy_terrier
7ecd9ea72881883e8a0c708425cb9b2b,scottish_deerhound
5779e9d1de839010474af1df2b980806,toy_terrier
b8cc9c5226ad59f53538f1f04b2b426e,basenji
a81befb939cd1857c616da33034268bc,kuvasz
790ca20d3532a647cc20751fc063ff1b,bernese_mountain_dog
7535a9d2f9d83760c1be216e7dc1a00e,greater_swiss_mountain_dog
ff04baf19edbe449b39619d88da3633c,gordon_setter
b62f1c768b5eb401fdf27a4fc2b64cf5,papillon
0aa31d6ecdb95ac7d3b7fa42b86bd91b,old_english_sheepdog
c87d6967fb9aec26a6ca305368088610,standard_schnauzer
3dff9244af2b9668a99c01f053b4d682,lakeland_terrier
1c5575083fe9e346d66eac01d2cc5480,border_terrier
6a48651d0812c1d48699371744a831a9,toy_terrier
80bdf89655138d620169a90b6dcf3993,toy_poodle
64d8c521cda2eeb0362a910c03407bdb,borzoi
c52852b1d9ab94c9ebb948c38dfd1bf3,blenheim_spaniel
fd2fbb4ff4bfe775d0267f4737c67521,kuvasz
3b113132e805de2e4826f4c7c0290572,collie
5e7ad2e482036f8599e0c22e11b04613,shetland_sheepdog
f82a2b46267b6d4edc62c76ebdb0fc8b,miniature_schnauzer
9b2b87ec7679c63db2d4061987e732f4,rhodesian_ridgeback
59edec4461b21ba67f432c6af4d0e84a,irish_setter
5366788240f13bba024baa503b888cd5,sussex_spaniel
8d7374555bffed40c4f77a55d348f8ef,welsh_springer_spaniel
26564f73942083a302df9d6aa23d7acf,australian_terrier
1de3d9144ab097bf42870feac3c79201,dhole
2bd7de172c5d3df19fbd1e184cc55e0d,bedlington_terrier
e87a86f29c8709e81bbea9c8139d739c,bull_mastiff
36236e6d217cf1c81e7618c4a85d1acb,tibetan_mastiff
a089101ee54c8a8dade827acdd75e90c,border_collie
c0ca40ffa35be4d2772870794fa298cf,toy_terrier
492a258eb1dd8949d46cd9a65a90585a,basenji
732102ad631c810b69e13e1c8ea06462,italian_greyhound
4ccff1dd3a0e3dfca18e8e1b80d883fd,brabancon_griffon
57926baaefa51fe0de7e2641edb0d644,irish_wolfhound
6d442a4b0378d62ef6127d33f0acfc81,german_shepherd
e79f822b26adace4455db1fcd94ab47e,schipperke
7ad0e25ffd38d42c1111ca64b54430f8,standard_schnauzer
ccf7f33997edc88e2a25ebbbdc825105,sealyham_terrier
4786ca40de4d33cfebda53968ca10ed4,kuvasz
8f1e25e2485ecbce36b765b5a992549e,dingo
012ff2d21dad14452ea16b4cda7eef4c,toy_poodle
840b67d26e5e43f8eb6430f62d4ba1ac,leonberg
7a378a3d9b8ec957aabb276ffc94986c,west_highland_white_terrier
db3e4f1de38bee86c0c1aba6f847d6db,groenendael
8dbe74d29b6c3839cf69f03a40d397dd,blenheim_spaniel
ce3f73cdc0a7797ef56afa3745af7985,keeshond
ec8f1e4f39702089c985261d50c0c29f,lhasa
9529b8093aeca32d8828004347667c44,komondor
dcc865c3a438f9d0f8588dd7d1e0aa09,labrador_retriever
8d622ccfee16bb45cfd55aeebea08687,collie
4a3159c6a7643f6accd3e1f71f4eebdb,australian_terrier
b141511bd1e9f3010faa8582dd85303a,scotch_terrier
5e7623086296cd0a772170bac48381b3,vizsla
83cf7d7cd2a759a93e2ffd95bea9c6fb,lakeland_terrier
8d32ca9b3faddc11fa5488ab18b4cefe,chihuahua
7c036cc0f15aea204c2760897410e799,english_springer
f6575543e0456836d1fc6871e586a6e0,pug
9f682747d236dbaf8c530933e5dfcb44,bernese_mountain_dog
8620ce74bccbbdae679f6db87264c233,dandie_dinmont
470c7f1c9620313464b3643fac529e86,schipperke
6d49de8f03116d2fcf3eb6942a9c6233,airedale
9fb14d359862987b31fee92145566e70,malamute
661bdebb4861681d269841c2e7b69948,japanese_spaniel
bebd0cb48ae4b4d3cf9ceff4e70ef1f9,german_short-haired_pointer
e0e54245b5dc9d5f66cb1012bae1a10c,miniature_pinscher
be7e3d9f900baa5f8b62c3a909ba5a67,leonberg
2dfc5a83323990d5e42e2912dc1a884a,bouvier_des_flandres
ba9616b899da4c0623a21eb2404ab1b5,silky_terrier
c075c594a9483e562e8a2a198f384c6b,weimaraner
c20aa2f09a18bcbf98b62c0bffb3bf0e,eskimo_dog
e51781dd757f5355fdf5f0b5872b6ae1,pembroke
024fd994941146f8dfdb38a9b2b74efd,wire-haired_fox_terrier
f80ad50586c794ea8555e3bed23e0c0e,otterhound
0c4ac597d196aaf07f3af039b8fd6925,vizsla
d793a68896bf50ec6b19adbf2770b450,mexican_hairless
fb9ee245256bc5c3e14f32c8c69cf6a8,pug
5f49abbd269cee0dffc6bcde1daa6bd3,basset
ac38f7a08bd51ef93c400e5d2098db92,cairn
dc3d4d214533950f6465ec2483af39c0,otterhound
4106bc7cf624fdd142cbf0000a53640b,great_pyrenees
2d96d7258d31f2e7430c91ce4cee2cb6,bull_mastiff
73e2071bbed04cd23dc37b8354bb28b5,australian_terrier
816da6c9a52fa67ad45bee98657e541b,saluki
aeab7ea2dca5c298c13e87eab4a654cd,entlebucher
897ffbc20e2ee537a3bf595d4cb0895f,tibetan_terrier
72a0a277c774fdac2a7e0e359b059d81,french_bulldog
04cce0cd53c6f01d242a49e43de513a1,clumber
8357f2fef489156a7b2eddd9b92429d1,golden_retriever
30298037be3bcc4f1c2798863d8ad579,border_collie
72a718aa575dba137f8c54c69896acdf,bedlington_terrier
c30fa1c2e03315c58df49b74e9268b93,maltese_dog
44319f441d26386b33ab470eb18ed44a,maltese_dog
07b5288a0bb8b9cf1a42d281a9451e51,irish_water_spaniel
a00b7dc2280db885250308a5fb1d33ed,appenzeller
bbdcf5e0c3c76f8ce4e1edf534a1545f,flat-coated_retriever
4fc14336c3d48b5dea196f90020a8eff,pug
88564167e9ff649f5dc9e8bde3a82734,english_springer
dabd93944d34d72b6719c3e99ae2694a,yorkshire_terrier
51e9383e1158e6ef4bc8213c7a279a3e,english_setter
3f5b2f820634bb1f75d4c89627e0e8b7,bedlington_terrier
c2d9baee3714a8f3a6acecf68dfab93e,tibetan_terrier
5d0f4a2a6c5cacb5588a71c5c6d3cf0c,great_dane
7616151df0a316bef96662cffbae0efa,italian_greyhound
274a3faf8f8e654e7d75882ec0abf047,blenheim_spaniel
bd69b10022556a234eabafbbc5348bba,komondor
01e787576c003930f96c966f9c3e1d44,scottish_deerhound
da37b8c9ea48f3db36bd638b290980ed,komondor
2221e11c28a2a03cf81e5f024e28c585,toy_terrier
c495c76907568ee68be1b098d5a04f6f,labrador_retriever
def67b643b92ee3d6cdec1128df0a9b6,pembroke
4d55df003701ba79f6a485bdee850f3a,great_pyrenees
dab33799bceb2387a3daea652bfd8773,norfolk_terrier
9aadfae56fcec73fb13b370ed98599ef,wire-haired_fox_terrier
46f4367cc34c84f02b25a7eb7205cb3e,basenji
3fe38b30abae7147cf67ce083389943e,dandie_dinmont
0e708dfe2a8c60849a4b625eda57d118,groenendael
e6e89b7a7579de5c5ced94253491953e,irish_terrier
6b3e27650cd2f04aee114edf173f8bd4,miniature_pinscher
6c345a9d3b928327ea2785a2f6b8190e,welsh_springer_spaniel
b20fd8f849b2460dec6c505d2c342ddc,rhodesian_ridgeback
99182fba5c37873fe94ebbe9e5b7e298,vizsla
2aa6ff31823ad1627e8b98f7aaff47ef,entlebucher
6e59216a1f0bfaea9786baa43c90ccdd,doberman
d6525a312a447edce56a6a10c8741afc,borzoi
e614058019fbb49489ee4f9090cf25ef,samoyed
1c76aa98ddb88daf73b28701c722817e,sussex_spaniel
af2da8ee3367dd69472b5540750e7afb,rottweiler
61eac66456c44895c40b409eaaf60882,shetland_sheepdog
5de0527fe39bfb1d9649abe76b499f1c,african_hunting_dog
3571a97bc52cff6c31cdc7aa8d9f0617,standard_poodle
6594fecf49833449742350ae387a46d4,bull_mastiff
396ef6a16b8640e1e5b69f872540776f,australian_terrier
87001075188b63c8edeb2ffaf4cdfca4,chow
f610363215fd1f00edef4bbf9b3caba9,miniature_schnauzer
d52ee32a4263a7c0924a0abc49f91acb,german_shepherd
10e2fcf8d3292866bc93d1048cec7962,briard
59df7d7a2707fb4e77a61d507b68cb07,pembroke
1438ea6672622b5867ce2fbcebe6c552,beagle
7d1a2c40bd3d70e59d803c2aad054a09,west_highland_white_terrier
4bafa4d48d31c4291c67a7f29b64aed4,saint_bernard
86f0e4abee677119258764eadc368b9d,beagle
f8271e8e638b9bab6a0d3e164874dd53,rottweiler
bb8d85a0318c0fd0269f60b1cf579baa,italian_greyhound
0ef688efcc98bc287976c3d4d8145ae8,norfolk_terrier
74f02cabed1704fcb0622e07cef3f648,appenzeller
bf4bfefe73ca9e7b22c7af5dd75e8e36,black-and-tan_coonhound
ca03b339263e225c1d8ad51c7bfdd9e9,greater_swiss_mountain_dog
d476405a5ee545d4acc5d6840d7b2054,malamute
94c4a769c0b1944dcaefbf2588952a44,keeshond
5c00367e840b6b3a1defaf75878967ee,flat-coated_retriever
64684514366ddd73a109ad635f6f0148,newfoundland
4881c807c3eb2294f762088eb80aa5ca,shetland_sheepdog
37e96534152743e871174b98424ce638,bouvier_des_flandres
356c4208d3298e914c96d6de56328334,samoyed
d686e2bf8438d2a5c29924efca616708,schipperke
d8e9eadd8cdaa3a14df6c8351a09eb00,vizsla
ef0ca2e519acbcd5f7f03a97acdf0ef1,pekinese
215e7f1b05b7f8ac72bd64618bd3d25e,american_staffordshire_terrier
a15a34f665a19be5fff0011601e41e14,borzoi
d974d73918177dd97349f07bff519f3e,chow
3b4cec19f75467e3c972d2e300d489fe,entlebucher
b2e57528bdc9a6a67868320e9a56a492,doberman
87a8f6b9a0e618486e67662a133e9e61,west_highland_white_terrier
daccbd24a803594b1860570d839ae3bf,brabancon_griffon
7282ffdad57a376830a279865a0eb487,malinois
bca7dc1437ea1ba4bfb4739a99520492,border_collie
c36626ef165cd73783a2e760aaa2fc72,cairn
eda5e03fc28a7fd651cd1a7b864ae749,staffordshire_bullterrier
bcbf5ec7a0cddffc15917d416a90c6f7,cairn
b92326736c446df97a64932c02113b47,african_hunting_dog
8d06f684b12bf2c64375acf001cd8285,japanese_spaniel
748edf024aa0ca6493917ece530b65a1,airedale
8d081a85379005be35b81747dc8873fa,border_collie
856cb8fa7ff3f2387b66f4119c800af5,chesapeake_bay_retriever
0c64a816fcd8aa13dbd4e874307bad51,old_english_sheepdog
e62630fa77dea4ee5a100e23edc6d061,beagle
595a9c2028beee39697e826fb5e44192,standard_poodle
aee76a0c645d9e2d728ed283c142d04a,dhole
9aa1d1b17f8ddf539f968adea55120b8,leonberg
8aa1bde6dcb15816ebaeb23b55f9c325,italian_greyhound
1e12e4d3eb4a6e201683879671d7cf0a,miniature_pinscher
c56ca357ff472cb75ae1bb0fb0f16f6f,scotch_terrier
af71c5531def7f83df30ca3990050d66,bedlington_terrier
041d0d6a8d110b35a3795dd5c68f9a36,american_staffordshire_terrier
187eaac78834950c66b5737394cc0f13,kerry_blue_terrier
d84cd331a97cb5ee7d08974724f7055f,boston_bull
46daf677d38d97d6ed2c5439abbcd8dd,borzoi
e620a0807519a406a20dbe50ebeb1b1c,italian_greyhound
cfc1665abbfdf9262f6d452769db5acc,sussex_spaniel
8c6d252c208a9564a72522e6592b12d1,miniature_pinscher
55168e5cb057b6425ec04e70ccd76da1,boston_bull
bd4dc4f436e88c6b6418140b33264130,shih-tzu
9f3e89f1166b8a5b9161d934c8ea79c4,boston_bull
947a24f75382955fcaba54d61b83cb96,border_terrier
fd229a951f5a9f2439d4f6c2c51595e3,kerry_blue_terrier
6487f0f5886fa4e46ef422d8069acb8d,pug
f89b4055956d7574c6597a92e78ee149,cardigan
59f13ba2b497debf4e6d2fbc9d1d2d5f,brabancon_griffon
f547c95af25d09dc444943724396a68a,cardigan
bbb3573b1f9a2f3ab1b1d62cc26a7b88,airedale
91fcceacb76b43385198e96d1f82240f,english_setter
d958476b5a7e9699c55c0d3c9af0043c,brittany_spaniel
cf01fdc8b8deede04eb88f0aee27b2bf,great_dane
1f5547307d94808863edbbeeab45ebee,norwich_terrier
615f690304a7dc71e8e1a5d8086ecb20,pembroke
c9ae8cad952c04be0da3d2f9da5c61e5,sealyham_terrier
cbe3751367be368a090cb0b160bd7bba,bluetick
47ba3cd4c85935ca5c763258c26607ea,shih-tzu
316e0911e624973352370308c792e060,bedlington_terrier
8573ec2d5e4700ce8b74091d95b50603,norfolk_terrier
c87f27b3b22233dbd9529604630a7767,pekinese
e76a6bb8fdb21c7fcbb4f9f06bbda574,german_short-haired_pointer
9fbfd7b551343c7e18cb75fd2a8c6409,basset
10f7757fdc673e159e47ea20834ba551,curly-coated_retriever
8d91d75c382b8685accb5aa89e5ba489,pomeranian
687e97e0987d363c02984318f9bb72fa,kerry_blue_terrier
deb6be36f63461d4f85c2233f0f25c6a,african_hunting_dog
f3c31d575505827557a5fe80f7bba070,schipperke
1dc44c282163994a08cc05a9c082f960,west_highland_white_terrier
34aad1fd93c4dd674fc8c77d6ba5e03a,great_pyrenees
1c32819dd77f0ae25c700670d4d054dc,mexican_hairless
a35abb795e84cbe8ca7813ce4b28a756,great_dane
db9f0d772b4b3b2452c7d6f92bb35f9c,cairn
6e2ba14aa4a753d6f5ad94ccfb2f666b,briard
6985868ae61fe1bf70df21daab794219,pomeranian
c013b74dd463214e272a09400d1ba088,pekinese
1e22e0538fb7aa3e9ffa72fc8244c182,gordon_setter
34fd564536bf36b1eb64b7861f13e3b9,dingo
55877fd6274271bbd0486e900233dfb7,afghan_hound
5f14fac852ee51524997243f086e4ea2,norwich_terrier
4c2218069e2d1ae839bf63fe5473928d,toy_terrier
04f9e2da4b6f5adb9b9d62eba66ba991,airedale
656f928b521e23eeaffcd9e432bfd0d0,miniature_poodle
2ddaeb3ee36cba02e028b809a4c88ca4,ibizan_hound
f955bc6cf429a3957922f4155689c857,borzoi
5fe834580c4a99afe91e9f023a159f6c,kerry_blue_terrier
989ad181026cc26dc11dd6f31306f0c1,bernese_mountain_dog
fb80f89c84c6c2649964b574918e02d6,newfoundland
724fbe5d721aa0296333c8a4b967077f,irish_wolfhound
3455f0cb647857d2504b08ad459d44ee,scotch_terrier
6485a03e52b82371893d26e3119514f3,maltese_dog
f5940c13d959f10561fda7afad8510c2,leonberg
79e5eceb21f356f2588ae36ec2c91599,kuvasz
a3c934375f373943efe9fbec8af54fff,norfolk_terrier
98948082d4faa052198208a4a8081ef1,basenji
073bb2f975ee39406e692e33364762a3,bedlington_terrier
23bd48ba6a538419e640ef14f8342e31,malinois
e5128f2c854ffaa8e53b917edd0741e9,old_english_sheepdog
9e81e7884652773e257986e45df70cb5,wire-haired_fox_terrier
48495e7cb5c251b5069d8615ccea9826,bouvier_des_flandres
4d705f069d5a67c6132c386cc25ed117,english_setter
6640360f7db7c2a66818400cb9a290c0,basenji
97b801f08019ef3ba8c974e5f6e2fb46,collie
3f7299b9f345fd0fbaf18cff859c8c1d,lakeland_terrier
a801bed4876123334ec0514da4642b50,borzoi
7cdafee4c2cf72a1b67762a0e3163b8a,german_short-haired_pointer
c45f15470d6627726ecf5f80dc299a76,bedlington_terrier
5fb4bbceac2770ffcd84418f82e333c6,bouvier_des_flandres
7b24d09942636357222519c79badaa20,bloodhound
f2d229962b94228f494c9cb3c0ffe740,labrador_retriever
9f4fe127f5ee381c9c38660c08c71971,irish_wolfhound
33841dc1479dadaf29b7d2c84fdc7ac4,lakeland_terrier
59e7f4cbcc0225eac2351a454d5515f3,labrador_retriever
a4e604d242c562547365f464e38e4b13,newfoundland
5cdfe257b5fd7f189e724c8f54ff4bbd,affenpinscher
aa2d66804ee69b60bc090da5f2ff37da,great_pyrenees
142ef9990b3db0d521f87f9133a6b84f,labrador_retriever
79996b812c79f6301e408d014e6d8e46,west_highland_white_terrier
19913fd83b0011c107db05f1b739d1a5,newfoundland
b7ee7633af99443dcad5d24677f36404,pembroke
dc5ce2648529adf29ed15b7180e0850f,bernese_mountain_dog
0811e959c0fa3b1c7af6be4f645a9464,papillon
2e9c04fbf919d4bc2222a64fb15bad75,airedale
69ba753079fe58a8bb749fe4bb0beb9a,newfoundland
4390ec0ddb52711687825153550e0f6c,norwich_terrier
e7f4f3c25291884f2dfe7c60051d6949,pomeranian
20f44e34fa743c7b6bcbf960bd7ac4d1,komondor
41bbf137ce0188e6cd50ca51eb784844,newfoundland
d9028d963306ad99dc5f55b94bc47f5b,golden_retriever
db3cb1060eb49e6fbdbe08082b8626d1,gordon_setter
6815af65031d53e092f1dc7f2e6f36db,bloodhound
be5893c02de466a9b1eed0ed4d66a87b,english_springer
040fef64640b89c53f161b6c5215b78b,affenpinscher
9f4d736dd20e1d3e13b60119f4aafc2c,miniature_schnauzer
2bc117818e426ecd086f7c7435a7130b,otterhound
311e99a9c864d77231937854e77cb329,tibetan_terrier
2bdef95fa13aeaf3cc8cc19a04963a54,appenzeller
fba73e53151cb751f9c22e63de669923,pug
dd82e748363c70f532e630c5197dd789,west_highland_white_terrier
a7035c27920c29332a8b12cf0d03aa90,lhasa
5378e91b030e6018711e6eeffb45d61c,clumber
3c4172f7dd8d5c7fd9a7ef6ea307eb42,afghan_hound
de93a60e4b3dd5518460dafda4a1c8b5,lakeland_terrier
7f3e919b6cb9ed863c08091e2e863cf3,french_bulldog
d879e7d42ca6540a86ec8c5c42b8e167,saluki
8fde47266eba1478489404c5b5282b4b,collie
566c80fd7885e3944139e9ceb0df54d0,miniature_poodle
ac5bb7ba4513320fb91f52a8190a55b4,australian_terrier
bc3f7ee629b6ecbc058f6e24b823ba28,miniature_poodle
acda07106c58300bc0dfd4b8391bde20,old_english_sheepdog
f38dc765277ae9dc0bcc677dd8685c3c,english_setter
f8a5dcec60ad103637c39b31d6dadaef,groenendael
3760abb0f26801508f64c4a22759d4a6,whippet
c7d8a86998c9970e0d398192a016eefe,norwegian_elkhound
a6230f82a77ecf899cdcc1ba62073084,doberman
86870cfcbbd37fdc446f2371ba087e3b,shih-tzu
b6441584ff99c3bb376c67e0bc411c47,brittany_spaniel
566d22b5ac9756acaccd91e7c6ac0ddc,maltese_dog
f3d77f8157d981c44a1290b57cc03ac0,sussex_spaniel
ac597b01b21a68f14b1d57e326cc9184,saint_bernard
4478c81c9391174de6acc2afc2af3217,rhodesian_ridgeback
d20381f965804795464f2e1d77dabcd1,brittany_spaniel
e915b76d7c4c65ad14a3b808c5f6c9a4,curly-coated_retriever
aea2976886dd8b79a498cf6328d53d65,bloodhound
494935802ea0cd133ac9e7cc8a7fb72a,miniature_schnauzer
f8e530f56e73403c8d69d29fbc391a06,great_pyrenees
1f443edbd2a9e5a77be5d14262b8bd66,scottish_deerhound
84c6bdd4bb818edd4c088f27312d028f,groenendael
d247349a06da617a7d7c54281121cebe,dandie_dinmont
d21c01d3de8cc6d3c6dd3efaba226412,australian_terrier
5d6afe64afb28dc45120bdf49fa51d0f,borzoi
392bf4eb03d90228e2d37e42f36837c1,standard_poodle
e9d78bc07d863ba45ccee1a6c872182d,irish_terrier
9a0b645559ef189a2677dbe98e70b08a,japanese_spaniel
de4cf4fcb0bed47267572b694a77060d,miniature_pinscher
cfbca2f86b0f5cac31ed9b41d9482661,dhole
cc3ad59842c48f70b1ca9b323e5f09d2,labrador_retriever
597956ee823df91efbb2726b15b059c6,border_collie
debd010c990b4217cf5a3d6235f123a7,italian_greyhound
70cdbbb14c5b9f8a4f3e6d4af28fb1b9,basenji
ae7d5f98febfb5761f789e0642ab6cbc,gordon_setter
0769e276e8b9b992a3fcd6a10deee6a7,bernese_mountain_dog
17e3b8acf23f7943b04dc680fc1bda0d,toy_poodle
491e4b8fc7676f9dfb6b4858790cc077,airedale
c2c60183f18666aaa714efeff54a808a,yorkshire_terrier
a5c070dca3f40179283251f1a1184bf2,schipperke
e34ee9dce9546a1b520c1c8a3badb605,curly-coated_retriever
33c24b1ebb9ee4c6b2714cac928f1803,dingo
8810923d4134c41b7ca0e8543c31ffeb,italian_greyhound
fad30cde8ff696cba83278a55a8de87b,pembroke
299fbfaab6b6e34e25b67d0acb5f22e5,french_bulldog
ea12edc949e2572580fa237d3daea938,great_pyrenees
8a766975e00b9ce3b75899ecebde5a71,gordon_setter
24eff2c8a8903d51bf1c1888351f6494,chihuahua
c05756fc992ab5863853dafe9cf50675,irish_terrier
d4cc7be2d2a5a82d840c5d0d6438dab4,irish_wolfhound
b74e428a933c308646bf769d309e7a8b,english_setter
bbf29c0682dc5b3ff78c810053aea0ec,norwegian_elkhound
079e17a742380d333950962f2c83ffd2,dingo
1d7b95ca93d943e74adb6f6777d3ac6e,bull_mastiff
0bf36935030d2b842b86526bdb367ff1,ibizan_hound
5662700344c5f0cc5ac699a6d67fe1db,boston_bull
de477e14f0f55d3b3f591f137d13a698,scotch_terrier
7696ddcd73ef242b1a571a415f8382d1,pomeranian
6ad81076a0d7e9dd068147a105d4caab,dandie_dinmont
b4b902c850a291cdfbf36335429f5230,flat-coated_retriever
d89849a8b1519f2b26597dc4b405c4c3,greater_swiss_mountain_dog
6ebf1c0837a6179e5f96f6db6a0700b2,miniature_poodle
a341328ad1bca600b3a8a0bb0cdde1bc,weimaraner
5b91fa098370a51b767561a121513b44,gordon_setter
db8cdf3de2c08f37e50c29b89a0bfa2d,kelpie
8cd51950e3f5d3d119d195bde1eea9ad,black-and-tan_coonhound
1a8e795682c930d9c2a953495cdaa54e,cairn
aa709b13301acf8e0410f08edf4aa44e,pomeranian
e56ce32aeccac2bfbbcd6eb80ab337da,shetland_sheepdog
2f75ab25f6c6a09e892137029497b06a,scotch_terrier
b626c49f46a7685b9b4c124db95cb4fa,kerry_blue_terrier
f8f529ee9da3f9edc72983ee020f3fbc,greater_swiss_mountain_dog
e8baa7663b726cad8eefb319ca7d8195,dingo
a00af55eaca223de36018867b5cf729f,schipperke
64dd586a1d08937d20618233df2e5dbc,lhasa
123c19c8d168e7704273cb7174351821,vizsla
1f5ff1ba1cb533db815435e9d25b80d5,airedale
1cb0e898706f9ce220a52561f5a25f85,blenheim_spaniel
51d079f1a170905aceb76ebb24128fa6,cocker_spaniel
fa0561b43695b11a89447ae47afdbfeb,english_foxhound
d146d9004a5895ed0efd91636c751d74,otterhound
8781a1822fe617f9a70abf9d349a0c8d,boxer
c847b641c1424f39725470c28bc93262,bloodhound
298eb62d8d5e839db0a9d995fb55e7f1,toy_terrier
b7f1bfdd7a26c4eb24edd61bbc842167,curly-coated_retriever
e9fc49ac28d4f84579f5621bccc78470,cairn
6a2d585e4e677aaf889642b72e61077e,border_collie
1ebf07f4fc0f44b6befec9aa3cd8adbb,beagle
56d8f721dbd5080765842a551ea9e073,otterhound
beaa155f4a9f24e2fd3cf4b6e94dc1ad,norwich_terrier
37d64a9f655d5cba312871de55c3d194,norfolk_terrier
fa6e79c819e06406740a88773b7f035c,whippet
e7f2f67cb616281a89fc77a6bdea6eb0,japanese_spaniel
e15b8ff62b03b844e352014b16881251,bluetick
e2164f0cb48f319ce4e7ca70d82d8754,brabancon_griffon
c6ca642c97eddb5c3d206d0c473f3e51,lakeland_terrier
5ca52df98ea1aaaf527d1ef4df6faf3d,english_setter
25c47bc84760dbb01ca2f96bbce9489b,rottweiler
c33b87c9fb7199316fe5182751ca38f1,sealyham_terrier
c9225fdea1d82387cd5b8bcf30ed9df5,irish_water_spaniel
4816ca55205638e0f3562fc9f3a46202,schipperke
6c293c8261201e8b45c3ea35c90eb59d,english_setter
1fc94c31099ae9b6be417f5d07b4f61a,beagle
db05ee54cbc55c69f155cf90cab5cddf,norfolk_terrier
433e931b6c4bb1d28fe65e8f35513248,irish_terrier
6eaa58eb9a9f96c8474607b72387c91e,american_staffordshire_terrier
daf558fa86ca539f975a8af9e2f6ae11,flat-coated_retriever
edce5253f5d09d42011e5b0f84d1831b,cardigan
08782eb5ac167ca5f8feaccb519e9b4e,cairn
f9698ad44b009757cfacd9f171310651,clumber
9ff9b9fc9fe47a3b3d0bf54ce40bcf5e,flat-coated_retriever
ca01a96cd44e7add3961d9684332449d,great_pyrenees
c59c7960ec3d5ca79757cb5f10e8cffb,chesapeake_bay_retriever
8e1aad62d6bd523796d7c47ef8f020a4,kerry_blue_terrier
1f0b77edb530972669252af831ab9c16,borzoi
b220bfa6780f5e36871117680bed8b03,redbone
d37b46b07275ff05d76b127f046c433e,malamute
79830abe3ee01ebd66d13324aa69ddd2,sussex_spaniel
0206c12e8984e3c8a166cc272de25d6f,chihuahua
2a9f524a0bb54c854034ee0fbf1aa4dc,kelpie
3b2d3a1afb6c10120ecb6ad99fc6af52,miniature_pinscher
de37d314715709b183d88ec82184330a,wire-haired_fox_terrier
5770d8cd6e141c819501cd0fad15151b,border_terrier
433b72e0db28d47b76a7fa8a1361be0b,toy_poodle
f02c7f7b30bf8535b9feed3accacccb4,scotch_terrier
08ea655aa168d87806340c336d07f1c9,dhole
278368d6d4f4efe53432c4856187c299,kelpie
155052199dfac47b3a1ccbea97ce648c,miniature_poodle
578fed8e31c96406eaa447ae3ff604ba,dingo
2491b7d3fe1e54e1c8fe0d1e3b4cc5a7,chesapeake_bay_retriever
65ad9f24f5a31c3d5ee5089aade6370d,kerry_blue_terrier
e81c8db07ad9b5291435e3aa3ac728bf,chow
6d3998aa9d4b5788e3fab3b1759735a8,norwegian_elkhound
fef5d4cdaf50cf159102e803c7d6aa9c,bernese_mountain_dog
470af08ca80c554c02367a0e1a90bc39,bernese_mountain_dog
b0039cd9822380c7181e74653cecb7b0,norfolk_terrier
ddc8d051c9b476c1eef9d35566490e59,cairn
f918d591dda3b7c1490f70dc92a7fb8e,miniature_schnauzer
84adb2cc13b65cf25418cde969b9bb0e,kelpie
b6ac6d8b9923fc4441457305959ef92d,tibetan_terrier
ad61ba2639301bda9acd01999a7eb80f,english_setter
5f2fdb09147e131254857b1ad982d6c9,newfoundland
520ce0329153e89460353776f4248350,tibetan_mastiff
96b8968289174e8bc89c905b3e44a858,blenheim_spaniel
2437c18a0d3273c3c179bd3fc4418cab,cocker_spaniel
6cc27c87f5f463567bb64c338436488a,saluki
689bbe0f473e4db5d234849ed9d1bb5a,papillon
a2c45749d89597425da581670dde0160,airedale
b4446e631a52265229fd439b18a2df4d,mexican_hairless
1242da788ce85d4311e1cc9922a0a809,basset
fc4f1d94ed5191b9b7d1f24420bbb07b,komondor
d3165e9b6451bd8ed6c1377994c81451,saint_bernard
adfe10ae8d4b90ba0abb56a0648dac8e,whippet
65cd559abd686738f972bf12273ab38b,rhodesian_ridgeback
3b8b463b6d1b40bde998896767e6c985,shih-tzu
51e9a9481ffe34499d6b251031516a85,japanese_spaniel
ba6eda43b8cf8607e9f7af6dbfaf9538,clumber
be1032723cc8abb85c6cf81e129e6161,keeshond
726b3b8628aba80839b78811d6888e35,kelpie
2f471b2057678001f20f70da691e4c5b,afghan_hound
7cbde2616a11273a406b99a55d18745e,black-and-tan_coonhound
9acdf755109d8d01521a0c8c440749e4,norwich_terrier
8c68af1aa5657527026a50081ac0bd48,dingo
792ee1a15734d6da6074f25524050f66,tibetan_mastiff
0f2a90c737499a7d8bf26bb5348874da,shih-tzu
43c30ff95d2bbbceb7f733118e28f66c,cardigan
f40a0d368a62d9e2d2fb2d7583368538,leonberg
c0abba0e417be48e778809d94dad57a7,kelpie
69a16ac651167cc990b208b596491a91,maltese_dog
12405b2e93417d81f5308769c4e184c7,scotch_terrier
5fd5b7ea62dbd1228be9ede04411d45e,italian_greyhound
f3e83444819548799b1f77ac363a4d4a,bedlington_terrier
09beb7445a14486752bd25f69e952ebc,african_hunting_dog
a694bb8740fe5042c5d1b1a19445a250,affenpinscher
2a341a9eb623d1ad095a94a4c2b420fa,shih-tzu
d43b3de6be56e23c4894453f12a8179b,toy_terrier
c513ff37e33e660598dee5257956ac2b,afghan_hound
de8c32b71a43eef41eb1af93c1baf150,standard_poodle
abb048471253a57c27ede4e9ff15c896,kelpie
039e61713398f27d027480e4bd0056d1,leonberg
c4030a679815a7bf4f9087165155730f,giant_schnauzer
389170dbd339b95acb9e1373da77f2f8,pug
2ac10837ecb82f466b9a9f60bacfe99f,samoyed
0450c3899b7ca7cac31406a52c7bc74e,soft-coated_wheaten_terrier
9813633e973fbc891a9bc031f8ec6d08,newfoundland
67d01a4e18fc65d49034550398e98fd5,lakeland_terrier
4d614950ef0c339983c82be5cc133783,bouvier_des_flandres
1f28d7c98a4da02fb1b98ac45f2fe103,bouvier_des_flandres
6f3ffaa96d2f7c365d40f71dcbca6336,keeshond
4465d1adaf0c715bebb2e68c639ea734,african_hunting_dog
63187daede73dbcd086e098ca8461398,wire-haired_fox_terrier
65540bb7493a01f5ed36e7268d2053a2,tibetan_terrier
518ec40c95a4057448b1806588586dd4,briard
9c2989138fd806ed66a8fbb74f02fd0c,irish_wolfhound
6d69c79c5ee17a5bded1c1d9342e76e3,schipperke
57b423fb3fbdf8d7aae4dfe8b4c8daf7,rhodesian_ridgeback
1690937cfb23f8dbdcc594bf62650a92,bull_mastiff
d66ec4c83a620cca6ebf05ab9d162fcd,cairn
67697bfe65210a526eac7881ce19deac,collie
243b71efb7163b30a7cbc7e95933ea61,maltese_dog
cc3aae66ef2abe212cc5f682e71612ff,giant_schnauzer
8d5737b4275e379c36e3797400862f6e,bull_mastiff
ea906db2c833f5140b009eabba209eaa,shetland_sheepdog
64ca742354bf2d730cd7100653b12bec,sussex_spaniel
2d81620b970a5204541c93be8b6a63a2,malinois
af465eb9b2371bb3639518f0daa8529e,border_terrier
5c45d52a6bc54e80dd73e1b6954a2427,english_foxhound
e4eea0877800039013d0b17a4663bd16,shetland_sheepdog
286592c4838ad48f89d0e898fefc0172,rottweiler
99931be4da09f3b2aeb396027fa75b16,american_staffordshire_terrier
75e3c0f72aa5c9f54ae899e6aed8da13,welsh_springer_spaniel
55e1635823f2d3500fd9e5f6dc10170e,tibetan_mastiff
6c08d6132ebff659700cfc1b1c36cf50,mexican_hairless
e237f2c2da59abcb4d622106db8eef11,leonberg
37f535c853a2d1c0dd13b94e9545db81,scottish_deerhound
82ea1bb41c46bfcd29b919021a8edf79,walker_hound
881ceaa386838493d2f42d756fbb7597,groenendael
5fa7a9cee4d3f9ba64ba1f4cc10f58c5,welsh_springer_spaniel
32b852643fec583355fac9d95aeb37a7,norfolk_terrier
c043f726c52f93c83fa0100a8a776481,sussex_spaniel
652a57b9fb2fcffeae3b2e601464a885,briard
266115adee245e31c3b8ee4860db376f,shih-tzu
e8f36fbe544d5c3329bc9e51606abcef,old_english_sheepdog
e35eb70a03e9f7f190a45a820295a671,bedlington_terrier
bc0ee8087d31eef274598d4af706bcf9,miniature_schnauzer
f59c6ac65a3b996404ccce16dad310e0,beagle
7ad0579c0bc5e3999f83b4a0eb581907,irish_water_spaniel
f0779cbe759a82f4927f60e47c9f1c81,leonberg
5db84bd30a61abf7a44b7085eb4bd25d,chesapeake_bay_retriever
80530662979f925e5854d840ac73418b,saint_bernard
05134ea3341a1f4f460168e68ec5765d,bernese_mountain_dog
4304c995750f369b71a7a366bd4d68d2,chow
69406cd21bac290f6c6eaa6b0a968fc1,boston_bull
26b4edb53ece094f420f30a6be4a5374,lakeland_terrier
1a9558cf1f87cc4a5fb374681979d100,silky_terrier
a2e6a489417c806e02b39b8f1d9fa17d,african_hunting_dog
0df400016a7e7ab4abff824bf2743f02,afghan_hound
042e83e82315bada78f2681d030b0d28,bull_mastiff
251a08ee399e9c6597a7da5a9a666ae3,otterhound
4763da38c6e6e72c2e972dde45fda84e,giant_schnauzer
83d4125a4c3c7dc5956563276cb1cd74,australian_terrier
c92c0415e2b9686f3a5627e050ed856e,japanese_spaniel
836e542611a2ee50d6df3f3a9834132a,malinois
d9caf3d8e28c9ccbd2989483875c0ce4,rhodesian_ridgeback
8966b48825cf5490e084a3ce71d17095,american_staffordshire_terrier
14918e76fc079738923ea5ab8d12b4ee,tibetan_terrier
1e4c6a2caedfec81de49eea2ee570fcf,whippet
398dfd60791dde4f6e638d8a812325dc,french_bulldog
96c040dad1ec2e3305419e088a4fe17d,entlebucher
20a9238dd34f189ec7de945e006e660b,beagle
ff6f47aa8e181b6efa4d0be7b09b5628,golden_retriever
9b7abb2d62395fe947683a33eee54d43,siberian_husky
82732c085ab68cee04a29ac022cca091,walker_hound
44d047ad4be3593991ff51691fd32d59,curly-coated_retriever
61664c4d0be465a085b11a1cd36be3b1,brittany_spaniel
0a077ea0c8fa54d95f75e690b2c8196b,otterhound
9b1dcfe05fa204f6f8ced6494d8ffcac,norwegian_elkhound
5b154e409fe61a86f37e842480f44a10,affenpinscher
7a9e285d00c9782c42e6e71c03faefea,kuvasz
5fdc816eb326a5e850d8ff537876b1ee,blenheim_spaniel
761a7a39cfc05b62b42ddd7e91482f37,mexican_hairless
3d959b06c84553145a4d3da88bfa406f,airedale
20b7775d5e4cf1bff4ea2f382612bd18,great_pyrenees
fab782d25875a7cf5298cd2e2aa01cd5,rottweiler
da7f53bbd8a025e32269552e648afe43,greater_swiss_mountain_dog
c50f5dd19ef8e5e4e81ce1daf6736638,miniature_schnauzer
b1cc94466334a8caebf966aad4f50484,bernese_mountain_dog
c8d9160a26b275e85fb06b5c0e9fefd8,kuvasz
2457b9e98cd35d12a90fae830c8e9200,norwich_terrier
57b86091d423c595363d1d78a53a0b98,bloodhound
fce0a4c8bf2d6588ea7f6ecf731b2fbb,irish_wolfhound
e4a2121c2de5de095855677d4e6eca71,affenpinscher
9825dfdb2952299a99a2d049a0451636,chow
1b801c3bdbb2c85e30cbefb641878005,kelpie
d3ccd246d07f2714cfbb28bd0e44ae30,airedale
e4fe0acc8e0372aae5d0b0817e70bdef,boxer
8313f9f0f044f5a5cf328aabc806d01c,curly-coated_retriever
399a106d356857c6fe694c8e84a9ed15,lakeland_terrier
a05954e6a0ed3423ec8b4eb09352032b,blenheim_spaniel
fdb60e77166ba6aa999e5dab05c44dbc,italian_greyhound
b8a6ef891fb512189f283b38922e7ab8,maltese_dog
64fe508bc7626f6e0bdfbde3089d7cc0,cocker_spaniel
b27ac1eebf09e74f5a627c10bcd3b198,kerry_blue_terrier
500297c5cbdc0b076f365120fded493e,irish_water_spaniel
4d6f99b3534a4064f83b2dbba4a297a2,soft-coated_wheaten_terrier
762f4cd537a628f1e6ebdbbbd76a6b88,brittany_spaniel
513c41ada00c0d75af37b87a3ad00022,tibetan_terrier
815d3c084bcb79bed798a9774d4ce66b,flat-coated_retriever
b1f61f24517fba0fd284ded11f5ea9dd,american_staffordshire_terrier
aa4c9b1ce189af4fd67141b2a0bb353b,toy_terrier
eecbc546943281453c0e598587ec674a,ibizan_hound
c3e1b303c9f7cfc15f57038400548af8,dingo
0100f55e4f0fe28f2c0465d3fc4b9897,golden_retriever
2626c1fd506611569c5ac02967e783cf,chihuahua
559b1072b2996ac35ac5c5828f936302,irish_wolfhound
fd00c84695d64324cc597937320cc0f2,beagle
334cc7dbd706020847af9b0a5b4310b8,bluetick
bbb2ba350d76eda23bb65ebd4f2c9925,black-and-tan_coonhound
9653fe4984785611b21b367cdaa6e050,american_staffordshire_terrier
3e0b102775b0ba35cc9a8775e3a1cbc3,dingo
aa91acec6c98b310559872490609fbe7,redbone
c81748117aecc58678b1677528fdab97,scottish_deerhound
37163369901ddd0c61ae081fc9ccc53e,kelpie
e81ff379277f5023333efed3beda7f64,bedlington_terrier
f193aef29f983b44a4458c03ec309ca1,papillon
727574d987b0475f623ac08cec5c9d3b,bloodhound
2917c652aa90dd5908994b25c10ba674,bernese_mountain_dog
8123310ce5c0177eca1ecfe27b9520aa,shih-tzu
e64f734a28b021ded23cb8a25ebd5613,brittany_spaniel
c0e6e8660b28cd6f91bee7e75f63cde1,scottish_deerhound
e47cac448a3250262bee5660d393da9a,dingo
bae3d77665746cd31c98a27c42163b92,dingo
a2a210e72f5c6c1ff5a9bcf5fe9442e7,scotch_terrier
38df8edb78febdb8f23253238cce0ba9,siberian_husky
b5b5058c122d5e340187b6d4ecd8e3b3,bernese_mountain_dog
fc9d449fb3c5be2e08839903d9405b42,basset
fa8442a15275571b324a9e9ad6c7f3ed,irish_wolfhound
3a1eeae505c9fedcfd97d3eaa94c3c66,groenendael
d763d3a2442894c122da5598ed6b7b7a,miniature_poodle
8a1129e4fd587efdc8ef8c8cc08664e4,black-and-tan_coonhound
008ba178d6dfc1a583617470d19c1673,otterhound
4bab292d36e33a1479ff6b13d595966a,pembroke
0eb297c3d5f6cc93371f02f4ed35879c,cocker_spaniel
ebfc57d72a4167ec2f738f2adec52e31,toy_poodle
8d469d98dc5b185f7dbe736389ed6234,papillon
6c1e8f1f68a9e22c95a1ce59a7fa3fdf,american_staffordshire_terrier
70fe05acafe344e3359dd4742aedbc05,tibetan_mastiff
3ce7e8f84d5e99cb5a90b4d94d7e1c09,weimaraner
9cd7a36bc18f40588ece5be4189536c6,norwegian_elkhound
4f3d05b2b3c207dbb50cef30f8870129,toy_poodle
2a114941065b77b8d5d0c19b9256ecc6,doberman
82e3000939756fbd89b3735681440773,german_short-haired_pointer
1f24500ff34c1d73728852b92a2d3ec4,newfoundland
827f31cabe9da27cda6e81f7440500e7,toy_terrier
ce92370c283c12eb64271cdec81fc1d5,old_english_sheepdog
613da54ceb88a1a4cd64d66307ffc92c,clumber
b38b639670034f8ef9bd87c17ce29b56,maltese_dog
fc338aa6f2ba965bb7be53584ca0b4e0,english_foxhound
ff91c3c095a50d3d7f1ab52b60e93638,affenpinscher
5048b8f64705a33e21eef80da4711c9c,dandie_dinmont
01dffcb02d6cba7d2b101fcc93daa6f1,border_collie
7b34e1fd489cdb9bf1a2c34a1b847278,dingo
b8bea4b3a40836ea881062273abd805f,maltese_dog
6daa0da30db6c20972b50b5fb4742c15,kerry_blue_terrier
41e471bf997fdc9c2a6e4064c0f8f0a3,schipperke
d73ca370d7d89f706f09120845d7c283,whippet
5c483043f4082795df17b9ba26f4ff73,entlebucher
2de8d47770da0fb805ccf8461d062c54,boston_bull
e7a8a3681524405b2e987ffbaff6d173,cairn
8831a246cd93a78fe26304f76d5dcbdb,groenendael
a85157e452c6d284d7f3d5aeb8e5c0ce,lakeland_terrier
b497f0cc2b97e9286e947de0bb883a2c,brabancon_griffon
864dd68d1079dd10a784dbd2ff2c3995,samoyed
67d82060e44cb04ac6e3db8f8ee7aa2b,sealyham_terrier
86afe41dc1054163e2f6430f2bc009ff,cairn
6c6101520b900409ab67931b4138929f,curly-coated_retriever
9e577dd7c29bc6074a80fed5ade75d0d,toy_poodle
269943ddbcdae9ecf9f1eccd95503173,border_terrier
0cbdda18846cd014dcb0e18fa67f3f98,kerry_blue_terrier
ab999d8dfd944bd5450eb6d8e1432d43,chow
5ca1ffd7a6d09951f5ae0afca1635b02,chihuahua
fa4b9e80e2300c45a73f165fd34b3378,entlebucher
007b8a07882822475a4ce6581e70b1f8,redbone
a250d15f21001cdd2fcda1d8a0d61920,pomeranian
462e88422f0889ec7cadcf742042e5ec,maltese_dog
b61df6dac68a083446aea7738c74e5d9,miniature_pinscher
24a16155d423049d0c574c8e489c8b1c,bloodhound
abc6347441eb3b1d42e208a6aa8ac05f,welsh_springer_spaniel
63e090e41e4855170f3cb8173d164529,saint_bernard
81d3559cfe8ae808fb3cf8b223ffb999,cairn
91baafad0bfabce8819dd375963677d3,great_dane
80916993d582c4db7bb90bcdb768e31f,saint_bernard
2d48f1a94c59aef4d9dd0d543d5d9f7b,norwich_terrier
52ccec304f83c67eb2c996f274e7d640,scottish_deerhound
34aae33ecbc1652660ca2640d5c7e566,basset
ca7befe874fe442e48d5cf546b2e5dcb,basenji
3df5d07bc814c7d1805ea4842ead9819,redbone
71994f8763a1290e259babd475fbff66,staffordshire_bullterrier
10706a4ccdd719191686b98d4dc48ed0,dhole
0d5a88f0ab2db8d34b533c69768135e8,afghan_hound
0ce7dd8b119184e91088336ec6973d53,blenheim_spaniel
63aa22cfbcdf6637ce75d8bfd16f4dc7,pug
3754788b83c7dcf9c0a6d5a7f2905a0a,standard_schnauzer
a4b629ce39bca6206ee3841fea8c557f,great_pyrenees
9ef0b7e985d38526d6f600a0efd0d39b,leonberg
ea668eb722f6167ae2669b6f1ddeb3d6,gordon_setter
94bb794f3d3c30cf570938a121b1805d,old_english_sheepdog
2fd9a6a052c866a35b8aeeb89ca727c4,saluki
9b4fb689d5adf1f5996613704c038519,american_staffordshire_terrier
5522867aa22e18f38e627fb9fd9b1847,maltese_dog
8e8e8e089554f1c73883a0172649a0f2,italian_greyhound
6c701bcdddcf39d949105c2b7e0afd8d,tibetan_terrier
86b9f437a4969f42f38b20ac4d7d7e7c,golden_retriever
db5b24455f0bc4c78ecb69771eb3e7a5,siberian_husky
bc574f3640d7a63308a51ecd05f076ac,cairn
2918212b7adcfefa9640c778c21cbf6b,redbone
d726e3be3e78245d2ea2cd5bc82d8ddc,vizsla
4b310ee3481bd8c44bac0cb7b1ee103a,pug
fd01857177284110f02b52475dfeb9cd,soft-coated_wheaten_terrier
d6f09113efee7ca0f4903b4fdf42a02b,weimaraner
53d2ac9bad9a7afe75627d55aacf19be,siberian_husky
805dfc98b2d4969db208fb757ae6f3af,pomeranian
763e362b15a547d8520f76a42d84587e,dandie_dinmont
5a9377a43cbe86ef888b59458dacf909,american_staffordshire_terrier
430d1dd6454063f3dadadd8cd08821be,scottish_deerhound
013aed490e0e15a8989e12ae0d0ccfaa,border_terrier
cd067bf6b895c629180fdf08f7a0b96e,basenji
ac21b78f89d6939f36effb79104e7758,saint_bernard
c1954af7d1cbae4f23232c06a8b66351,appenzeller
b4a8871365faccfa51e33217c4fd1291,beagle
200c04a24faf943612206e10715301fa,keeshond
643a4dc357ee0066f1994cc9d59b9af4,rhodesian_ridgeback
24bf8f23543282c914eb6292e0ba2f71,leonberg
a66c39c49a97afc680ed4da5cbaffe47,shih-tzu
8ef2c118289d0d5a142ae28651a46ab4,standard_schnauzer
f9f2c52b196c9da8c7c98c68003d4f08,schipperke
25b31f36e3c72a6d1bdce88539834b59,toy_terrier
cb6e8b90c3769f074a74f27296cad88f,entlebucher
15190d69d724d7e94ef64a347b959ccb,african_hunting_dog
3d22e354cbae687743a102e0cefcf6e5,bedlington_terrier
b8f03e7c0df51e41d8ef79d9d90df144,briard
387ae89153da8b0171322ab0cd54923e,boston_bull
c210e7dcbc9438e0bf04e8e0d15bee04,bouvier_des_flandres
aed285c5eae61e3e7ddb5f78e6a7a977,sealyham_terrier
29434945d64aed89e7c1968de3b4285b,malinois
8310396eb8dc96ca5288ba74571f0bc5,malinois
72f267675c4be6b4f81142b145261457,american_staffordshire_terrier
92eac03e18067b690a54a0e301f4448c,border_terrier
78f9f919d2ab1396a4b99b9c6a3d2074,silky_terrier
32a621c751219cd0abf1fef7a1ec7972,ibizan_hound
42a294b2c65e0f3dc8c4ba451b53a31a,rhodesian_ridgeback
be9686a8b005707ab13d8f5dff1d7431,newfoundland
eda44fc4fded6ff594aeb833634ea44c,scottish_deerhound
26914931b40a466c795993e6abd78673,cocker_spaniel
1095f3f511b5d85db6e614fc6cf58250,pug
9ca7fa5c1ec7340c2ede88de2a2c55cc,flat-coated_retriever
4f16340729ced867c8d3b783566856ed,miniature_schnauzer
f641553e92efc6824ca4b9cef837ba46,kuvasz
926f5368e7a665fe7aa25286cb0e8af4,mexican_hairless
c5ca525e7477a7cd05bacd9544995397,weimaraner
c1510b474b3893197ac87c869e853c1d,tibetan_terrier
ad43804fc40b176421fea125c43aa056,bloodhound
417e5069354eff32c8fd13729a6702e3,cairn
7485df362ac8abcff73a6cf75e7955e1,siberian_husky
7b44341b91b48e2eafe679c00ba1a0a6,siberian_husky
3d5bc6122ef86b32e76b8860dc54e66d,gordon_setter
6061a5acf8b115fcbbff09f91e683125,great_pyrenees
e86503273b282ab18bd09c6b6ef63de7,yorkshire_terrier
ee10d8e27f4333c12c821c0584c02fdc,bull_mastiff
42fc4f86c553289b9f3a89171e840c7b,japanese_spaniel
27958c741177b9f1844e6b85ab38e317,english_springer
d060e6fe84298ef6a37e3a0b9775c0c9,walker_hound
475171ec5847e4df41847e295b8cfca2,toy_terrier
b1e8dfb27a65a838de14079947684fb8,norfolk_terrier
d39daa01c97c879a2cc7e842519c4b37,borzoi
c6ed696d18a65e388fb7050430469d1a,italian_greyhound
03564fbb4aba93dd80e5c7cd76f28d28,walker_hound
93e85b8ae6bbee24861f9d80449230e5,golden_retriever
dd9aae7acb992593e07aa905ff4e5ca4,scotch_terrier
7aa633ff24f42d47caa54717d50bd2f7,miniature_pinscher
37a43a4d1151150a29caab12c0ff77ee,malamute
57a765607238aa2fb8aa3ca4da6af041,australian_terrier
7b592c2c9eaa488b0dcf936e8d7a66f2,standard_poodle
5a6815c5169dbef60cff1125b9df9de2,walker_hound
1f15eac2f69ca88541e591cec1a19a84,border_terrier
c62d6c163cbe1109462aa729bc4f425c,chesapeake_bay_retriever
bb4aa91f61fa6e06dbc1a3869738b889,kerry_blue_terrier
f6b88d6bb18f14a24c8cd24b941cf0bf,american_staffordshire_terrier
4a8b588521c3e965999344206726fe2f,flat-coated_retriever
f8068ff990794cc54cd2d647387ecf6d,pembroke
2cddd21e49ea9246eaa8012ae03aedac,boston_bull
16b17dfce7906f0e7a599a538c7ac106,doberman
cf3697f8f3ee67b50cedaa63904ab5e8,newfoundland
478d54ecf957b06bb738544e8828d62e,curly-coated_retriever
fd73ff7c6b24e7292701305e8c7c32c2,boston_bull
5bbfcec5c399f735831f7b17c3c6bca3,blenheim_spaniel
caa1cc6ebf435bc9f43d8cf32d67d48f,leonberg
e3b0ae3127ce33aecce9f512db0051e1,pembroke
48691e705d9c663941873256da0cc683,scottish_deerhound
2ac2f5944e38c9873fddd80f44929a91,basset
c6d8ab3e57c1bd07ca582bc46f8ec74b,shih-tzu
7d426866692811f2472124148fe2eb54,border_collie
cd19644fa2fcfeee4f92cabe64d3c324,dingo
ff0c4e0e856f1eddcc61facca64440c9,bloodhound
fc2049d582b3444ed99af4a5c13b49e5,american_staffordshire_terrier
8b27fd53a34c667b41ec5cf13be22de6,scottish_deerhound
f2f49abc5f9f5a0f1f5d25807e76d909,italian_greyhound
42e241d3f8316ff788aa080f08aeb7e4,miniature_pinscher
d91689717c8333406434d3511990958d,briard
8f15c00b8e73fd9afc8f6ebd7ea44c80,cocker_spaniel
dad1410de6bd70cba79abb5dbfda17af,afghan_hound
983ea5e5fda9b67b419bd10ab8828835,brabancon_griffon
a7dc3f5d620fd4ce214f7a043372d485,redbone
3826c9b17af94040d0fbd7a334f2d379,whippet
c07ed68e4c73960aecc258a445ae8b14,miniature_schnauzer
32dfc20fe34591029efeee830255eb06,japanese_spaniel
2c2dbb18ce10dd5a3a36812ecb344f52,miniature_pinscher
8587cc1bb05b7997b4190485d07107a5,border_collie
30bfb415b8dc2a559ebbc259dbd6774b,mexican_hairless
670a2eaca204aa3e52c06a217d3358d1,kelpie
4e16b1ec6375e02446cfdc10aec562e4,cocker_spaniel
965f39ec77e59f042714aed7ea826bb9,kuvasz
a90c8510c0d41d4e40efa58e4c93a996,siberian_husky
8403d8936430c2f05ab7d74d23c2c0cb,dandie_dinmont
a204ac96b29ca9f6af5571194e14ea8e,brabancon_griffon
987a026f2789da6e4a88cba40f4347e3,german_shepherd
5ae8cb7df401c18656960ab5053757aa,miniature_pinscher
9c4f3a8d5d506f5f368de386a3015c81,walker_hound
3983d1f47481aef151cf57b6a7d20760,norwegian_elkhound
6762783f84d52175288ca1de18f1033a,african_hunting_dog
e728ffc9ca204977f2cc3c502c68d823,malamute
193a30f0f345b1d335f24aa8657f4458,norwegian_elkhound
2a4343b91dc55997f868b310f58a542f,boxer
ea15dfc5ed49598f8ea14a3be59164d7,lhasa
1df0f10b95f1ce47d718b2ba11843c1f,cairn
8182c860efb9ebf248886c0e70216e01,collie
49cd12b943044687bb3b8ad80df7e103,irish_wolfhound
5e08b36e6502e8f2cad865b8d4480e20,german_short-haired_pointer
0b2e635ebad8aba82656c8fceb05018c,bloodhound
f12ffab8a865e6b4d8afcb0537a746ad,miniature_pinscher
bd89c1185696801213b6e641fae6186e,kerry_blue_terrier
94407c29657a0c84ce6c7176999b63b0,cairn
b2004690624be6cb621bd557815e7638,afghan_hound
2ff175cc4d851df4680e91bb62daa810,giant_schnauzer
2af698f7a9582431f12768ee3878d139,rottweiler
e827e6439b32ea68d51e894a7350c699,toy_terrier
4b121cf73eb3908731fea83dce67dab9,norfolk_terrier
fc0d67099704bcf210316e6c31d2f28b,siberian_husky
d530703b353991efcf62e7e10b8f7ee2,collie
f2b5ba1f32494b942731fb5248e114a8,keeshond
b81200d1831287bbe732fc74fe485cf7,great_pyrenees
6887d854847cdc1bbbcc7529c0b93473,tibetan_mastiff
f58c4c4e6670e74fac63514cd9ac8ab9,pug
b00cff12a22ac141efc9b630d76740be,golden_retriever
6606afcb1331c43b7fa96ae2519e6d19,malinois
6f86de5ce20b6ac43e0c4387a8014d26,dhole
831efcef1f4cf4837279d6e01becc3cb,welsh_springer_spaniel
06412667e714332186d0cf86375e98fb,border_terrier
62f005564f45f5c4ee3d2ad3a2603a48,clumber
cf44ff5245f6b6c1ea2ad82930bfb237,affenpinscher
edc0b13c478a6e50e9e8c3acd181d885,italian_greyhound
43fdc040609c783f48a0b2b7f9821841,appenzeller
1ec76628ff231ec226da907f1ff0df67,norwich_terrier
c023eaf6c091913c9e6fd4732bc049b7,newfoundland
e1fe81af46e109cc63e17616dc630fb7,bull_mastiff
0cf285cc3f1625bd80288cd6b7ddb7e0,cocker_spaniel
e4f17a9e5ee1ed5385744cd6e8916a4e,bernese_mountain_dog
0a9832b18d360f50f5b3b2ab4c540ddc,collie
c91b930254bb79924d90086f3353a8ab,brittany_spaniel
79e5a57747f01674c13c7808a8182387,giant_schnauzer
bc8404a3b9d96fb5626360e0011e20b8,border_collie
3de4e3687f3710d2150962f093ccc2dd,english_foxhound
a2834a578d8a2ec1823e940c9efa1458,cairn
5ccc97e47bb1878de5b003a86968afe6,border_collie
93998d7d1338168e6bf005ebd83dce3e,irish_water_spaniel
ab961388b6368660077a9e1dbb4f6b30,mexican_hairless
d83b16a2a950d7a6b137c0a6fea98e27,kelpie
44e026a86f0a995d741c76766152a15e,australian_terrier
958695b0c7323ac786ec86f6f1222eac,dingo
75f21d23f43b194674f2016f1ce6b153,groenendael
6bfa6236210ef5748dfe3d46f01b43fb,malamute
228e7403fbfab41c7586de3afb83887b,lhasa
41877ee88e78ee4021a844c1c996f73f,otterhound
fa3399d2f5241d807e0942b9807c2b4f,american_staffordshire_terrier
4f96d9a707560f1216b6b87815f7bbf1,maltese_dog
3f3040cf4ce932d3e0d5d627c3ee0a89,blenheim_spaniel
a4b5011bbbc0b9e1689c34d335fae49a,shetland_sheepdog
bbaf88be76553b3314045f057b94e0af,airedale
ae2ea774187ab7e25dc6597390b15765,samoyed
f75b13d14f950f2a6acf1f907bdfc636,irish_wolfhound
1ad234ed7e26a66994dc71c89cb9810a,pug
864eccda6110b2021d0b68f781689f46,irish_wolfhound
6affce874637f58961a26a98183c9241,papillon
56d8d2bdfa1fb0332a97afe002cca2c3,labrador_retriever
7c5ad29a20b9c3d082cda2d4d59ca492,kuvasz
5170bb1397bf687ade980e913f7741e9,old_english_sheepdog
fc518958bdeda396c5431d8a8ec319df,basset
c8ce22f51941dc011dc544ee53076600,tibetan_mastiff
4cca7bb27cb650bed5ac286a8d02d467,welsh_springer_spaniel
1f4be7638f86f04289e75363befcd19f,rhodesian_ridgeback
78ab8dc71eb167564ee22c326f92831a,german_short-haired_pointer
ec1b8f7b1a012af943ca2ec8efc58fb8,brittany_spaniel
b38ca23d57777786a6e641b7bfb18329,norfolk_terrier
725ad8d2eafd430b7b97501e6423617d,tibetan_terrier
4f1121ffbe1bd9487fc4256c326096da,chow
95e82d8ad15c46cb1bb9d4fb439ef62a,papillon
275c887f7278fddb48ada49d4c2b162f,whippet
9af4a4306365fe6e74e26c726de05c2f,english_foxhound
4e1a4b8dbca28978edd145617a2a0123,ibizan_hound
991e84fa081bd97caec9f23672a3bf0a,pomeranian
02f07e7e51662336a9d8c775a4eac5f4,miniature_schnauzer
57e88fc5c21d6146d8ccd2a4d322ea69,weimaraner
699c001fdaf5d501b94e003ac40afa21,sussex_spaniel
f7df3e61cec435ef6066e9d18b5c17b1,wire-haired_fox_terrier
e86acb593c6718489134a45e8b936b90,afghan_hound
561306ada4f1e291fb6ca65b4e0023ce,newfoundland
3a61bf86888f00496c9425b305a42a60,irish_terrier
98b6235a39ffbd772524aae2c4e1b3ab,mexican_hairless
011761e3ae8ec5e188e8f0bcb59bb8b6,lakeland_terrier
7019dc9a063a19bd2f7568f80ede854f,clumber
1699a179453b177a5e895c5b5ecb3624,siberian_husky
cdd066de3fd206038ac23ea487ad8246,keeshond
f194e48d99e5e0f279eb8cd5e6872e36,scottish_deerhound
b3f1413df57dc23d8dfaa2a342c6a6ff,groenendael
0a77d498ff491945347bb895d8ae4008,samoyed
f8346f0bac3aae2f49113b3d7dabb812,basenji
89cbfc8c3745a9c14c2b73765f30fc9a,scottish_deerhound
489252912d9569afcc4530d53ff5a3c4,miniature_pinscher
80a4a8827e7bd85603b6f0aca9bfebec,saluki
8a415118e76252555a6ae5aa9c86bf62,bluetick
a72e256f9b65b1b0ba527237f204d77f,rhodesian_ridgeback
eaadc51c7c1a507fb380909113036428,pug
c73a535187af35a25faf061ce0739b21,vizsla
4fc43137685335924e9dd1fd3db8d046,gordon_setter
80d759759969ea3dec7316dea8e92ddd,english_springer
eaa3b3bff09bb80c64937996a1be2d92,dingo
050c59e2063923106443e9fd81683088,chesapeake_bay_retriever
b6df66f656a99e3965d858e7252dd073,norwegian_elkhound
b7cae62d0e5082ed3a7c05a578303b4f,mexican_hairless
990103331becc3d72956ba681d15e9bd,mexican_hairless
8ab5f027cc6bd007a106485540ee3147,lakeland_terrier
74fb77719ce0aa24eb84509e9156467c,eskimo_dog
03c1557464297ffffc8da977c4db7e68,standard_schnauzer
ad60a6fe919d2b63b96cddcf0b1641b2,chihuahua
436183cf47381b7d57c86ab35c41a40c,boxer
8665323b1e654eaa5a77736c5aca1516,malamute
c680c7aa880ab72ae585f401a223470f,keeshond
d73482c6d7e15da74be6477536e7619c,eskimo_dog
ef1129cb127bff04fd3940d94f2a259b,bedlington_terrier
bc5ca8ccf9ff7861528ad80ae89aafa8,malinois
945adc048fc9ca656180736fd60cf8d1,border_terrier
f50c3a2915a6744f66237534db3d7779,basenji
79413f5137ea4e706ae922fe62f044ec,rottweiler
a5282db9b821559c9136bc875f724bde,maltese_dog
88435e91be34908f134a5ef10ac80dd0,beagle
98e98242b7e57c718a0d1a643d40146d,boston_bull
84ab21940432e5b42cfacc58cd84c861,miniature_schnauzer
6ef523771c2d88c335fb8d3579b9088a,italian_greyhound
24d8ff0d34eae6082f8071d6d85aaf8e,norfolk_terrier
f72df3c3daa677aa76027366ad55721f,rottweiler
ceba42b006bf3f03f643d641d253f25d,kerry_blue_terrier
0229677aec75183a16de9d6f6658fae2,irish_terrier
d1718b1895cc6a7e9ed92087d87f29b2,standard_poodle
e2399ad3385db144d54b63986e8247f1,west_highland_white_terrier
55944d94374e0dc7c6cd2506a4c3270d,pembroke
77a089032276f7edce828022c3dca3e8,samoyed
abcb98b8f6840bd5563b037ba85a4d06,pekinese
8ef5879e23d4903e557e1d8d523b19c8,border_collie
5f886388c9da2c09d6e3adde3c247243,irish_setter
76aa48855d652aa3713bc1a1a2a1e296,standard_schnauzer
5985068808ef72d833e40ad87c45513d,greater_swiss_mountain_dog
0fc12a365adfcbb603e298b10149632a,miniature_pinscher
0d1d7bacd20ef921e9b3fce6d9b9f9f0,german_short-haired_pointer
7eef6dae80d04d0605fa44f0e218b116,bedlington_terrier
55ca8f686661259ab4272e2a0aa22066,maltese_dog
a5d812a813274bd656337ad3a76947e2,vizsla
07c7389196b5dde668d740089f9ebc22,boxer
0075dc49dab4024d12fafe67074d8a81,norfolk_terrier
ac5dc2c927e0c8ba959dfd1938d288b2,blenheim_spaniel
54e86ccdccd89c2b15d712c61b9460a9,greater_swiss_mountain_dog
9a1fe5b5e1cfb439566e412634730a27,boxer
82e36e9022acac278662b04031ec3642,irish_water_spaniel
b2bc11ef2ab31c65e49f6f03c82cb279,pomeranian
38ecebe27257f12dd04dbcdd19b2dad3,samoyed
67013986c89b3e6ba3d9574eb9b0d202,weimaraner
6e106668599f294d64790668e77d76e9,norfolk_terrier
8fef339017219eb3967f930c062f9dba,english_foxhound
dba4ae5fe8b6c1651111ce96c6fbacb4,english_springer
041b3b8a40b587a486276ac15edd9eaf,samoyed
daddd59cf41b76381b8433d6d0f5659b,shih-tzu
f25a4184e33741e745175fd1d7c6d172,rottweiler
f3d517cae12f545fd445a0cfaf94b505,soft-coated_wheaten_terrier
11e29ec9659995ebdc80f8d812dedaa8,english_setter
f3e5d0f516c56df7b58b4488f13bb00f,samoyed
49af83fd16a3b5364b1905b231a40f39,irish_water_spaniel
53114939929c74ccb6c64c373ed7bedb,gordon_setter
06cd8e3fbfe72c34461814239e1deab8,keeshond
9d3ecae65dee9723c4df0845aef7f6ca,whippet
8c3c5a2ab2212dae4745f271854101b9,cocker_spaniel
38cecbfe51467a21d5b72eb58efafab0,pekinese
050073020e80e4935b53df8d786c8612,dandie_dinmont
3cd858062b7932bd269ba1a8c1306bb3,schipperke
700ef49936ff04f8490ceff02b01127f,leonberg
3d1efcdf1eaacd8419f95c92f6ad746f,kuvasz
1a5dd02401d05d66bbc9eb1e13a096fc,scottish_deerhound
a19e0dd329d5e18a91a1d82775f00490,yorkshire_terrier
c66887200fcb9a487dfa29f7fa1a0c9f,great_dane
fbfb5da3096f8d12329dc9a02de83dd3,border_collie
104f3118ce7eba3e48138ccaa201f25a,redbone
3a4b419500915f7dac203d626d1d6061,kerry_blue_terrier
ecf239b27efded2e309b147ebd5a032d,newfoundland
60eb88c2297910a80eb874bb36a2269e,african_hunting_dog
f430cdcc2b98a6e3566e71b27ae60e71,affenpinscher
334275bbdccd204508bae4af26b46136,ibizan_hound
2d879c2cde4587ac5bac5fcfdd0edadb,west_highland_white_terrier
8dc980c9f136b41bf36d0490cdad2ce8,maltese_dog
2842aab6bf7e2649919bd867d9baa165,kelpie
ea43ab0fec05595317c008853e9798ef,silky_terrier
aa738e200b779d28af87b388f1dd309b,siberian_husky
ffa4e1bf959425bad9228b04af40ac76,basenji
a5da71c4259e319c5f66bc170f751350,english_foxhound
690d450078896cc7c1e358fa136b4ff9,afghan_hound
81d1a5fa19298526f1e1103d0ce2e544,irish_wolfhound
51643c8ddbc667c105b108f163ee1932,basset
9fc5dfe2f42c2ffae1361da2414addf0,kelpie
290a83cd8331cfe96a1846f5e1977b55,basset
f9d4235a0740a33550852fe5393aa929,english_foxhound
62516296f5e073a761cf2d1de56518b3,bull_mastiff
e13d468a13740374b13ad373d508c58c,tibetan_terrier
bffc7036e3c90a13e85e540837dfa9df,irish_terrier
bbd9727d650ceb70bc57c35fe13f3cda,pembroke
fc416bf2011ddccc885698a7ad19ba11,malinois
a63e32a12656d930387940f9eb31e535,airedale
daef9ef628860dee42415373fa2357a3,saluki
e438c6b845a8498620dc14f2f25bf603,dhole
8d636c0e0e64295df6bbd2e434b47459,toy_poodle
2e5b72a9b07949b8841ea98acab0f459,ibizan_hound
a0ec3fd448700805fb60c3b9f3d2b3bc,borzoi
be188d4334b4954ea69e16290c396fa1,leonberg
c70e2005c583c20713fb481dd72fb30c,sealyham_terrier
ce8aafb174173caa826cf76e0469d56f,saint_bernard
49f6854ffe8865db85d4556b35e4dec6,scotch_terrier
8085807e84c38a6f3a47743d340a91c3,miniature_poodle
ed756805b14606580f9740ba00feb0fe,bloodhound
c57a69507bcb399ada4d8cd7f6ecaee7,sealyham_terrier
7f988b33eb8736ec69b17c498926d407,bedlington_terrier
f2dd5a812a7126c65887f87b7d0c0601,miniature_pinscher
fcc9c872e76f097b8fd02b56760e7d48,chesapeake_bay_retriever
e3ee6250e25e90f6501f854b27fce20c,scotch_terrier
33bed0b3d39633e869ce50873d22ed3a,rhodesian_ridgeback
0f03e05c333f7e5538d4c90f9c837796,maltese_dog
1e13c36312eb9bd585e725f569f4fd1c,black-and-tan_coonhound
cb43f233915a147d538eaaa7f4b45068,airedale
8bef88134879b7794217700319b25561,bull_mastiff
52f8b43baf37bdb02fdbd2ff307f1f58,mexican_hairless
f3cf90e3a8a78d31850eca467122183a,standard_poodle
23b5bbb8d8c7243765436fd0e35653ce,chow
f90e5fa3f7dabd3292fecf4312ba98c4,komondor
de5e511f50c8e04008da3de616f254fc,affenpinscher
dd3509cbfcfc094e5e4726b648a26048,lhasa
b46db7fdd97b79ea62592e62cc695197,clumber
d979688962729fa2cf50af1c9b478dca,chow
c61ad9cd1f695d4f5d3c5ad3998ac67c,briard
b39c3d11e16d3432246aceac3e4ab3fe,great_pyrenees
75788fe1317d46dd758a9d295b83bc95,labrador_retriever
7646c6262a98a429448ed8cf1d39a342,eskimo_dog
0fee7eb61d52b589414845803d73f2f9,scottish_deerhound
910bd1cbf310a280b98777fda080a929,miniature_schnauzer
c5ea038cd31e3b6a37fee4b1338a3ae3,basenji
e993788050a70ef538c396f582c3a04c,bouvier_des_flandres
50356789926fe181fe22ab7ba92376f4,komondor
6c84c961c6b25c394fe8e75194a8a0fa,irish_wolfhound
aa7b7278b4337d65cf392cd2124ebf17,italian_greyhound
ada32a5a413db0763e807e86562f2695,kuvasz
9dece95cba6069a919447dfbb19f75e2,great_dane
c2f82b0c18aba9f04803f72e97126fbf,leonberg
fd411242df68b9da572f8d044afa3c5f,newfoundland
7e8a4616e6e336611e39f33532f29f51,sealyham_terrier
15305c67da0838b92b90c66526cef5aa,shetland_sheepdog
06bd6a364e68b886c085b9b8b8d2b818,flat-coated_retriever
c66d073129b40067e523e013fd9fcdd6,malinois
20430175869defec1722d3432f42ebd7,affenpinscher
cb50b731cb69db275c4e5a3dbf04c9d8,walker_hound
f14e83eb54dc159f17ec0a676214a514,gordon_setter
b94652e2a663106e16ea174e5797b49e,redbone
39e5840940279dc733267c3f246d9fd8,weimaraner
300046cfce50820c7fbab9b0641c6485,komondor
0779e164a5bed1119e36e622107c6a77,pomeranian
8470a6fdf4db9b088494aaa9384ba9d0,scottish_deerhound
814a9fc5db2614bbe59328c16496b50e,greater_swiss_mountain_dog
b3ca18e3ea2d722f3ab9b62cbde4bad5,west_highland_white_terrier
4ca6732ea8c9a354d28b5e8fc71385e4,affenpinscher
cd406cc58c3a6542293a947e017a7bc6,black-and-tan_coonhound
5586cd00a05b737f7b1c1a67d36e8445,norfolk_terrier
1304760775c1aff0f21c311bd48f9580,american_staffordshire_terrier
c5c9f454cbdedf855efc0f5104e4f1fb,appenzeller
85c581c27e5087f96a06de686e97dc88,tibetan_terrier
bc3fb193916e517a86bc908cdac872c6,black-and-tan_coonhound
ee6b47bfe941098216982c8e42f2912b,great_pyrenees
d2148e7b0ddc6d8eb6f5a4794e74c1dd,dingo
319dc76df7443586b9142d51abe74acd,west_highland_white_terrier
8a5dd8f626b274950bd3e92d832ea2c9,english_foxhound
85d2ea535f85e45ec3b027599da2f920,border_collie
aec5d7550b6fb110ce6b1adda05dffb1,afghan_hound
f78c6a61f77eae6388af7f56c8b4aea7,standard_poodle
ac63a26c445b5e7c92bbd09b1abe1673,border_terrier
10c2616bf8e750b282cea404d01a3429,chesapeake_bay_retriever
ad1e1dcfe83a0925bb27ab720e6b28ff,chihuahua
96e54cfe8a3b74a495df81dba3ac566e,ibizan_hound
7ac4d8f6d574218954f766801a3b1119,tibetan_terrier
6e80238fe40085f699fb15bb57cac132,german_shepherd
60ff2c4886f7b05bd481ae404079bb03,brittany_spaniel
e0acf08c678ede145c9824dbb7c3718e,lakeland_terrier
77bbd2303fa579c249dfc4ce01832aac,english_foxhound
2d281959a02178bbcdeea424c8757b1d,saluki
9e39ca2c3e9caba90877f30f864035fa,silky_terrier
eaea761df48d7adef74af9c66a0fbf4c,dingo
b336c665f071a1b9d0a8020569c4b2c4,kerry_blue_terrier
8e10d1f33b37f98f019c97d77f5d3721,airedale
97d712e7a54a5c89ebb6c41947128fb1,shih-tzu
73bd386c676a0c5fa9954fe4e61b7744,blenheim_spaniel
9e0ca729fb426bff43493894b35e9915,doberman
dac34d5005d8ca61121ee074936ecc65,rhodesian_ridgeback
2c2a4f529131c3109a7ab66b133b8461,basenji
b9442ec825000b9b061cd71ed5eac36a,groenendael
4fa66ce43b4765d7daf3da799a7d14e0,pembroke
685cda6503bd2f2d282d7e9b7ceb33c5,great_dane
b25f133c4dffc6d1eba2ae381ecb6d18,ibizan_hound
7c19536a7d66e009fa25d68fdcc17bc6,affenpinscher
670e04498219ef5a3b2f7777ef4b439a,saint_bernard
b8d85bd3233f9337fd9b683365cd9707,pekinese
fefb453e43ec5e840c323538261493bd,lhasa
83bcff6b55ee179a7c123fa6103c377a,american_staffordshire_terrier
e623bb54da50bddad89dbe36582ef530,scotch_terrier
f684cc75fb7996f315832975a3e07f67,border_terrier
c773d2a49bbaa7ed09e64946d34ebcd3,pekinese
fbd5762e97073435f8b7942fc67a4d16,cardigan
0a135c5ee55edf4bd9631d4e15264788,komondor
c8c63044e46f67dc58bc676e99ac8a4d,chow
e795a13bbfa8a72daeb315646f83068a,dandie_dinmont
c3008b4470c7c53a12d4490e51643548,scottish_deerhound
c3d41b0f8c76eda86e44c2dfaa654907,dandie_dinmont
3755a414ab32ec712f2058cb6dc47d04,keeshond
7eba9daec453bb9dea012c33709a21f0,english_foxhound
875c993f6f71781ae8ba11e686669cee,yorkshire_terrier
5c9286aa8acd394e41688b8d4fe105d2,curly-coated_retriever
9f705b2db2425e112e4ceefcbaea7e03,blenheim_spaniel
17f5ba5fee5bbebe781009cf8d3e1809,collie
a7ede45f2bcc3b5f918cf6626da1be91,border_terrier
2fdb41ae313a153f50d7d8b48006b98d,german_shepherd
916acab38c9b1ef122851c0815c6826a,tibetan_mastiff
24e5571fe836fea8aa867c10158cc4a4,english_foxhound
9410454220ae7b13ce2aab4323184032,bouvier_des_flandres
4c3148bf5abf5bbda9c184b51c67a997,standard_poodle
a60cee9ebe302922195274c34d55e989,australian_terrier
439e586066bf8ce8488b3927f60f0900,labrador_retriever
907ac782dcb11020894b547df9142223,cairn
0e79be614f12deb4f7cae18614b7391b,bluetick
a0df51e0873ea98da80780648a8fa805,american_staffordshire_terrier
1cb97451ed7b29f5328fa1c172c62361,american_staffordshire_terrier
2cd30e4c6aefb60281db1caec0d5040f,bedlington_terrier
112b85d8e95da86fdf51031caea20d5e,afghan_hound
82975144cc13134c8457e414cb9c054b,labrador_retriever
2e6352e225e1699aefb5a460145f5200,toy_poodle
03bda5c85206a273eb978c7b9483df5f,eskimo_dog
cdee721aacdca2d44cd02200f2e1e62c,scottish_deerhound
0dd7b725203b91c30ca4f796d168e6ba,borzoi
eab1276af0a54dfdf9d0311916ea813d,african_hunting_dog
ea426774d331299b8e12f53955e0fe99,weimaraner
a18a9dbf77084d1cc202ded555db7c77,pekinese
a56fc127e3c0b271e37873d3ad6c9e59,rhodesian_ridgeback
12f4a7e00a5a4fc215f6e0c3fda079c3,collie
cb981a6f87f8d8dd645c41710297fdbd,samoyed
43a3fba5f057b0e7780fad688f3f028f,afghan_hound
688bb4764a82e7402b1f378f5372fb6f,english_foxhound
7ab80b334134fd9c19077a7d99397abe,norwegian_elkhound
836962e1a82fcb77511051bb7ca5152d,malamute
4f000f4c3defef6a13ecd5b1364da715,african_hunting_dog
60e429dd1a022d087a06b71e3fbbaffc,rhodesian_ridgeback
6df49d92a33c5923f1bc7cd568bb3f4f,miniature_poodle
40cd81ac833e4f3387924b8d6c5a0482,pembroke
4a30ea3b85528ecf7f0ada88732e8469,briard
05a747c5853defa2420b976a9c0918a2,bluetick
ab6555cb3eadd631940d914021d8bd76,bull_mastiff
702067ce3fb87986ac5edb2e3b00ed32,chow
12590e7d21b4e221217c7fc8fa67a800,african_hunting_dog
4575bc63885e0c394fb05d31f6625636,toy_terrier
99e0616fbf8014e22cfd09ec55fd448a,rhodesian_ridgeback
56d91388512400bf079a9663dd0b5ad5,kuvasz
5890a31936422f660462407b1176d1ee,whippet
3f43c5d4c9a860c4c36a724453ba81c2,bernese_mountain_dog
c0ec60ef57bce7f784d8a6f1615d169d,norwich_terrier
025bab46ddcde249d5c52c660fea6d26,boxer
079f6255a19fdbaa75fb2a902bca894c,clumber
1866bec18870abddd279fa4b1f0e126b,keeshond
6b645ff81bae262254065a3708e61fbf,kerry_blue_terrier
da45ea76560481c8c47b6c8f80507eee,standard_schnauzer
8af6c2ecc9088cb2a6f84681124c0da7,curly-coated_retriever
bfee9396063ff719130a3a61569325d5,staffordshire_bullterrier
976982b85d3f8c7b7297ffbaf8a78d55,basset
12fbfefaae57137c745f16b0cf11b84d,otterhound
68c05cf1e4889ed8f527a8189183a78d,vizsla
ef16bf875e06977bfe0d4059326afffc,norfolk_terrier
3eb897b87845c08c3d5f5755b03dcd1b,bouvier_des_flandres
59aa8c6049630b1361e8c9d64f2d2b2f,collie
6c92c846d375a7636bd21859c5304a21,brabancon_griffon
d299001b203489dc596f75dd865ab24e,labrador_retriever
868395c7a1c99a52a059b5c52824a8bc,pembroke
ae68c66840d47f2c0619aabee7729ac9,rottweiler
c3352727287c486b9620890d961ec458,west_highland_white_terrier
6978118af96288c761f89f454c445aa0,flat-coated_retriever
5201cf397c9fb94bede2b6305bda9fff,standard_schnauzer
67ebc66349f9f66884ad4f64cc9f13b0,great_dane
16941a6728ddb9cb7423a6cc97fbe071,old_english_sheepdog
4aad79d03dd88c587b5d16468d3ed10c,black-and-tan_coonhound
30668e8d4c74c185ef86f86d9ff158a4,japanese_spaniel
a5714270823ccc88ee078810752a9707,japanese_spaniel
9664790f704ca0796bf8c790ca276e9b,silky_terrier
e121342b5b88fd01c5c0a6b9406bccf2,toy_terrier
2eb3b65b71b57828b832a7ade0ab33fd,standard_poodle
2c752e987acb54f4d5e553d493ca9470,japanese_spaniel
a061fd7e669c4382b56c3290abaf8a38,otterhound
dfc12676704c8931010ff087e117d2f2,redbone
426cfc5c7beecf1711bdca2a4331d153,tibetan_terrier
55006fadd9991828297d0a8aeeafe16e,groenendael
9c88de8027c36fc397daf2ca403e14ef,irish_setter
2202777791248d42735913d0e25b9ceb,bedlington_terrier
386c91e7a3af342c031aa34fb1bfdf4b,norwegian_elkhound
e0417404576aa3117ab1a0c646743ed9,tibetan_mastiff
bce9d20fe4d4a165d03d542c14f7b2e4,shetland_sheepdog
c2e139591c5752222dd5f2026b0bdda1,old_english_sheepdog
48b7a7cb06dfe7e1b2ee57867b2727c9,norfolk_terrier
a669f4da695562c34d6498cf1bc92066,kerry_blue_terrier
39c09b7ecfddca047dba2f8b088d1b57,irish_water_spaniel
06223770cd0968a5fa81b2898e65e34a,border_collie
187b3a867bb68860208c37aaf43d2115,newfoundland
929a85fb96525c2cccdc40529a8c75ba,boxer
0192d7174233ebdb3d720000413829ac,australian_terrier
c746f8858f83b2be8d985b152ebe1303,american_staffordshire_terrier
6a8adf2f22df7bdf54800318f1a3face,sealyham_terrier
a2be9ffea5e79e2e1d5d9bc50523dc8a,pekinese
1cbe771a950488b29515e712c8c91026,chow
5ed432dc19e835ecacfbeea92c7cfc83,affenpinscher
1a3a594c4fef6d92c9d112a6de31def3,irish_wolfhound
46a4f212e8e0fff9c102c109c4aece9e,yorkshire_terrier
b5c30f3bd5c0335cc02d923c31fb606b,kuvasz
cfcc3d9c2e589b87e90a06a3857f955c,brabancon_griffon
0d68c98ac13f84032cb863abf0498a02,airedale
84dfe42ce71204b367c2b4000eb6ba5c,toy_poodle
1b3d33d04536d3c05d3827d5c9237c15,german_shepherd
4b3f4c910479686b10d676f813da0b3f,lhasa
bddc026d7aa9d642f64af402e7b39c43,wire-haired_fox_terrier
210c9a0264b1e9c2170e0fc5722189db,border_collie
2aa7d0d2b23d7ec4032526fc1684d8f7,chihuahua
d8785cb92c09d3810e4ea86b5386316e,japanese_spaniel
4e475f0d2f1808216a28e2f635c17297,beagle
ad4d7770f3228e65faeb968c1e0465c1,shetland_sheepdog
d68bf61158dfabeb1bd97cdec84fe9c6,sealyham_terrier
ec53887c5887ec7be3693459ad3ba4ed,maltese_dog
e146cabda18bbb2cb402dece1a7dd4ef,bernese_mountain_dog
3dc56e4859e15163593dba776fb2b72a,saint_bernard
d63348c8d835cd499da54d8de6a11803,tibetan_mastiff
18df427d731afe01ec6434d24f1ea381,flat-coated_retriever
b6253dbeac027cb99c69109c87cb7c42,groenendael
1d25a5b2fb305047bfef877b77af6a36,toy_poodle
97f66937029b254fcf94be88cdffaf56,irish_terrier
1b20097c91be4734961d8e865e414d7e,cocker_spaniel
a45d0ddaca7309b47f2b47bedfd1914b,old_english_sheepdog
670bfb984c89fe3701b43205699c4658,dhole
3b3ab97d636033d061d1fa2e18118f20,leonberg
70d889ecc5ab471c8ef59c5a110b705e,boxer
98f128b7373bf66e0379e7ab488dc599,flat-coated_retriever
6ab57c76e2143f2624c3c41299ec80c3,lhasa
f3aa61d28f81531b81f15ee65d91ecec,italian_greyhound
21362f7f3d079a6cbc8b72432fd8b11d,golden_retriever
89f38923a2427b596553c4382841a640,west_highland_white_terrier
d50ae93eb9d8d56d3b52cf83e991839d,brittany_spaniel
3322c459d355e77e659cdee729c33aa4,kerry_blue_terrier
8992306d8e9bd6b844ebbdcec53d9925,samoyed
fc6df38f35361d2630568b993a596008,pembroke
ddf23184178185362a7f99031328aae8,chesapeake_bay_retriever
2be5c6c4b3bcadec0a579197586ef114,welsh_springer_spaniel
d63acb5d222016e636daaf98d6b2c810,miniature_schnauzer
e9f19fbf059a074a0b40c5b088f4fa6f,flat-coated_retriever
921f88563193b64bcdba94784751cc82,saint_bernard
aa3fc38f922112659b9a2b566ba3dc8e,irish_setter
a3ff0fcdbd1e66768366ce73fa98083c,lakeland_terrier
100965db7a00c9752519e342ce9baf99,gordon_setter
7b41d50bc430ac14df21f4e99e2e38cf,sussex_spaniel
50115198d753b8f0f6a4e6d709e46eed,brabancon_griffon
7bcc7002cf669cc8fa13c42fe1c9f48e,silky_terrier
0214e2d616ec7eb7cb0d8c19a7f29e70,weimaraner
6f19c4ab68dee7e61bfc929cf1db56c4,shetland_sheepdog
c226fabe1302bfeff9898aa02a6d7623,entlebucher
792dee870c0467ee84d772de1e23c9ee,papillon
5cc00f927f38bcfbda41d1fc4df9b755,norwegian_elkhound
540c37123625bae630876c20617d931b,siberian_husky
566ff41f71d54cc2322c46cfdc96a998,doberman
fcaff3d64f414b0a095d9a50cc29c401,otterhound
48eca87f6b4f32b56f5f82a429db0d92,collie
3ab52c53de2d5938989d18d1a3248a1f,samoyed
c925c6050b9846ea6c7f8a9e1314c07c,collie
3e29d8011993955d89dd45dd2373a8e5,redbone
22317b4ca72c1032498d42f1a35e1fdb,tibetan_terrier
e593a51964b8dbf67e3a8724667c1102,basenji
65a840a987d9b5e7af83013e8b38f5ca,entlebucher
db4e4609382f8d359d30f758d9abc9df,shetland_sheepdog
89c19bac9df678011ab39df96c7b6328,bernese_mountain_dog
3e4d6953e9fe6a3275aae55346c07293,otterhound
0964a2558fc9aa293a6a934d49f64968,silky_terrier
d97ed8623808e6d34bab76b758fa14f7,old_english_sheepdog
03c81a2e78dc915bc515fcb8aafd2f6f,cairn
3e2009481c79f78113c4fe58b0ccc1d5,bull_mastiff
6ad75b6d8df1443af1704b8cdf858632,golden_retriever
38770f3ab4151fd8ede7c924752280b3,saluki
cba6d337615d1b4b9e6a037de1652023,whippet
0d103ca7cf575757374f8f6ae87d8868,miniature_pinscher
3bf6ea9d17fe5de4aca62de26ff38071,french_bulldog
ac44e2f1e64ee853996b772fb1f703aa,beagle
b62c6746fb6911627bf62e0e312e79f4,italian_greyhound
e6f837210a5b4c4f171b21f3a43ae12b,entlebucher
2d3962be861a6e2798de218fdde36e5d,pembroke
b205121465ba657ca587e8c0764f3a6b,siberian_husky
0294b42910cb8a8d8340e45d8aaf2953,mexican_hairless
4870139299e458b90e24ef7e46e52635,boxer
004396df1acd0f1247b740ca2b14616e,shetland_sheepdog
61c915a4460bc188b3524dfd8746db67,pomeranian
9d13cfdd4fc7d0f3c3c5fa488facb853,black-and-tan_coonhound
34d8ad64ceb334cfd5ae3e024e608441,american_staffordshire_terrier
987de7672a009521f6d8c7cb6f679255,standard_schnauzer
7f2022deb1acfa0ae78005a9cde576ed,leonberg
5d81ab6ac62b3bfdf1337e971321a3de,entlebucher
2ebf9f6ed8dbe3c348b809987f8e0c02,curly-coated_retriever
443712eca3f249989cd7bf5c067dce12,dhole
6165570f2467fe31881a89caca859b52,great_pyrenees
a592a87290c75a2fb22a9e4a02573057,norwegian_elkhound
40c60521d0a2479b53794c185721c29b,pug
b0c2de19f94d48e6d0c05b2c61effe74,otterhound
6fdb5f8b4439dbeac3781c0e2fef4997,chesapeake_bay_retriever
b402c34356b9488d0e162f9d29260fd4,miniature_schnauzer
a42e354335eb827257a3fe1cb83180d5,tibetan_terrier
b82bc22d0ca3d81abafe53f12994d203,sussex_spaniel
a064e19920ce6da2dd7cca371ff9efd4,bernese_mountain_dog
b1e89362737f51b64095b10b1bae93d2,miniature_schnauzer
42f54e9fe50faf70fd57597d9f509343,bluetick
57942abef42726bb588e90abb5a6c6df,weimaraner
9034ce4ee16750acd935da10c4eb1fa5,beagle
502aea218351d108244049aa16cfafe6,curly-coated_retriever
0e6e4b104e3cdf4c1963d74a27390f8e,norwich_terrier
345d27e7013c21cafbeda5b20c1f80a3,japanese_spaniel
592ee01126700f3efc87d2860963fe75,great_dane
6e8cd7161a0d8ae691266e96aa5aad36,bedlington_terrier
f74b4a01eae15a3d909c643e116bcfca,pug
9f6c4d16ab3154ba2f57cb9d7f2af40b,shih-tzu
9a5cb9330f48119412b0dbeeb7d092c2,australian_terrier
0822709f6f6ea0be1928f52b8eecbc2f,cardigan
299c7717d3af4a4ad1842a5b0b8ee1ef,newfoundland
41f8aa08a201a2c2fa5a60ced8eadf34,samoyed
fd5c9929ec93b09977a9565bd94b5672,bernese_mountain_dog
c138a69989ef76b3a5720df81f592f92,shih-tzu
20be3ce1dd7db9194c856726c2f154a3,boston_bull
9424861acb9b6a9f645cd3a8da87bee6,shih-tzu
ad282d2da0cc82233dbc487e8ca80aed,samoyed
298da42e0ca382e6def83cc7c52bd3a9,sealyham_terrier
d8488f933f021216d7a39f6e8f1bc9c5,bernese_mountain_dog
ed38d865e5ff611d6d1529652cc6464d,great_dane
dbbdbfbe8184ff95c6f9f6838b0aefb8,brabancon_griffon
4c4587fe94be1412ea3ef3e8ee9464a5,dandie_dinmont
a628532fb55e1d2bdf8a3958df74de35,bluetick
13ea49cd2b706ec9a15e7214e492bbb2,schipperke
527f2edcc29f3e3e31c57728e6ec9e59,bouvier_des_flandres
cfb1ca7dc6db8a6d3e0cd15b4a7be229,afghan_hound
e4913c578cba8c59d842663fa734d337,golden_retriever
de01c11dfd88085d19b336a812a1795d,irish_setter
21dfcac3b5cc302372a081c0bdc7a24c,dandie_dinmont
2cb9a4f2da8c03e16f35b46ac59c0151,kelpie
25c22dead9fb1bf09d3984b2e6ebda43,australian_terrier
1dc74ff3e3b700d8037f6670808afa85,afghan_hound
792cd4056f5d7c3abf870d72c8a6abf7,komondor
bc203c17a2664449384299ab1e19773d,entlebucher
1e998f09db4f87eebc1fd5cbafd4aca7,golden_retriever
ae9566fed2f45407a4282a6677652c0f,saint_bernard
94a513cd73ba792bc888b644541121f0,wire-haired_fox_terrier
cf67eaba9efa7e9af92f8b0356ba02d1,entlebucher
33ccbf132cef20c28a65ae5e44defd58,miniature_pinscher
5d3645c92679b592f0f76e2040f2d22d,labrador_retriever
287f86494e176daaa00b9a3b1b2e763d,old_english_sheepdog
a49151672825eab94674d8dff6639f72,newfoundland
6dc34184e9b5106696841bbf947180fc,malamute
bdd0ac143814012a86b6c23ef16a3094,norwegian_elkhound
ff47baef46c5876eaf9a403cd6a54d72,sussex_spaniel
579bdeaca5d3995be8383d74e48072ed,bluetick
eba058daca887257dc71bfd2a0267d29,german_shepherd
10730dfd280bb4b2723dc677378f2ff1,boston_bull
dd8e6927bc7beb0b332ecd443c4f9a42,ibizan_hound
09fc0a4acd13c78c02cdb251f193231d,walker_hound
fa6247111ff3f3cc66713b4bf7c7d1b9,great_dane
cdc52aa70527d1ce57c1483f6a61c482,yorkshire_terrier
f3e1cc6183fe3457dd644320d730b3a4,entlebucher
e552addd2461f8a62e9691fa26b21370,bull_mastiff
abbb0aedbef9d47257f3577ac3d1771e,chow
828579775c50a6a9f32531d9cce2cbef,lhasa
912a0d50758238e3be7ee4089f529a25,siberian_husky
e67eb5ae1ff58374b0e07398d5a0da5a,saluki
eb2f7c626e517b63a1fc07577d8db675,newfoundland
f72944994eecb182f41456a820149950,pug
b9d2bc5ec2a7ef1468378711e0cb6bc1,bull_mastiff
2e49b9af84950adb14509faaf6673d8f,bluetick
a307fca579f19edcc2311fe216679c37,african_hunting_dog
7a3570346994f3c37c45f0acae101551,scotch_terrier
0b57520c27ed32bc21e35c38cb5dd268,italian_greyhound
caf73739fc74fdb9f27db7f14a913ec3,english_setter
04e370c8510638ca969a716822444085,komondor
8fa8a4c1355b991d8641c8fcd471e9b3,saint_bernard
a1dfedd16f94ca093e79f93f3eb6e03d,samoyed
7cd10b897b755a301850e2328a2dba4b,shih-tzu
c259c58c68675139297a4351963628ca,keeshond
0daad4c8568dd89f295f6c3837b772df,silky_terrier
cb862ba8dcd6fc9ab542e3cdb10992ee,miniature_schnauzer
1383bc8b2db4943fafe13b7f289f4a03,curly-coated_retriever
f88b18233f76dcfb8dc49ab1820fa0dd,schipperke
f35fd9d0193122c919f159e41769a4ca,leonberg
2de892b241aeab50aad28c319eaebdbd,weimaraner
99f66bd73ac12814fd9bd2c98997a73a,boxer
c7b05bd8992c6c7653e219d3242c01c4,pembroke
591cc143109ad6f036d26688cc6bed1f,japanese_spaniel
67dfbc507f0d2136ccee8d30b0df3d2a,bull_mastiff
79a123def8d177430cd02931565c5f25,bedlington_terrier
a4268c554ba77905c520dd76d061dc35,kerry_blue_terrier
a8933b557e35f2ee5405febf10fa0e30,flat-coated_retriever
d76883e92e76966fe382daa2ff57afd6,west_highland_white_terrier
448a19d0d6e8297339b42a2f51e824b2,gordon_setter
eabda7b78d4f4c71ad5686ca1589e8ad,pug
d414d4fc978a4129a6230b03c99333f3,old_english_sheepdog
852b9c2a1af49cea2fed90f8eafbf0de,rottweiler
bb18d67bd3491334e88519ae81586b9c,appenzeller
0b30d48dd2818cdea768d884623e8c2a,toy_poodle
d8ba24f3c900cbc769a3b1771eff8251,standard_schnauzer
dd5a3c84fb3c388ecf0b4da61eaef352,basset
7e8e985373e6db3c52c2e1f8c1ac313c,pug
f9a1339b0ef12e47ae875a86cf91524b,dandie_dinmont
70ea53f50ea3d738665ecb2771f95c49,schipperke
c54aa01f89ff36bcf5426cde29fdc944,norwegian_elkhound
463096b3e8cf468cf5285b8673316870,briard
41ef9f24fe52597681730159ad645063,chesapeake_bay_retriever
4b532a761edf37dd9898b6bb7000476a,chihuahua
5dbe2651396ccc76532a97e5f20a872b,basenji
94d9e41e7e54cab9fad00dd7d9f18ff9,german_shepherd
6b5d909216e2d5d6e25487777ed32c29,scottish_deerhound
169db2d825a1bdeb5a576ab746812936,ibizan_hound
dfdd8b613bbe040dcd583ff89d71aeda,malamute
6947a4e6fd39300775da2423a5bf4e14,cardigan
51ef1373e9b45f69fecb67bbc1d4406b,english_springer
370c9147b17e9e55e645a5c0ec21dcda,giant_schnauzer
648a8e6fb6ce37317220f1f5bdb46fdd,mexican_hairless
9f7d62f1f74eab82149843a32ff8ec9d,schipperke
36f76ae74fb4e8bef59075574251a922,newfoundland
21a2b151100ddcf57358fa0442aec8b3,giant_schnauzer
35a0bcee4ba829dfe6806e31a8337ed5,malamute
120c338a78b113785c31e4ebf11d229e,pug
5549cb4cbda46266c84655109b020331,papillon
4fa32ed2bb2318b674141defce2a0900,norwegian_elkhound
aa52399aa598792ef63fe14828660bc3,toy_poodle
7a2f4742b8b63e57d02c6b116d885e5f,irish_terrier
d8611e2c4409411ea1cea007e2c456ce,australian_terrier
152aa0851b6a1349b99044f16eadc59d,groenendael
24d2e86da970f0c7ab50314a5cb2a5fd,cocker_spaniel
3e61153c345d0ba40a2fa9ea3f900dfc,whippet
01b849a7e4fbc545f6b2806cb87ab371,brittany_spaniel
2c99c9ae27d34737a092ebfaeb791648,scottish_deerhound
d8f48a0fd6c36ac06eb1fe4f1b8d5a83,cocker_spaniel
86da61ef74981730ff766ed0c61e8ffc,redbone
9215151844a0caedca69036cc1f574fe,yorkshire_terrier
2593df463736b5642ecee1db418d9a44,whippet
5372ce11fe19b19be54100297154bf77,rhodesian_ridgeback
219a919735822e98d89cca96fd89107b,siberian_husky
379932cedeaba8c3bc3661a16560036b,sealyham_terrier
f01dce3264ed34d681815a9d0b03f7fc,english_setter
a26037c6c5c90dbc2cf50d641e366e19,old_english_sheepdog
02c48781eff39a66ae6dd8626e35809e,irish_setter
dd1b3f07d67fc801884d25d085441f06,cardigan
6620cb2082fd57c0c56f2e4903b5339a,basset
dbf58e6de2a26b9f6f26c1c8723af964,japanese_spaniel
fa607eaf5aa5a95f58a6c43df1147e07,wire-haired_fox_terrier
1758bbaf1dba23fd418911be2a2becc2,entlebucher
1bd0028d5ec833dd2122122eac4bab0f,bedlington_terrier
b7b17e7649e3c85654d9e79411de0730,pomeranian
8630ae207e436f43f8d2c07a705f55fa,standard_poodle
9862df0bfdc859432fea16cd147ca02e,english_foxhound
16052ac2a6ff7f1fbbc85885d2a7c467,lhasa
669d0c285f652eb96a97f45b8c7f1bb4,scottish_deerhound
5c9cb6499e5ba2559dbca47cac46536d,west_highland_white_terrier
33d84db8872f7ba0877f868a0b341554,brittany_spaniel
7f43f309e6e7110b37259d6a2ccd70a3,italian_greyhound
f5b981b89e40c702cbaaedb8b9fc7739,standard_schnauzer
d9195974648b224678fb0ef0b86007d7,blenheim_spaniel
2f3c1a9187f1efa78606e9bef3840d40,labrador_retriever
5806f8f446366e2c5ebdf8c1801fff91,chihuahua
566adbe64cf98307231658cb834cffb7,shih-tzu
09a1ea62ffa4b9389c03162bb0b0b572,saint_bernard
10f1d53bb20d5acc7c8772018399c238,dandie_dinmont
d8b283801fa52bc167acb47c554e18a5,affenpinscher
8d60fa3151beba31a2d32ae462166d83,blenheim_spaniel
844dde39a9e8987e510e8d46ec4da714,rottweiler
084c4f43ecc2630587de6c3e543525c3,shetland_sheepdog
cc7ae3da3bebcc4acb10128078cdf29a,vizsla
129cff4506469af7863a6e30c9947a66,basenji
bced88130af56fd6d8ae65564e3dbaba,toy_terrier
0f7c817dd5f8b8d6b57e3b7f3e2f4f56,welsh_springer_spaniel
d198ac3fcba64d6a3996f42cc13b6465,beagle
298484d02269df72a0776e5a0bf76973,groenendael
fdfcc3d2e40970fbfb8521bd29e9fb4d,saint_bernard
193febd185d575924192c0f989076cd3,pug
1381239a87d5a97caab8d0cf72a06e75,giant_schnauzer
40ed132135fcf61e1ca97617ad290042,miniature_poodle
0d30e235aebdde78be6e2a59becb582d,golden_retriever
b29300592161bba7893ceb5fc9dbc75f,wire-haired_fox_terrier
eb0dd89eae4856af66b34d736e66849c,italian_greyhound
601bb80886380047cd3b8ffdb9654d62,samoyed
813c490609f7b3aab070ebb1d110e982,chow
91d8c78f0201eb7620fe1cea512ab108,afghan_hound
f111b639af2c7bd5e7e91e7595913894,french_bulldog
242c1504139ece5b84e93efcef9b322e,malamute
739b1b527f48a231b116ed0a663c9b11,groenendael
fdd4ab27e77fe219d73a83dbb5123f97,welsh_springer_spaniel
de0966a23cecbb9f481714b059c8bcd3,english_setter
57ba75d115d52955bba845c013399146,borzoi
9fe57edea044ecd8bfa235f3644cf05c,french_bulldog
5acaf48e3098da78f796a5e7dbff5949,french_bulldog
256aaa88bc44411757ba3eb431c0db94,giant_schnauzer
2637cc0c82e54086454cd271e2dcb61a,italian_greyhound
6e61626e3af3ab86323ffdb883086d71,great_pyrenees
9d2451f69ee64a6d605739f98cb627d7,tibetan_terrier
cbaf3cc8691cac3a27cdce406a7c5dcb,border_terrier
e0fd9680fc1183c6c2de18e711192fe5,shetland_sheepdog
cfd115aa91d1b341574869fd5b9a1afd,appenzeller
7896a1b868e18ec4b78557bd33d90c40,pembroke
46f1a09f8f3145d5cc008cf100d53f98,leonberg
e79c6a88cf8da397ee67235a04741f2d,shih-tzu
7a11caa83f363f20ade587ee2a6b2e22,irish_wolfhound
1ede5aa5f18e1ed971b129195976b170,ibizan_hound
d8e39c28a398072fb76193c402f20405,silky_terrier
482e38ca587e19af6e2dfa5532da7347,entlebucher
43001021a32eba308d3653e811038a55,basenji
fc77bf555c892344771a2c6714e72659,rottweiler
efd68fb69d154ed0ff2dfea8f782f0d3,brittany_spaniel
f21952d038bd3c41c89def1a1d92385e,flat-coated_retriever
8a248f8b155f9a7f65ac7a5c9090cc5a,standard_schnauzer
ec3985e4104dbdb2b4628ed9379d1a56,samoyed
af5f51e5e660d9e0459c81d621dbab6e,chow
74089a7fb8250cf5581ccdc2dbd06876,soft-coated_wheaten_terrier
19836230f52797b4d2221ca670ee6db7,american_staffordshire_terrier
57fda829e67df9e2d94dfe7441ea611a,australian_terrier
ab455404c9b1970f6bb4957a2b92f868,french_bulldog
1476da6f7fc9421c8ec3c0aba6b3e1bf,black-and-tan_coonhound
6ccb200bd45c6f2a408817d6324a7b00,irish_wolfhound
98c91e68395f3ecd645b5b21987a1a4e,standard_poodle
fd64b07c6c3249ae625564fc111adff6,malinois
33a255a956f02a591865dbe9768eff77,boston_bull
fa3d5cedd5c63e5cc0c04acadf95cb35,basset
0360d42966d191a5db4c4bb2e8c66229,lhasa
b3f01d9493c18a2a4a41c7a4458970a3,standard_schnauzer
506a99e47ac5d4bab7b2ab958dbf3146,beagle
a57766c60a23dedbc29ade3517cf544b,staffordshire_bullterrier
c2b94313a6ba125f1b7839484e08ba00,maltese_dog
48959db869cf729dfa70a77550b3e6ee,standard_poodle
4b71f97031a0e5e0a4056fda372c1ba4,miniature_pinscher
f7be7c1d6af9e654f16e6d74ea63a8a5,miniature_schnauzer
9ce9349cf6b83af44056f47fc340372c,italian_greyhound
dbde111456535431c6caedfa5b8c8dea,vizsla
c750f80ab143fc7e82843db3722be53c,shetland_sheepdog
c713df3041d37a0e82f266fc2bfaf1e6,schipperke
0b86485ef980b0b4999e7ede1f90999e,great_dane
8f7a434e4b09857f30c6a35056cfd5d1,saluki
7f5bbd80b4f81731d136cf04497996f0,miniature_pinscher
b4e88d85a18d11b8543c8fb53feab48c,chesapeake_bay_retriever
85b52132e0d56881b16d301fa09f1092,border_collie
0a96f376d746b191fcc6e4812a603f7f,dandie_dinmont
cc315850f2853fd4e63220e774672ed9,african_hunting_dog
7132f29cda3823956bd8f246a16faba8,norwich_terrier
4873e3125122daa9d24ce1be0266bd39,labrador_retriever
8ce5703ad6a594ab9ba7540964789fe4,black-and-tan_coonhound
dabc6c904d23d787b5ef8667a68ef200,english_foxhound
bc408c0d39c5c9c8e184d83c45ff891a,basset
afd5babaf9bffa52667c40b78375e7e4,chow
e41d436e4f76b4c13a92abde03ae2721,irish_water_spaniel
2cdc6e481ee1cda57fbd96be6ce6cb8a,chesapeake_bay_retriever
0f976e55b3634296183b2b1c051d5bda,yorkshire_terrier
fc11c7fdbef74c3a3d8ea731ec48861a,standard_schnauzer
4489eec52914eeb22028106f61a09fc7,great_dane
42bd3e15f7b7966c0890cac3288e980f,west_highland_white_terrier
46135053e19800f8af958fb32ef11db2,beagle
3915c90aa4d23a5562accab744902269,newfoundland
d2181ad8aa2f5fe3f6ef63b0bae7cc52,kerry_blue_terrier
eb40629be9b4a1676e2277d19c43e4b0,japanese_spaniel
4042a82105d88638a0e7dd2ae2f6710a,samoyed
3079b03c1a9b9e2b986f56f66f1f71a8,norwegian_elkhound
ad344f41cef114ad6a1705fa6dc5dde2,weimaraner
d8e25785ba02df22a6235ed9fbafd6a9,great_pyrenees
6adaa30520d885ee73e47f090b24851a,australian_terrier
20b56b811f633f8391e81d59c00e758f,shetland_sheepdog
1c4b1ca01852b8ff6fca6debce1fd229,siberian_husky
d56ed1a1f310a47d3144cff906869f6d,lakeland_terrier
9a4cdf5ff66e73284b449dcc7efc2f51,rhodesian_ridgeback
88c0df28f7f27a13e48632be87111a53,giant_schnauzer
c93866c94f2fe0faee7f8aefe1145e2c,kuvasz
b084d252acbffe3520120c45314ffeb7,kelpie
d47fcfb7f8b4de12cb78b54eb1c62dcb,scottish_deerhound
261a03537305027b4fbb4d03765ee18c,weimaraner
980ecf1bdb0d8d48093f6a83a9b349a0,brittany_spaniel
2d43d94c05bc9f45dec6d50ba85bb880,australian_terrier
5e27542c1da54fe48d0e9aec00e3c125,border_collie
4efcc6dbb599d561098394d4ccc4cb73,bloodhound
61ed92e20581e6de8e009209ef7a7cad,cocker_spaniel
6aba454aa04923b780477f24f80534af,cardigan
fe76cbb5f172387f6a5b72739852d608,scotch_terrier
76290f345b8ad1f7bb4b1f5167b7b3ea,sussex_spaniel
8deb39440ce06c0c54895334e556e421,keeshond
a66612b2661939992858740f88452cd8,kuvasz
7521421e092333c78d6b9dc2e189e659,toy_terrier
a6aeb00d5829c0e2a5c0c4998900bd8d,blenheim_spaniel
d9bc4f2038e12bf6cba88291d59e7307,newfoundland
2783d9ce4fef1ed1274d089be06d3d3b,collie
7889edf05a5af5ad63b08764ffead960,irish_wolfhound
3fa50a116915d4cfa704f04c0e8710c1,scotch_terrier
2d57a95602b1c4eb11f9d47e5760935f,african_hunting_dog
819940dffd7ba189b45a4aa8e06d728a,schipperke
f1f03709a6fb351e6255cabc277c5fc4,dhole
e00130d97b9b4073e79e0aed53fedc3c,irish_terrier
39c48ed253bf29d886f69ecaf34f9e6c,silky_terrier
223521c726f4d2cb258cb8b1038d8236,walker_hound
4df195375c22e969db40b46ab7e7e6df,irish_wolfhound
11de51e128d743d0d40dd8ce3b4fdb92,old_english_sheepdog
6115ccf34c54bc23ec8daa15c2eb6ad4,newfoundland
41ea18e619cb6a3673ce86ea8e0f2f14,afghan_hound
22a48dbad1b0f7d0e7d37b0312dcde2f,border_terrier
70ea560b60e663defb49158a9664ef5f,doberman
5f11c3406c4778ed1f2284c6817fe9aa,wire-haired_fox_terrier
99e2a7f2e8b397cea5ebb113a1fd8438,redbone
9781621d2b39b78b12cd1023e6bb1e69,maltese_dog
156a5ab6d4cfe64e10f38af83f21a30a,vizsla
fca387fcb6630ae11536b3374d3b2234,whippet
6f9f76d5b090ee0691154de6cbc70c2f,pomeranian
7c81c036681a8b60fab534481c5719cf,border_terrier
37b9633e115cca01282b85db6f9ea20c,doberman
b0405b307aaf230933f30af5f4b52bf5,bluetick
e7faa5748d8320f604aeb3fd5bbe4ab0,saint_bernard
a8b9ff7ca06057bca49a48efe93487ce,rottweiler
277fb3822b1c07eeae9346ec61c99028,clumber
ac7499729040d6037a2aac17f0466451,boxer
428f2a2e28c441c2fd439606def8d12b,irish_water_spaniel
0d579f92d60935a54aa6dba6e6213257,dandie_dinmont
d04b64a9c43afe278479d36e0f196bc1,irish_water_spaniel
a67ec52536eb7e8c71c9c9d41b9f1de2,german_shepherd
b2e3a24c98822656f3db28f6591b2b14,rhodesian_ridgeback
345bfa49a83d1bc253151729b951b589,brabancon_griffon
018aae5768833c34e3df30d63429251e,basset
2cf1754ae1696b36d07bfe6f5b48c3a8,boxer
5683181d8388c19f7ad6b08804506194,greater_swiss_mountain_dog
a234febaeeba77417fd731d9c5d3a692,scottish_deerhound
d07c7895817c3baa1ac25753d63dfc53,english_springer
57f254d015320a60359b7630dde4d4c6,bull_mastiff
6e9fa5651852b77caea00941cad23f95,bouvier_des_flandres
c2eb9f929f297504755132d03e74e009,komondor
bfdd93b11d5e4e0df2566e4344838488,german_shepherd
94a59b2c3c297306245312eda9c83f98,border_terrier
ec02eb6e9f6814f7d0f9dda0f642260a,vizsla
8806c582754ce2fa439c410e1a2dd8ef,chow
490ed36403ee275e03d8cd6766516c09,american_staffordshire_terrier
02777bdfcf9f1a593af768e6616df4b3,english_setter
f056299c0c659aa73947f76837369a9f,lhasa
1be0f5da239e9c76a8b3693b2ff8c67f,rottweiler
bd77320f65faa0645aeaca3939aeb856,dhole
1a8d6993ec28618571b26ab7fa7d170d,welsh_springer_spaniel
721923e4176919cb4ab0b6bd9f0a683f,scotch_terrier
a80e292d5a6eaaa6b3114a555bc9f221,borzoi
93ab7f7688f5f974cab9bd3c43d5d726,saint_bernard
61b436370071bc7c7d26a9482c4f2514,standard_poodle
49e799f01da4a195a96477fe763b4aec,shetland_sheepdog
9bf8d209bc22d6bd10ca8a53c3b25c4b,german_shepherd
f5bf73d1e0ef05b8c5fba19d051fc9f1,french_bulldog
c66bea53a3b615683a2248d664fd3813,boston_bull
0345638400c47bbd920474672562077e,scotch_terrier
94375abe500e8a5797b25db22ec1de06,norwich_terrier
8ab20216cab9e31dc00d41cf65ac0db6,bull_mastiff
3d60e2cf5ca788f1d06ea58a123b38b9,collie
53c2a1da882f6cf57b3843a8a12dd677,english_foxhound
c7ac8dc219cb3bba12deee6e9778f5ba,wire-haired_fox_terrier
5018a19a77dcce36261df1c5c7db8d27,kerry_blue_terrier
224756c99191ca99b8fdb88e445d041c,chow
4bc4ddb7cde7f2b75154dba3763b93c0,tibetan_terrier
a647794848794ad6265f069e56753dee,redbone
7549b09f27526a089e67036c31d99b08,sealyham_terrier
af25571106623e3c34d260cda4bd3096,boxer
f5171a2251d123f01566ace3a1107754,whippet
9f784b4b261cfb7b398126e2077a997b,pembroke
bbff9ef9066d365c1042805e1179f0d9,pomeranian
480ba0fa99c410160b35619e9336f746,saint_bernard
807b3724a4943e2f6ec5b7cc41b2cf8f,bull_mastiff
3ae7559ae8f1afcf304224497228ce8a,appenzeller
c15d94d9d6a8167fbcf4b81c6938bc93,great_dane
ac0daba3a690ae7e0aa3ceaee2cb41a6,chihuahua
da2967ce6869976d50ff6dfcb70e1381,labrador_retriever
61ee3e61d002e571a3066ab8aacfad0c,toy_terrier
2b3f0db8fe521cb77031a709bdff031b,bluetick
09288e5c39391b780412561163b10bf5,afghan_hound
1177d2702335c889d4c1456e45e3d2ef,weimaraner
a8965b5b9649335721b516e0e6e67122,scottish_deerhound
c4adaa3d82e0b13abb349cd00324c85f,miniature_poodle
b262b17b84dd3887a6e3619e82474b53,sussex_spaniel
bb96cd63e11e044ab9051e578b6332a4,chow
9ad048af1f80e335fd8e3e719b0269d2,cocker_spaniel
89031b60e3aea5f7c320997ee441bc60,briard
818091f88618b285f4dd3f575e1dc74d,tibetan_terrier
40ab8e66259f5db5507270d6dbc6f38b,cairn
911abd1a39cdc943dc4b0b5d3c19d86d,siberian_husky
93870e5bf9d1a2efe65d010ab08173f1,silky_terrier
ef14fa3af6b0cfb89b4e0ec98f75e586,english_foxhound
94ed2c37498d2189871f18e377843b1d,saluki
1c0d254ae49836d3365bec5e9f663550,maltese_dog
3c8b026a371181f328fb94f5c133b21e,samoyed
013f8fdf6d638c7bb042f5f17e8a9fdc,tibetan_terrier
e88f4a70305e582965569c4ca91c34b8,bull_mastiff
08644ddaf5a3ca7f08fcab7561ec4eea,bernese_mountain_dog
0cb5839c82f7c1286e55f260d4e608c4,standard_poodle
3840bb3ba6180a8d42540061cd28ed18,chow
fa5296383aa39dd516c2f5610c6e71b0,collie
b103316ae94567dd01890e7fbbee90e2,cairn
259bc30c8e5754ff9a8459dd75eee994,brabancon_griffon
cb3b74d4880e9cd8fca333daa7f2aa73,labrador_retriever
b0f80934881f210a6cfc50e425660ac8,australian_terrier
6aae9f70dbe1507eff5b79f6d4c77ed0,australian_terrier
3b1c9294433f37b1c13c84ea74f08d67,schipperke
5cfe4cfc9790c8bbacc4bb3d739f2d76,golden_retriever
c072c6274a441701d005c42d17cdacf0,irish_terrier
19824021ae3bb47d0ed1069c78633c6c,dandie_dinmont
a8da1804e683a16557ef4dc51b281399,chesapeake_bay_retriever
514be7edfb314e3c19c755795b9fed84,airedale
a8aa5d6471ed25275dc461acca233221,kelpie
cb555b3a480130c2803ead9c1336bda5,kelpie
2efc1bf43b1e4beaebae74f0cf80dc2e,silky_terrier
3a5ee5179351ec35c761ca460a6ffa20,pomeranian
770c67d2d1c05302c985a8fe57c24f0f,black-and-tan_coonhound
13c7c6b47b97b9f0a4591fef29893436,pekinese
b0bbf2fba6147815e11b198902e35aa4,lakeland_terrier
113ef2bb9e14d89f927314f73d573313,maltese_dog
c9579c8fd920a1e698c696168946a83b,eskimo_dog
05bac66dfae763fb86ab6360bd3c6f5f,kerry_blue_terrier
a368664bc35a0afdb7963bd5bff0b603,irish_terrier
7749d60e894cbd4d018c4ffd960d4e4e,briard
d9dfa1ef019b07ccbf09deeed7093cd3,redbone
df775558457f8fc42f50a1b944d89328,basenji
51580a06bd63bfb54b6df8a1fab282d9,great_pyrenees
9ce66abbf81462439d6dd6805af1d9a1,irish_water_spaniel
2ae0c93bbde7a8f13ed5583d97352a83,border_terrier
818978a64d5dc3e05a6a0c0b97a154d9,cairn
ea9e3ca803a028a17317345e4fa75135,cocker_spaniel
080ec59213ed7425b7f8c169955bb9d0,japanese_spaniel
24f0dfc7352681f4572fe72514c5095c,entlebucher
8d59450a985ebb3790c70d672e616c68,yorkshire_terrier
c4b4a3adcb838be6d9d9fb5fd9304101,maltese_dog
b48a7b5aca76a96057c135f5f968ded7,sussex_spaniel
0c71084d955bfca989d865cbcf8cf8ae,japanese_spaniel
b384e91febd6cee8aff2771939794777,chihuahua
b39551fc6a24b76d219c3244b587a2e2,walker_hound
a16e005757d8c4f1e9bcce0050a35e41,english_setter
cbcd2646088a01dce9e5dbabce5aca3d,entlebucher
d0424ce62287e709fcad3cd5bf978378,chihuahua
c0a34f1fd1f8ccc767a5fcf9a5763e1d,schipperke
cc761b9fd55bdd6ab132b44a9b77a7da,basenji
2cb9b87fd67c86fac4bb81bccc852f46,schipperke
ce4d01bfae7a2486db3f55813347b095,old_english_sheepdog
781aff4e974e88a2677fe0dfb67b4f84,old_english_sheepdog
53393a6f96186b5a8c5e51ae25d2ddca,lakeland_terrier
bac48c1d1224be5945c7a0b823f919b6,scottish_deerhound
9d53f7360ed130a897dbaf560aa0650a,doberman
96e2ca5c370468190471ddf41514170c,pomeranian
38ef9e4d9065f4d8a7efd44d0f83ef08,standard_poodle
40359232263bf1d80a0759ac316a7734,bull_mastiff
55e9208786aa0f30ef6d1c92a2624d91,australian_terrier
8665d7a2c337fc178c60f0a7733594e7,staffordshire_bullterrier
386c9ef54712d0218980b38219378ac4,great_pyrenees
c7d3cc378059bdea113257eec7302f32,german_short-haired_pointer
515d4bc7bd9aac40d0de16b4bc345543,old_english_sheepdog
0a86c8b48bddb0155645f3a27f48292f,bouvier_des_flandres
b2e1a5fd7eedab2fad957eed10d66733,scotch_terrier
5a17ae0a3a103de1451c47e466fab008,irish_setter
15d7f26c7d32f81c204936362ead551e,newfoundland
4f15c8ca41f2d562abc45a9e00cba9d6,welsh_springer_spaniel
e54ed50db3e1079db9284bd30494de76,wire-haired_fox_terrier
f13e0ce50756b5eb78404b8ee5626c87,affenpinscher
0fa302727af44e7ad8033825cea98d7c,yorkshire_terrier
f1512dff4effc6df01f50baa1135c139,groenendael
3c688d71041c32d4f5efb52c509f10bd,brittany_spaniel
a08dd49cec96abdc1c1cf20f20f1c0eb,entlebucher
15aee288781e5c11d1f9a6983326ad9c,bloodhound
3b3ae8c92f704bf449ea4bc61866461b,scottish_deerhound
c0c60bf6e9807b71e15c63309ed58e36,irish_terrier
9384b167387012b3e80326656c3acd55,sussex_spaniel
9547e29629c4d7f523eb1366a1ab4def,briard
d20e2c1d02d16b00f9859e4c7e4d954d,american_staffordshire_terrier
295bf5ab4b5d5d18532e68ef2f28a038,ibizan_hound
da6914ff0697969a97c54571be43d561,flat-coated_retriever
0fc4930f411a11df34283f349d891654,pembroke
ca6ef65ae71b197543c69095ff46f100,airedale
610ab8fecf64c74dae5d8927187ea968,vizsla
b5a15162ac1421377d827ecc1ec0859f,standard_schnauzer
0c0fb87fb13f0f6c8d21ff6c15e3361e,otterhound
ded35f1917f66ed6cb3179e163406aec,irish_terrier
7e31a263b3fe36ad702aa0e47925df3b,great_dane
919f861b7bd4a4514a0b4b9994ce4aa1,airedale
810f18d93e924f65bc5ec1c859c38400,norfolk_terrier
9c1bb0db2b3239a8d7e44c3fa01feba8,samoyed
49e08430f091268c94b3746d4aa3af6c,leonberg
b84a7d0ce8f87e7f4eb1aead58cdef24,brabancon_griffon
85555f0d533f33bf8d38e1490cabb05b,bedlington_terrier
2b78075f0f8cca467507ca475610b762,english_foxhound
41c34721b40d1cc8b46118d8cd5c1146,norwegian_elkhound
40c6e78513ade486545a4c5a6edee50d,lakeland_terrier
96139f25790911cf399af1aef2e81b6c,african_hunting_dog
987370a40fea9e37765009a6592823be,brittany_spaniel
ca1cbf8bf7f799fcbbb0b63307238910,rottweiler
2fe74a068357a3639a9d0f911864089e,staffordshire_bullterrier
547231618deb73591ff006835eb13765,pomeranian
f28c40401e84e41f5aa4c60fea02a575,yorkshire_terrier
2db3672a67f51993259a44e702872525,whippet
3f06362327d11ca13c01a19182911927,scotch_terrier
e24af0affe6c7a51b3e8ed9c30b090b7,kerry_blue_terrier
58154ab6841198957a50526106c72d72,beagle
01268f0007876a692907bda89468184c,affenpinscher
5d650621dec7afabcd6ab8bc8423073d,labrador_retriever
01b36cb1b80ab8c3a7d2b7128ad21bdc,samoyed
727f8fa18a8668406448e9b00c52c671,irish_wolfhound
5a8902409f3b0563d60adeaf8482af1f,briard
74741ee49f94edb0e50edd8079a7a089,leonberg
dbc7b27136e58946665a82f4ff6209ba,great_pyrenees
5d61d75204f9ace78b40fc444ce6bfeb,shih-tzu
0287b3374c33346e2b41f73af3a36261,leonberg
881d49b759a56cdf1956f0015099675d,tibetan_mastiff
338359db9986698fc89157f62dbd617a,newfoundland
8ae1475b493ceb4dc93924ccdf1f98cd,german_short-haired_pointer
6ad7ade84c235148e663d4cd336060e3,pembroke
878499737e214678c2947b8b4c82a6f7,boston_bull
eff6f9f023d63b83056ee3cabd204d9a,kuvasz
c28e2f22672805efa4d1bbba93a09662,silky_terrier
164a194e9bf8819523235879eb0c2698,weimaraner
7bd0187f1b9e4fbbffc6d4e8e98746e5,siberian_husky
b3df9627c5df05fb38ae5990e3b47a35,tibetan_terrier
80ec00fdfec7ab916f8ccd769f788bcf,keeshond
7b04d01de0522d0290acffe558487d4a,maltese_dog
e05e54a99b170e04cd266a8e90aedb1e,greater_swiss_mountain_dog
4792cc9e614c5aa380ce532a2b182e16,pembroke
097ef8eca8fc340249b0bbc2b745972c,blenheim_spaniel
3f86f07cc17912038aa62c83f044163e,scottish_deerhound
6e3de72645dfce0366da139ebf3b5889,basenji
fb1f17d411a56a2740310b4c06595877,bull_mastiff
2a4e50e444cedaf3c425d16f06a8d649,schipperke
f60ad1508afefc6ce94cd896ff1cdb3f,american_staffordshire_terrier
ab588fe6350567256eaee1f93e9e065d,cocker_spaniel
601a6f7301fd425ff849e595f2cdcc28,border_collie
8ca7a862f8419c130ea73917d12dfce5,bloodhound
f58531d21504bc086aa5d0e2c945f988,weimaraner
81df7955db3baa2353e51d867dad1977,afghan_hound
1321d074e879267699d42fdca77b4004,german_shepherd
593f4aa6e9183490135356a9e164e779,komondor
7fab16b0b5722629627392b761e22e00,chow
f3c1bb36d86a8fd1436bf3ff219c8686,curly-coated_retriever
bfbe2ffaeca6aa155e09d75b750d1849,cairn
9a368640c7d925f041990f6e2e050b2c,irish_terrier
e3dac9d6f0bf998d55b310d37f5d4a27,great_pyrenees
d5367a9c81635759c63cddc526edf3ad,shih-tzu
6e82dfad17642ef4fa234b0fef9a28cb,blenheim_spaniel
273c19effa703469145fa4891d374ac3,rottweiler
7e74befcfc2c586e5ca6d25f43ae2fa3,irish_wolfhound
dd52583a6a9bfdcc5278c5d61a57b7e1,norfolk_terrier
a93e86c093b1dc0c4070c9418cf48db7,chesapeake_bay_retriever
2c5e1a46763f9769924089a9f3616ffc,lakeland_terrier
f94a145a3a291fc2c535d135938aea72,gordon_setter
1c260556d4aa1a18f7b50a78689c92e6,cardigan
55132cf806d48347350caa4a31f0126b,malinois
044f7e60953230fa45e4367073d96693,clumber
fb0c9c4e476ef5deeb432e2326c1f3da,ibizan_hound
f9a2d5a36d32c2c1285cf46fe05972cb,cocker_spaniel
b62225a14aa1f870dd9b33c4ff4c9de4,shih-tzu
0f015731185a2308c1a85eed4e8ad728,english_foxhound
244f5f60d9c5545d414295ace9a8c15b,german_short-haired_pointer
cd12c6313e40ab559c00fda493c324d5,malamute
ad60895e22b73a4e96040d82af3d2b15,bernese_mountain_dog
67701487906aebc113f3690152b62bdf,norwegian_elkhound
a7295fb63568fc0b1bfe4900835fc159,saint_bernard
d4c2dfd1b7aa5af65cd89481fa150ad5,brittany_spaniel
424b110908fc9d0a236d900a598fa5b0,brabancon_griffon
6702f6c6b4b6a64f4b16364061cb546d,boston_bull
401756f7b5bd79cce6e7c0c9f973d196,pekinese
a0f2fcabc1e9c57a62ed2b546619966b,afghan_hound
9d267017b07f6eac408bad624f205484,keeshond
502ded707191ee7301ca50cdad0110e9,kuvasz
dfc362b94e5653a508ceaf63d6b1ffa5,otterhound
35cc113cc5807a081a22317ddc0e6861,irish_setter
66ff9ad63b61820d7472752accee8919,collie
935823502911fd76718a9f8eedf7037f,english_setter
fb5898e240410c7d736548bf938bbc0a,shih-tzu
9dc1b89d30ce214f27c8a3327c2f4484,cardigan
e401d9046968cb01f5bdb97f92e61428,doberman
bfab7814cbe737f504129714fdc61e4f,irish_wolfhound
99a553328787ec86117af34870867ca3,dandie_dinmont
cffca67e3dd2a1254c356c55bc84c322,groenendael
e5271262c8e4fd79dff994f9ed711dfc,german_short-haired_pointer
e79cc376c53b8333546437ca6e5b8759,siberian_husky
3314b0fffcfb79c73c9a1019bdbae7c5,whippet
044efbf8ab3e7195b8ea3c92ef0d48df,black-and-tan_coonhound
f8ed43ad1a94147b0a53b9cb3fb2d4bc,malamute
36b5e85c07a980914b311163b9f87404,appenzeller
7e3d9d78e20a2bf4a22e8d844a6b67e9,german_shepherd
0e96d18ac522425bd231c3d8a32159da,bloodhound
cc9b4190a7063f8e92dd21ff25152643,lhasa
f597a565d8b2e0d4ff1717a7d042472f,irish_wolfhound
79f802428ab1d8e15f3b6d0d9c49a1c0,ibizan_hound
3d9097ca79754c2864a6b835169011a2,japanese_spaniel
ece3ba1b205d68f8860612f993ade240,malinois
ad0e1974ddd6973dd600f9055def0a5a,italian_greyhound
4c92d3e3899d68ba9be2165e646f6024,cardigan
45c500a40d2bc460ed48337a8893ebc5,samoyed
c9467a941ab7f1e761918f65d287f557,pembroke
b14cc2a47bd6d42a14b982c8da211aab,appenzeller
5353afdcaf0ad24196c1fdf1276ca644,dhole
eb68d9469a3925897dd1c06bbc5a40d9,scottish_deerhound
4e1fe3d6caca69d13f522e463d09c4b6,malamute
bb33d498880146058bd331d7cb6e7fda,wire-haired_fox_terrier
f843b7f86256f4d603b1768c8b16adcc,walker_hound
278b69e68354513d1dba33be8bfbe1eb,great_dane
fa4fdbc06a4bf03494884f3dcb062db0,soft-coated_wheaten_terrier
33f05bab649dca0c65d9d7abca8656bb,vizsla
450e4e44f2bba16d0145335ed80827c8,pekinese
fce950ef7cf99efcb26297537bdf5dd4,ibizan_hound
db0110977a7e472f26d3559c363cb91f,english_springer
3a541ec3eb3e077d72acf2f3a28c2148,soft-coated_wheaten_terrier
20bfa7dbc9f7b226f94f0addd0b4d141,border_collie
4f2d37638e34d2e896c74bbfe9bd049d,newfoundland
d5f0de591ddb85ac62ae785fb3e316e9,whippet
8a066dcad24606cf4a5e1ada81093989,golden_retriever
29a318650fe7abdd9f37e0d147b58e4b,pomeranian
5783b64ce4c041c603e436f27e9c7e4c,bull_mastiff
a8eeac0072bd96ade5bec1cf3bd974b5,mexican_hairless
721ff0c17974f06ea7cd909bda811a12,dhole
7caaaff799fc9dbd4f1295fbc3da564e,rhodesian_ridgeback
13267e83358116ad51bebdb1be3d0a8e,norfolk_terrier
890727594626c0fa7092624bb9261387,miniature_pinscher
189cc11eaaa9152fffb49e4fa5b14ebd,schipperke
80e133f30d0c46942517a82581be7daf,ibizan_hound
037ac6cbd9c96d70e68917aa059b6aab,old_english_sheepdog
e553589d94e2d8e84f0e20c33a8bb17b,bull_mastiff
99e92f87e797b24911992e019c3f940a,collie
15d17b41ac5230af8f31417f0a673915,redbone
ba9d74baca668da5f8f7451fe3734cc1,old_english_sheepdog
dad425aa6e2d08d0743e6ffc4bfc407b,bluetick
61657cb3669e35e9c6f4f56b4e50bb6f,labrador_retriever
6e785cf500a40087bae654ea108a39af,english_setter
1e597523107666ef5152d4006a9fd7c2,lhasa
3c1461a647fe9318acb8d3969f6f6c64,toy_poodle
0672befac9ea0c8fe82c37b5a634d87c,welsh_springer_spaniel
952ee6aa4050c9593c2bcb2baf54b266,african_hunting_dog
73ba15dc7daeb99717b177b5ae23f5d8,beagle
3ea505ad860189c14dbb73b9120a2ca5,gordon_setter
b3beb6bab59975305146110d51fc7120,saint_bernard
277aa983dcfc915b4dfbb86e6bfb3775,pembroke
d110e189aff527674e08285e7ff86508,keeshond
a88c75e47ae3388cbc66e4863428b753,brittany_spaniel
bfbc2d849ad444ce3c7d4f7b0e4ea4c0,irish_water_spaniel
6f0da929ad7f82be1c274dc0d2f56a4c,boston_bull
bbc95880ac02d4f5c83728c81ace158f,flat-coated_retriever
43c77db3424becc68da6a3d44591b2cc,samoyed
f5dcfc042f10a6a57a54d42a4a1f2406,french_bulldog
15b5949f52a4838f9fe3d69cfff94fd5,beagle
9463bed0f3812eee19c6bf929e679638,blenheim_spaniel
71ca356b09297d337b681c5f2ce57649,saint_bernard
b092be3d14897804d887ba436f9ddcb7,vizsla
d5f0bb0a30174fb308fc79df04ad5ead,japanese_spaniel
8a5349f4b15dddd7472b569e9cdd3f39,english_foxhound
1def7e0f1c00dc5407e007e0ced40f18,miniature_schnauzer
958f26d170394045f98ab3278a4f2f8c,cairn
540d23e6afd472eff803353d6af6f323,airedale
46647434662f4ea85a03b26fd10005ef,basset
c552deb03796d5f050d9d2cfd1323d73,brabancon_griffon
a2b19aba1a7dd25dca3437cc2bd769e6,doberman
43f725b6576704d7126e0e333cb1ba24,bernese_mountain_dog
f5fa365252241c8be7b95d04444d5bed,bull_mastiff
09438173067ccee8d4a1a45f2f8a8eb6,redbone
77f5d224817632147c90ec5bf47a1a27,welsh_springer_spaniel
f42938973bccdb8f6f556ea160a9357f,shetland_sheepdog
ad467c591ef2892ba9a450613ece9097,cocker_spaniel
b55c04ec49499cc1383468ac5620ae63,eskimo_dog
3568cac55c6785da3ae8ea575e46fc7d,bedlington_terrier
44999715b0d9a62e86ca5635ec531eed,standard_poodle
5a70f215ad87fac826cf0a4548c08d51,wire-haired_fox_terrier
0496d4170e295688e8d6929b239dd4fb,border_terrier
07b46335006fbbe0328aeb8213b874ce,curly-coated_retriever
f7886847e4058293245db300e17928fc,basenji
7bf6d713b08e69c2239242de30290aaf,miniature_schnauzer
19a8c1698819d382c3ead14bdc1a360b,affenpinscher
c80a85e009935022c6401517fb1cd02a,chow
30387c787edea41ec448ac6bda7822cd,borzoi
b771da5baf383aa0af9d7da9e1d6e087,airedale
9bc7f0d3198ab08ba7b7de306f4058db,soft-coated_wheaten_terrier
4364c0f457bd443060ba2029a9ca220d,brittany_spaniel
7842de14ba609ada5cf0c14854ef0b89,english_foxhound
ff181f0d69202b0650e6e5d76e9c13cc,english_foxhound
331c446e4c16a94020a99e2c934ec9f0,american_staffordshire_terrier
6b09491948499fa2131f2b50bce38c4c,cardigan
bc0430c756b298a58b9aa5618e2629ca,bernese_mountain_dog
9802d488e7a0b8b4fb04bfe2af2361f9,airedale
4513ea1eda7731594baca658f7d96f1e,shih-tzu
fa26802c7a0ff2fc7dcabb9999a6c4b3,silky_terrier
2e634379a5b192e0f272ad10cf708354,brabancon_griffon
8cfc893064157fb61fc90bf9a5ab14dd,scotch_terrier
33e5fdef03e2fb25829124953115375f,miniature_schnauzer
62a94b0c0c0c3ecf7015868f6bd392a2,shih-tzu
035f28d8ad34afaf7c8d276d6674bf8f,shih-tzu
d39ece223b9f8681bc23853cfc6412bc,airedale
325f0813e1ccde303381ead5ace929ed,welsh_springer_spaniel
0b9d58d8d2626f80bbc5cc3ccf7e8bad,beagle
f9c845c69830b3682fbbbcc3fc139b44,bluetick
fa5d72cb50d3ab87bac4bedbfd45d3b0,soft-coated_wheaten_terrier
abc50b5c5809ee3dd97022c2e1b21db0,border_terrier
24851d709a38011d88c59e7623bac3fd,borzoi
6d3d71bbfff198971e5dfdc16cbfc311,irish_wolfhound
f3c645a41e15598e326c368253d0703f,bluetick
c081155c1c31116f8accbe4c0bef6e0a,basset
0f46feccc1e3e8729fb680a72debb29c,entlebucher
3210707d7fc78b83f2394140162d44c8,yorkshire_terrier
6c9dd7ea6386769954f6f39ea755db1a,japanese_spaniel
1d90999b84c12bce58f0157fbbd530cb,standard_poodle
9ef443276459fc1a2a45ea2f3456375a,newfoundland
620bbfec2c99721f405a117443d93b98,otterhound
593a3b449fc33c2643011646a809dcfa,groenendael
6c21947b956d6d17ece6350c96a6bac5,beagle
2127333089dfdddd0de3de85792599c2,cocker_spaniel
c72a277989f49b475ebbe4fd18906370,beagle
a7ce55dc85d2f4dbf62a4ffa82bf5df4,english_setter
57bce5e34f5f57d13e8136f578a522eb,tibetan_terrier
fc58ff2eb1f57943e151704a4f061d38,labrador_retriever
9f16e8d651033662302441057134f4ec,giant_schnauzer
52f6240840c1d94b439bdf89cb784797,kelpie
4402b21a08fb21195350273ac319a49a,silky_terrier
146b732430bb63d5338fc6b7a8fc0135,basenji
d40130f4125a8058c4092f1a1e62426c,german_short-haired_pointer
e7f3274adaad369068602a422e9df192,silky_terrier
5a533f3bae76091d6866fa60ba2ec9d4,affenpinscher
ceca987bff2a3776e5ebc1e2ca54a9da,brabancon_griffon
41295c36303043fc587e791b14ef2272,basset
2ec08fcce1e1e8a126887620cd74942e,briard
8141b7ef2da931d7441d3c883ce65b57,yorkshire_terrier
c8ccf79994355ac29be50dd98eca91b6,border_collie
a3c86eed8bd50060f0d3e8d03c600087,samoyed
df3e21df71f9c3bd57b3583e34734cc7,schipperke
79bf1625004cb49fbeb98e1ba0dc08c6,clumber
04d50b0dce8b8ee9544d9602df85f722,bluetick
8befc822b56b744d72872428a0ef4851,boston_bull
797bb2f81e6d52cb0964c7d3a8b659e1,irish_terrier
f3c0501b67da21916640efb617967dd4,malinois
d03d4df9ecba147112407209140e0f78,bernese_mountain_dog
29bea12d15de7705ddc0e2d1d8c95f6b,american_staffordshire_terrier
1aa93eed3e45396d5fb4397821160317,japanese_spaniel
9d59793a5c249214baf030d2f6cf107b,chesapeake_bay_retriever
8285089151a7b4b24ef8b1f8e9a4dc2b,papillon
b57f4d8d01aec87fb4e257b1e265ec38,american_staffordshire_terrier
4ea20d09a89fb02ac592bdddea31393f,sussex_spaniel
f0ede8a20fcaded1594e274d98670e3b,brabancon_griffon
3a3d8942f7014c126c0c1bf176d0d1a3,maltese_dog
1ce8e4d2e4e941ce9045bdcb9c884ad3,irish_setter
b0cbfe76d07597b948782dc3c74cdf66,great_dane
adc5daa413e246287aacf9b7f6e16d36,giant_schnauzer
ffcffab7e4beef9a9b8076ef2ca51909,samoyed
d30bd9a646de2550045bdba1c2f96c0c,bedlington_terrier
2be75da18d88312d50c6237ce86786d8,saint_bernard
5bdbe3800811ac8682d8cd93d4c7b5e2,walker_hound
371c31284ee558e36c03ea3b7c3a0afa,miniature_pinscher
1143bb719660680ac0174ce68dc16773,schipperke
9e9fe3cf8953b8f7c237bd44a688986d,shetland_sheepdog
eac45b011f55db4480995fb0643c54d2,scotch_terrier
dc19a7f22b2f78763083633f21db6602,afghan_hound
db14ac3935698082d5e1424f1f52f0e4,shetland_sheepdog
4c6da6c09d585379ac648979180aec89,newfoundland
e342333b4dd5d53c4720bb69b72cfe4e,silky_terrier
0296633efc21006e3ce2af7eaeff04f7,irish_terrier
2863e072aea4e523bb7503e1aaa951b9,great_dane
e82fa6e85fd570b2f766635eed62fdf4,irish_water_spaniel
1b8ed338ec992b0f951a165dd4d53336,welsh_springer_spaniel
9a80f8a8f25112a363b0456d756de93e,miniature_schnauzer
4b759dcc36c1884427b4984926d05582,komondor
b8ebdd7228a8cc54e064aedfc5860757,sealyham_terrier
c22aec850a32b0963304741102b70cc8,west_highland_white_terrier
00ca18751837cd6a22813f8e221f7819,affenpinscher
bc8fa54fc7dba62820098ab089ceddaa,border_terrier
754b8255e5c1580b1d7c8e1bb8e41395,appenzeller
e5470144eceb4e454681874ffe3e7e78,miniature_schnauzer
11da2a7ad0326cbf4b46da32b1b82bc6,miniature_poodle
ec3445c0c4db2d219b2377cb0eb8f3dd,airedale
4d60034b2d3fe176b6339e23e018e536,rottweiler
b1e04e72134f93f445ebb10a1aa7c20f,staffordshire_bullterrier
62e486758df361fb4dd2748e57924737,lakeland_terrier
7d99103701f128d7b3ed24bdcfb6ec25,great_dane
1d499d102adc9f6b8b660fbe96f57d5a,dandie_dinmont
3e0a4d4a13e170d406d4e48aee99fec1,whippet
00214f311d5d2247d5dfe4fe24b2303d,bluetick
38e4bc2c69d8e5a3abd387f3707d86de,pekinese
8a495c14b27b0b2da5bbfe03b2fe1a0f,irish_wolfhound
3543369eb16354d73ec9a6adb0b69e1f,leonberg
3c75e138214ec62ee4a584050f110c5c,bernese_mountain_dog
24e7bf04f7cdcb458585ecf4d7a24529,miniature_pinscher
c93de7c42883d7819fbfc95914ba6493,border_terrier
697c02af147cc678663e9ab641e86a70,saluki
856724e3772971c35b3a119208886e25,australian_terrier
c443f3ba58dd6a986c974b56b1f1cbb6,newfoundland
92d66c4265d4697642d27fceceea8dd4,irish_water_spaniel
c0f768f1265e116dba127a8f904ee376,miniature_pinscher
0457342c36e7e7d103fa4b286a1d62f8,english_foxhound
7539976d416b8f178310df9d03538c10,toy_poodle
92dc766692d8771417ada42a2bb4fc5b,papillon
a1891d8dc13175e926eeb5a217098755,old_english_sheepdog
